Lemma;Wortart;Genus;Artikel;nur_im_Plural;Level;Frequency;English;German_Example;English_Example;Clarifier
ab;Präposition;nan;nan;0;A1;86456;off/from;Wir fahren **ab** Hamburg.;We are departing **from** Hamburg.;
Abend;Substantiv;mask.;der;0;A1;1607;evening;Ich wünsche dir einen schönen **Abend**.;I wish you a nice **evening**.;
aber;Konjunktion;nan;nan;0;A1;120754;but;Ich wollte kommen, **aber** ich hatte keine Zeit.;I wanted to come, **but** I had no time.;
abfahren;Verb;nan;nan;0;A1;254;to depart;Der Zug wird pünktlich **abfahren**.;The train will **depart** on time.;
Abfahrt;Substantiv;fem.;die;0;A1;133;departure;Vor der **Abfahrt** müssen wir alles kontrollieren.;We must check everything before **departure**.;
abfliegen;Verb;nan;nan;0;A1;94;to take off;Das Flugzeug wird in zehn Minuten **abfliegen**.;The plane will **take off** in ten minutes.;for plane
Abflug;Substantiv;mask.;der;0;A1;61;departure;Unser **Abflug** verzögert sich um eine Stunde.;Our **departure** is delayed by one hour.;flight
abgeben;Verb;nan;nan;0;A1;705;to hand in;Ich muss meine Hausaufgaben **abgeben**.;I have **to hand in** my homework.;
abholen;Verb;nan;nan;0;A1;242;to pick up;Kannst du mich vom Bahnhof **abholen**?;Can you **pick** me **up** from the station?;
Absender;Substantiv;mask.;der;0;A1;73;sender;Wer ist der **Absender** dieses Briefes?;Who is the **sender** of this letter?;
acht;Kardinalzahlwort;nan;nan;0;A1;12778;eight;Ich habe **acht** Äpfel gekauft.;I bought **eight** apples.;
Achtung;Substantiv;fem.;die;0;A1;421;attention;**Achtung**! Der Zug fährt ein.;**Attention**! The train is arriving.;
achtzehn;Kardinalzahlwort;nan;nan;0;A1;84;eighteen;Er ist vor **achtzehn** Jahren nach Berlin gezogen.;He moved to Berlin **eighteen** years ago.;
achtzig;Kardinalzahlwort;nan;nan;0;A1;77;eighty;Meine Großmutter ist **achtzig** Jahre alt.;My grandmother is **eighty** years old.;
Adresse;Substantiv;fem.;die;0;A1;260;address;Bitte schreiben Sie Ihre **Adresse** hier auf.;Please write down your **address** here.;
all;nan;nan;nan;0;A1;2522;all;Ich wünsche dir **all** das Beste.;I wish you **all** the best.;
alle;Pronomen;nan;nan;0;A1;54385;everyone;**Alle** sind zur Party gekommen.;**Everyone** came to the party.;
allein;nan;nan;nan;0;A1;3455;alone;Er geht heute **allein** spazieren.;He is going for a walk **alone** today.;
alleine;nan;nan;nan;0;A1;308;alone;Ich möchte heute Abend lieber **alleine** bleiben.;I would rather stay **alone** tonight.;-e
alles;Pronomen;nan;nan;0;A1;nan;everything;**Alles** ist gut gegangen.;**Everything** went well.;
also;Konjunktion;nan;nan;0;A1;5138;so/therefore;Er ist krank, **also** kommt er nicht.;He is sick, **therefore** he isn't coming.;
alt;Adjektiv;nan;nan;0;A1;70709;old;Wie **alt** bist du?;How **old** are you?;
Alter;Substantiv;neutr.;das;0;A1;4112;age;In seinem **Alter** ist er noch sehr fit.;At his **age**, he is still very fit.;
am;Präposition + Artikel;nan;nan;0;A1;1;on the/at the;Wir treffen uns **am** Montag.;We are meeting **on the** Monday.;
an;Adverb;nan;nan;0;A1;2029551;at/on;Das kommt auf den Zusammenhang **an**.;It depends **on** the context.;
anbieten;Verb;nan;nan;0;A1;1546;to offer;Darf ich Ihnen einen Kaffee **anbieten**?;May I **offer** you a coffee?;verb
ander;Indefinitpronomen;nan;nan;0;A1;44;other;Ich habe keine **andere** Wahl.;I have no **other** choice.;
Anfang;Substantiv;mask.;der;0;A1;1450;beginning;Der **Anfang** des Films war sehr spannend.;The **beginning** of the movie was very exciting.;a-
anfangen;Verb;nan;nan;0;A1;608;to start;Wann fängt der Unterricht an?;When does the lesson **start**?;a-
Angebot;Substantiv;neutr.;das;0;A1;1145;offer/deal;Das ist ein sehr gutes **Angebot**.;That is a very good **offer**.;noun
anklicken;Verb;nan;nan;0;A1;98;to click on;Du musst den Link **anklicken**.;You have **to click on** the link.;
ankommen;Verb;nan;nan;0;A1;608;to arrive;Wann wird der Brief **ankommen**?;When will the letter **arrive**?;
ankreuzen;Verb;nan;nan;0;A1;90;to check/mark;Bitte die richtige Antwort **ankreuzen**.;Please **check** the correct answer.;
Ankunft;Substantiv;fem.;die;0;A1;232;arrival;Die **Ankunft** des Schiffes war verspätet.;The **arrival** of the ship was delayed.;
anmachen;Verb;nan;nan;0;A1;162;to turn on;Kannst du bitte das Licht **anmachen**?;Can you please **turn on** the light?;
anmelden;Verb;nan;nan;0;A1;247;to register;Ich möchte mich für den Kurs **anmelden**.;I would like **to register** for the course.;
Anmeldung;Substantiv;fem.;die;0;A1;66;registration;Die **Anmeldung** ist bis Freitag möglich.;**Registration** is possible until Friday.;noun
Anrede;Substantiv;fem.;die;0;A1;199;salutation/address;Wie lautet die richtige **Anrede** im Brief?;What is the correct **salutation** in the letter?;
Anruf;Substantiv;mask.;der;0;A1;139;call;Ich warte auf einen wichtigen **Anruf**.;I am waiting for an important **call**.;noun
Anrufbeantworter;Substantiv;mask.;der;0;A1;25;answering machine;Bitte hinterlassen Sie eine Nachricht auf dem **Anrufbeantworter**.;Please leave a message on the **answering machine**.;
anrufen;Verb;nan;nan;0;A1;295;to call;Ich werde dich morgen **anrufen**.;I will **call** you tomorrow.;a-
Ansage;Substantiv;fem.;die;0;A1;27;announcement;Achten Sie bitte auf die **Ansage** am Bahnsteig.;Please pay attention to the **announcement** on the platform.;a-
Anschluss;Substantiv;mask.;der;0;A1;211;connection;Haben wir in München **Anschluss** nach Wien?;Do we have a **connection** to Vienna in Munich?;
Antwort;Substantiv;fem.;die;0;A1;1064;answer;Ich habe noch keine **Antwort** bekommen.;I haven't received an **answer** yet.;
antworten;Verb;nan;nan;0;A1;771;to answer;Er konnte meine Frage nicht **antworten**.;He couldn't **answer** my question.;
Anzeige;Substantiv;fem.;die;0;A1;220;advertisement;Ich habe die **Anzeige** in der Zeitung gelesen.;I read the **advertisement** in the newspaper.;
anziehen;Verb;nan;nan;0;A1;442;to put on;Du solltest dir eine Jacke **anziehen**.;You should **put on** a jacket.;
Apartment;Substantiv;neutr.;das;0;A1;46;apartment;Sie hat ein schönes **Apartment** in der Stadt.;She has a beautiful **apartment** in the city.;Apa-
Apfel;Substantiv;mask.;der;0;A1;177;apple;Jeden Tag esse ich einen **Apfel**.;I eat an **apple** every day.;
Appartement;Substantiv;neutr.;das;0;A1;36;apartment;Das **Appartement** ist komplett möbliert.;The **apartment** is fully furnished.;App-
Appetit;Substantiv;mask.;der;0;A1;96;appetite;Guten **Appetit**!;Enjoy your meal (Good **appetite**)!;
April;Substantiv;mask.;der;0;A1;2214;April;Im **April** regnet es oft.;It often rains in **April**.;
Arbeit;Substantiv;fem.;die;0;A1;15953;work/job;Ich habe heute viel **Arbeit**.;I have so much **work** today.;a-
arbeiten;Verb;nan;nan;0;A1;71703;to work;Wo **arbeiten** Sie?;Where do you **work**?;
arbeitslos;Adjektiv;nan;nan;0;A1;82;unemployed;Er ist seit zwei Monaten **arbeitslos**.;He has been **unemployed** for two months.;
Arbeitsplatz;Substantiv;mask.;der;0;A1;366;workplace/job;Mein **Arbeitsplatz** ist im Stadtzentrum.;My **workplace** is in the city center.;
Arm;Substantiv;mask.;der;0;A1;1467;arm;Mein rechter **Arm** tut weh.;My right **arm** hurts.;
Arzt;Substantiv;mask.;der;0;A1;1255;doctor;Ich muss heute zum **Arzt** gehen.;I have to go to the **doctor** today.;a-,male
auch;Konjunktion;nan;nan;0;A1;139767;also/too;Ich komme **auch** zur Party.;I am coming to the party **too**.;
auf;Präposition;nan;nan;0;A1;9399457;on/at;Das Buch liegt **auf** dem Tisch.;The book is lying **on** the table.;
auf sein;Verb;nan;nan;0;A1;nan;to be open;Die Tür ist auf.;The door is **open**.;
Aufgabe;Substantiv;fem.;die;0;A1;1802;task;Das ist eine schwierige **Aufgabe**.;That is a difficult **task**.;noun, a-
aufhören;Verb;nan;nan;0;A1;345;to stop;Du musst mit dem Rauchen **aufhören**.;You must **stop** smoking.;a-, cease an activity
aufstehen;Verb;nan;nan;0;A1;259;to get up;Ich muss morgen früh **aufstehen**.;I have **to get up** early tomorrow.;
Aufzug;Substantiv;mask.;der;0;A1;115;elevator/lift;Der **Aufzug** ist leider kaputt.;The **elevator** is unfortunately broken.;
Auge;Substantiv;neutr.;das;0;A1;6926;eye;Sie hat blaue **Augen.**;She has blue **eyes**.;
August;Substantiv;mask.;der;0;A1;736;August;Wir fahren im **August** in den Urlaub.;Wir fahren im **August** in den Urlaub.;
aus;Adverb;nan;nan;0;A1;3244453;from/out of;Er kommt **aus** Deutschland.;He comes **from** Germany.;
aus sein;Verb;nan;nan;0;A1;nan;to be over/off;Der Film ist aus.;The movie is **over**.;
Ausflug;Substantiv;mask.;der;0;A1;206;excursion/trip;Am Wochenende machen wir einen **Ausflug**.;We are going on an **excursion** this weekend.;
ausfüllen;Verb;nan;nan;0;A1;166;to fill out;Bitte **füllen** Sie das Formular **aus.**;Please **fill out** the form.;
Ausgang;Substantiv;mask.;der;0;A1;291;exit;Wo ist der **Ausgang**?;Where is the **exit**?;
Auskunft;Substantiv;fem.;die;0;A1;236;information;Können Sie mir eine **Auskunft** geben?;Can you give me some **information**?;a-
Ausland;Substantiv;neutr.;das;0;A1;419;abroad;Ich möchte gerne im **Ausland** studieren.;I would like to study **abroad**.;
Ausländer;Substantiv;mask.;der;0;A1;181;foreigner;In dieser Stadt leben viele **Ausländer**.;Many **foreigners** live in this city.;
ausländisch;Adjektiv;nan;nan;0;A1;380;foreign;Er spricht drei **ausländische** Sprachen.;He speaks three **foreign** languages.;
ausmachen;Verb;nan;nan;0;A1;447;to turn off;Kannst du bitte das Radio **ausmachen**?;Can you please **turn off** the radio?;
Aussage;Substantiv;fem.;die;0;A1;976;statement;Seine **Aussage** war sehr klar.;His **statement** was very clear.;
aussehen;Verb;nan;nan;0;A1;891;to look;Du siehst heute gut aus.;You **look** good today.;a-
aussteigen;Verb;nan;nan;0;A1;141;to get off;Wir müssen an der nächsten Station **aussteigen**.;We have **to get off** at the next station.;
Ausweis;Substantiv;mask.;der;0;A1;103;ID card;Zeigen Sie mir bitte Ihren **Ausweis**.;Please show me your **ID card**.;
ausziehen;Verb;nan;nan;0;A1;155;to move out/undress;Er zieht morgen aus seiner Wohnung aus.;He is **moving out** of his apartment tomorrow.;
Auto;Substantiv;neutr.;das;0;A1;4050;car;Mein **Auto** steht in der Garage.;My **car** is in the garage.;
Autobahn;Substantiv;fem.;die;0;A1;316;highway/motorway;Auf der **Autobahn** darf man schnell fahren.;You are allowed to drive fast on the **highway**.;
Automat;Substantiv;mask.;der;0;A1;120;vending machine;Ich hole mir eine Flasche Wasser am **Automaten.**;I'll get a bottle of water from the **vending machine**.;
automatisch;Adjektiv;nan;nan;0;A1;421;automatic;Die Tür schließt **automatisch**.;The door closes **automatically**.;
Baby;Substantiv;neutr.;das;0;A1;307;baby;Das **Baby** schläft gerade.;The **baby** is sleeping right now.;
Bad;Substantiv;neutr.;das;0;A1;309666;bath/bathroom;Ich nehme heute Abend ein warmes **Bad**.;I am taking a warm **bath** tonight.;
baden;Verb;nan;nan;0;A1;1565;to bathe;Im Sommer gehen wir oft im See **baden**.;In summer we often go **bathe** in the lake.;
Bahn;Substantiv;fem.;die;0;A1;951;train/railway;Ich fahre lieber mit der **Bahn**.;I prefer to travel by **train**.;
Bahnhof;Substantiv;mask.;der;0;A1;536;train station;Der **Bahnhof** ist nicht weit von hier.;The **train station** is not far from here.;
Bahnsteig;Substantiv;mask.;der;0;A1;61;platform;Der Zug fährt auf **Bahnsteig** 4 ein.;The train is arriving at **platform** 4.;where people stand
bald;Adverb;nan;nan;0;A1;1802;soon;Ich komme **bald** zurück.;I will be back **soon**.;b-
Balkon;Substantiv;mask.;der;0;A1;247;balcony;Wir frühstücken im Sommer auf dem **Balkon**.;We have breakfast on the **balcony** in the summer.;
Banane;Substantiv;fem.;die;0;A1;127;banana;Möchtest du eine **Banane** essen?;Would you like to eat a **banana**?;
Bank;Substantiv;fem.;die;0;A1;1677;bank/bench;Die **Bank** schließt um 16 Uhr.;The **bank** closes at 4 PM.;
bar;Adjektiv;nan;nan;0;A1;232;cash;Kann ich **bar** bezahlen?;Can I pay in **cash**?;
Bauch;Substantiv;mask.;der;0;A1;395;belly;Mein **Bauch** tut weh.;My **belly** hurts.;
Baum;Substantiv;mask.;der;0;A1;1958;tree;Vor dem Haus steht ein großer **Baum**.;There is a big **tree** in front of the house.;
Beamte;Substantiv;mask., fem.;der, die;0;A1;nan;official/civil servant;Der **Beamte** hat mir das Dokument gegeben.;The **official** gave me the document.;
bedeuten;Verb;nan;nan;0;A1;1391;to mean;Was bedeutet dieses Wort?;What does this word **mean**?;
beginnen;Verb;nan;nan;0;A1;3536;to begin/start;Das Konzert beginnt um 20 Uhr.;The concert **begins** at 8 PM.;b-
bei;Präposition;nan;nan;0;A1;516500;at/near;Er wohnt **bei** seinen Eltern.;He lives **at** his parents' house.;
beide;nan;nan;nan;0;A1;6498;both;**Beide** Kinder spielen im Garten.;**Both** children are playing in the garden.;b-
Bein;Substantiv;neutr.;das;0;A1;1219;leg;Mein linkes **Bein** ist gebrochen.;My left **leg** is broken.;
Beispiel;Substantiv;neutr.;das;0;A1;5105;example;Kannst du mir ein **Beispiel** geben?;Can you give me an **example**?;
bekannt;partizipiales Adjektiv;nan;nan;0;A1;71814;known/famous;Er ist ein **bekannter** Schauspieler.;He is a **known** actor.;
Bekannte;Substantiv;fem., mask.;die, der;0;A1;214;acquaintance;Ich habe eine **Bekannte** in Berlin getroffen.;I met an **acquaintance** in Berlin.;
bekommen;Verb;nan;nan;0;A1;56102;to receive;Ich habe einen Brief **bekommen**.;I **received** a letter.;b-
benutzen;Verb;nan;nan;0;A1;2939;to use;Darf ich deinen Computer **benutzen**?;May I **use** your computer?;b-
Beruf;Substantiv;mask.;der;0;A1;593;occupation;Mein **Beruf** ist Lehrer.;My **occupation** is teacher.;
besetzt;partizipiales Adjektiv;nan;nan;0;A1;225;occupied/busy;Das Telefon ist gerade **besetzt**.;The phone is **busy** right now.;
besichtigen;Verb;nan;nan;0;A1;176;to visit/sightsee;Wir möchten das Schloss **besichtigen**.;We would like to view (**visit**) the castle.;
besser;Komparativ;nan;nan;0;A1;nan;better;Mir geht es heute schon viel **besser**.;I feel much **better** today.;
best;Superlativ;nan;nan;0;A1;nan;best;Er ist mein **bester** Freund.;He is my **best** friend.;
bestellen;Verb;nan;nan;0;A1;3312;to order;Ich möchte eine Pizza **bestellen**.;I would like **to order** a pizza.;
besuchen;Verb;nan;nan;0;A1;1126;to visit;Am Sonntag **besuchen** wir meine Oma.;On Sunday we are **visiting** my grandma.;
Bett;Substantiv;neutr.;das;0;A1;1230;bed;Es ist spät, ich gehe ins **Bett**.;It's late, I'm going to **bed**.;
bezahlen;Verb;nan;nan;0;A1;3376;to pay;Wo kann ich **bezahlen**?;Where can I **pay**?;b-
Bier;Substantiv;neutr.;das;0;A1;767;beer;Möchten Sie ein Glas **Bier** trinken?;Would you like to drink a glass of **beer**?;
Bild;Substantiv;neutr.;das;0;A1;2434;picture;Das **Bild** an der Wand ist sehr schön.;The **picture** on the wall is very beautiful.;
billig;Adjektiv;nan;nan;0;A1;797;cheap;Das Obst ist hier sehr **billig**.;The fruit is very **cheap** here.;b-
Birne;Substantiv;fem.;die;0;A1;76;pear/lightbulb;Ich esse gerne saftige **Birnen.**;I like to eat juicy **pears**.;
bis;nan;nan;nan;0;A1;268932;until;Ich arbeite **bis** 18 Uhr.;I work **until** 6 PM.;
bisschen;Adverb;nan;nan;0;A1;510;a bit;Ich spreche nur ein **bisschen** Deutsch.;I only speak **a bit** of German.;b-
Bitte;Substantiv;fem.;die;0;A1;34;request/plea;Ich habe eine **Bitte** an dich.;I have a **request** for you.;
bitte;Partikel;nan;nan;0;A1;10961;please;Eine Tasse Kaffee, **bitte**.;A cup of coffee, **please**.;
bitten;Verb;nan;nan;0;A1;7207;to ask;Ich möchte dich um Hilfe **bitten**.;I would like **to ask** you for help.;for favour
bitter;Adjektiv;nan;nan;0;A1;186;bitter;Der Kaffee schmeckt sehr **bitter**.;The coffee tastes very **bitter**.;
blau;Adjektiv;nan;nan;0;A1;9959;blue;Der Himmel ist heute strahlend **blau**.;The sky is bright **blue** today.;
bleiben;Verb;nan;nan;0;A1;126701;to stay/remain;Wir **bleiben** heute zu Hause.;We are **staying** at home today.;
Bleistift;Substantiv;mask.;der;0;A1;75;pencil;Hast du einen **Bleistift** für mich?;Do you have a **pencil** for me?;
Blick;Substantiv;mask.;der;0;A1;2053;view/glance;Von hier hat man einen tollen **Blick**.;From here you have a great **view**.;
Blume;Substantiv;fem.;die;0;A1;928;flower;Er hat mir schöne **Blumen** geschenkt.;He gave me beautiful **flowers**.;
Bogen;Substantiv;mask.;der;0;A1;773;sweep/sheet;Bitte schreiben Sie auf diesen **Bogen** Papier.;Please write on this **sheet** of paper.;of paper
brauchen;Verb;nan;nan;0;A1;8366;to need;Ich brauche deine Hilfe.;I **need** your help.;
braun;Adjektiv;nan;nan;0;A1;600;brown;Sie hat lange **braune** Haare.;She has long **brown** hair.;
breit;Adjektiv;nan;nan;0;A1;3769;wide/broad;Die Straße ist hier sehr **breit**.;The street is very **wide** here.;
Brief;Substantiv;mask.;der;0;A1;1471;letter;Ich schreibe einen **Brief** an meine Eltern.;I am writing a **letter** to my parents.;
Briefmarke;Substantiv;fem.;die;0;A1;153;postage stamp;Ich muss noch eine **Briefmarke** kaufen.;I still need to buy a **postage stamp**.;
bringen;Verb;nan;nan;0;A1;176033;to bring;Kannst du mir bitte ein Glas Wasser **bringen**?;Can you please **bring** me a glass of water?;
Brot;Substantiv;neutr.;das;0;A1;645;bread;Wir kaufen jeden Morgen frisches **Brot**.;We buy fresh **bread** every morning.;
Bruder;Substantiv;mask.;der;0;A1;1034;brother;Mein **Bruder** studiert in München.;My **brother** is studying in Munich.;
Brötchen;Substantiv;neutr.;das;0;A1;198;bread roll;Zum Frühstück esse ich gerne **Brötchen**.;I like to eat **bread rolls** for breakfast.;
Buch;Substantiv;neutr.;das;0;A1;7620;book;Das **Buch** ist sehr interessant.;The **book** is very interesting.;
Buchstabe;Substantiv;mask.;der;0;A1;761;letter;Wie viele **Buchstaben** hat das Alphabet?;How many letters does the alphabet have?;alphabet
buchstabieren;Verb;nan;nan;0;A1;150;to spell;Können Sie Ihren Namen bitte **buchstabieren**?,Can you spell your name;Can you **spell** your name, please?;
Bus;Substantiv;mask.;der;0;A1;507;bus;Ich fahre mit dem **Bus** zur Schule.;I'm taking the **bus** to school.;
Butter;Substantiv;fem., mask.;die;0;A1;825;butter;Möchtest du **Butter** auf dein Brot?;Would you like **butter** on your bread?;
Bäckerei;Substantiv;fem.;die;0;A1;89;bakery;Wir kaufen das Brot in der **Bäckerei**.;We buy the bread at the **bakery**.;
bös;Adjektiv;nan;nan;0;A1;33;evil/bad;Das ist ein **böser** Junge.;That is a **bad** (evil) boy.;
böse;Adjektiv;nan;nan;0;A1;574;mean/angry;Warum bist du **böse** auf mich?;Why are you **angry** with me?;
Café;Substantiv;neutr.;das;0;A1;2;café;Wir treffen uns im **Café**.;We are meeting at the **café**.;
CD;Substantiv;fem.;die;0;A1;239;CD;Ich höre gerne **CDs.**;I like listening to **CDs**.;
Cent;Substantiv;mask.;der;0;A1;328;cent;Ein Euro hat hundert **Cent**.;Ein Euro hat hundert **Cent**.;
Chef;Substantiv;mask.;der;0;A1;3890;boss;Mein **Chef** ist sehr nett.;My **boss** is very nice.;
circa;Adverb;nan;nan;0;A1;nan;approximately;Der Weg dauert **circa** zehn Minuten.;The walk takes **approximately** ten minutes.;c-
Computer;Substantiv;mask.;der;0;A1;710;computer;Ich arbeite jeden Tag am **Computer**.;I work on the **computer** every day.;
da;Konjunktion;nan;nan;0;B1;75185;there/because;**Da** vorne ist die Post.;The post office is right **there**.;
daneben;Pronominaladverb;nan;nan;0;A1;384;next to it;Das Buch liegt **daneben**.;The book is lying **next to it**.;
Dank;Substantiv;mask.;der;0;A1;1;thanks/gratitude;Herzlichen **Dank** für Ihre Hilfe.;Many **thanks** for your help.;
danke;Partikel;nan;nan;0;A1;116;thank you;**Danke** für das Geschenk.;**Thank you** for the gift.;
danken;Verb;nan;nan;0;A1;292;to thank;Ich danke dir für alles.;I **thank** you for everything.;
dann;Adverb;nan;nan;0;A1;32152;then;Zuerst essen wir, **dann** gehen wir spazieren.;First we eat, **then** we go for a walk.;
das;bestimmter Artikel;neutr.;nan;0;A1;nan;that/the;**Das** ist mein Haus.;**That** is my house.;neut.
Datum;Substantiv;neutr.;das;0;A1;1111;date;Wie ist das heutige **Datum**?;What is today's **date**?;
dauern;Verb;nan;nan;0;A1;2222;to last/take time;Die Fahrt dauert zwei Stunden.;The trip **lasts** two hours.;
dein;Possessivpronomen;mask., neutr.;nan;0;A1;2333;your;Ist das **dein** Buch?;Is that **your** book?;mas.
deine;Possessivpronomen;fem.;nan;0;A1;nan;your;Wo ist **deine** Tasche?;Where is **your** bag?;fem.
denn;Konjunktion;nan;nan;0;A1;5847;because/then;Ich kann nicht kommen, **denn** ich bin krank.;I cannot come **because** I am sick.;d-
der;bestimmter Artikel;mask.;nan;0;A1;172489022;the;**Der** Mann ist mein Vater.;**The** man is my father.;masc.
deutsch;Adjektiv;nan;nan;0;A1;102129;German;Ich lerne die **deutsche** Sprache.;I am learning the **German** language.;
Deutsche;Substantiv;fem., mask.;die, der;0;A1;9959;German;Viele **Deutsche** reisen gerne.;Many **Germans** like to travel.;person
Deutschland;Eigenname;neutr.;das;0;A1;12398;Germany;Berlin ist die Hauptstadt von **Deutschland**.;Berlin is the capital of **Germany**.;
Dezember;Substantiv;mask.;der;0;A1;688;December;Weihnachten ist im **Dezember**.;Christmas is in **December**.;
dich;Pronomen;nan;nan;0;A1;1624;you;Ich liebe **dich**.;I love **you**.;accusative
die;bestimmter Artikel;fem.;nan;0;A1;nan;the;**Die** Frau ist meine Mutter.;**The** woman is my mother.;fem.
Dienstag;Substantiv;mask.;der;0;A1;383;Tuesday;Am **Dienstag** habe ich frei.;I have the day off on **Tuesday**.;
dir;Pronomen;nan;nan;0;A1;3433;you;Ich helfe **dir** gerne.;I am happy to help **you**.;dative
Doktor;Substantiv;mask.;der;0;A1;665;doctor;Herr **Doktor**, ich habe Schmerzen.;**Doctor**, I am in pain.;d-,male.
Donnerstag;Substantiv;mask.;der;0;A1;396;Thursday;**Donnerstag** ist mein Lieblingstag.;**Thursday** is my favorite day.;
Doppelzimmer;Substantiv;neutr.;das;0;A1;16;double room;Wir haben ein **Doppelzimmer** reserviert.;We reserved a **double room**.;
Dorf;Substantiv;neutr.;das;0;A1;1200;village;Er wohnt in einem kleinen **Dorf**.;He lives in a small **village**.;
dort;Adverb;nan;nan;0;A1;8872;there;**Dort** drüben ist die Schule.;Over **there** is the school.;
draußen;Adverb;nan;nan;0;A1;793;outside;Es ist kalt **draußen**.;It is cold **outside**.;
drei;Kardinalzahlwort;nan;nan;0;A1;10920;three;Er hat **drei** Kinder.;He has **three** children.;
dreizehn;Kardinalzahlwort;nan;nan;0;A1;118;thirteen;Er ist **dreizehn** Jahre alt.;He is **thirteen** years old.;
dreißig;Kardinalzahlwort;nan;nan;0;A1;319;thirty;Ich bin **dreißig** Jahre alt.;I am **thirty** years old.;
dritte;Ordinalzahlwort;nan;nan;0;A1;nan;third;Das ist mein **dritter** Besuch.;This is my **third** visit.;
drucken;Verb;nan;nan;0;A1;701;print;Kannst du das Dokument **drucken**?;Can you **print** the document?;
Drucker;Substantiv;mask.;der;0;A1;89;printer;Der **Drucker** braucht neues Papier.;The **printer** needs new paper.;
drücken;Verb;nan;nan;0;A1;16667;to press/push;Bitte auf diesen Knopf **drücken**.;Please **press** this button.;
durch;Präposition;nan;nan;0;A1;204654;through;Er geht **durch** den Park.;He is walking **through** the park.;
Durchsage;Substantiv;fem.;die;0;A1;14;announcement;Hast du die **Durchsage** gehört?;Did you hear the **announcement**?;d-
Durst;Substantiv;mask.;der;0;A1;1;thirst;Ich habe großen **Durst**.;I have a great **thirst**.;
Dusche;Substantiv;fem.;die;0;A1;79;shower;Die **Dusche** ist im Bad.;The **shower** is in the bathroom.;
duschen;Verb;nan;nan;0;A1;105;to shower;Ich dusche jeden Morgen.;I **shower** every morning.;
dürfen;Verb;nan;nan;0;A1;38903;to be allowed;Darf ich hier parken?;Am I **allowed** to park here?;passive
E-Mail;Substantiv;fem., neutr.;die;0;A1;2;email;Ich schreibe eine **E-Mail** an meinen Chef.;I am writing an **email** to my boss.;
Ecke;Substantiv;fem.;die;0;A1;786;corner;Die Apotheke ist an der nächsten **Ecke**.;The pharmacy is on the next **corner**.;fem.
Ehefrau;Substantiv;fem.;die;0;A1;296;wife;Seine **Ehefrau** ist Ärztin.;His **wife** is a doctor.;
Ehemann;Substantiv;mask.;der;0;A1;182;husband;Ihr **Ehemann** arbeitet in München.;Her **husband** works in Munich.;
Ei;Substantiv;neutr.;das;0;A1;876;egg;Möchtest du ein **Ei** zum Frühstück?;Would you like an **egg** for breakfast?;
eilig;Adjektiv;nan;nan;0;A1;239;hurried/in a rush;Ich habe es heute sehr **eilig**.;I am in a great **rush** today.;
ein;unbestimmter Artikel;mask., neutr.;nan;0;A1;11657240;a/one;Ich habe **ein** Buch gekauft.;I bought **a** book.;mas.
eine;unbestimmter Artikel;fem.;nan;0;A1;nan;a/one;Dort steht **eine** Frau.;There is **a** woman standing there.;fem.
einfach;Adjektiv;nan;nan;0;A1;7215;easy/simple;Die Aufgabe ist ganz **einfach**.;The task is quite **simple**.;
Eingang;Substantiv;mask.;der;0;A1;459;entrance;Der **Eingang** ist um die Ecke.;The **entrance** is around the corner.;physical location
einhundert;Kardinalzahlwort;nan;nan;0;A1;nan;one hundred;Das Ticket kostet **einhundert** Euro.;The ticket costs **one hundred** euros.;
einkaufen;Verb;nan;nan;0;A1;313;to shop/buy;Ich gehe heute Nachmittag **einkaufen**.;I am going to **shop** this afternoon.;e-
einladen;Verb;nan;nan;0;A1;462;to invite;Darf ich dich zum Essen **einladen**?;May I **invite** you to dinner?;
Einladung;Substantiv;fem.;die;0;A1;134;invitation;Vielen Dank für die **Einladung**.;Thank you very much for the **invitation**.;
eins;Kardinalzahlwort;nan;nan;0;A1;397;one;**Eins** und zwei ist drei.;**One** and two is three.;
einsteigen;Verb;nan;nan;0;A1;173;to get on/board;Bitte **steigen** Sie vorne **ein.**;Please **get on** at the front.;
eintausend;Kardinalzahlwort;nan;nan;0;A1;19;one thousand;Das Fahrrad kostet **eintausend** Euro.;The bike costs **one thousand** euros.;
Eintritt;Substantiv;mask.;der;0;A1;186;admission;Der **Eintritt** in das Museum ist frei.;**Admission** to the museum is free.;
Einzelzimmer;Substantiv;neutr.;das;0;A1;15;single room;Ich möchte ein **Einzelzimmer** reservieren.;I would like to reserve a **single room**.;
elf;Kardinalzahlwort;nan;nan;0;A1;417;eleven;Fußball spielt man mit **elf** Spielern.;Soccer is played with **eleven** players.;
Eltern;Substantiv;nan;nan;1;A1;1436;parents;Meine **Eltern** wohnen in Berlin.;My **parents** live in Berlin.;plural
empfehlen;Verb;nan;nan;0;A1;1102;to recommend;Können Sie mir ein gutes Hotel **empfehlen**?;Can you **recommend** a good hotel to me?;
Empfänger;Substantiv;mask.;der;0;A1;270;recipient/receiver;Wer ist der **Empfänger** des Briefes?;Who is the **recipient** of the letter?;
Ende;Substantiv;neutr.;das;0;A1;12235;end;Das Jahr ist bald zu **Ende**.;The year is coming to an **end** soon.;noun, e-
enden;Verb;nan;nan;0;A1;803;to end;Der Unterricht endet um 13 Uhr.;The class **ends** at 1 PM.;verb
entschuldigen;Verb;nan;nan;0;A1;191;to apologize;Bitte **entschuldigen** Sie die Verspätung.;Please **apologize** for the delay.;
Entschuldigung;Substantiv;fem.;die;0;A1;94;excuse/apology;**Entschuldigung**, wie spät ist es?;**Excuse** me, what time is it?;noun
er;Personalpronomen;mask.;nan;0;A1;52388;he;**Er** heißt Thomas.;**He** is named Thomas.;
Ergebnis;Substantiv;neutr.;das;0;A1;1491;result;Das **Ergebnis** der Untersuchung ist positiv.;The **result** of the examination is positive.;
erklären;Verb;nan;nan;0;A1;4463;to explain;Können Sie mir das bitte **erklären**?;Can you please **explain** that to me?;
erlauben;Verb;nan;nan;0;A1;1530;to allow/permit;Rauchen ist hier nicht erlaubt.;Smoking is not **allowed** here.;e-
erste;Ordinalzahlwort;nan;nan;0;A1;nan;first;Heute ist mein **erster** Arbeitstag.;Today is my **first** day of work.;
Erwachsene;Substantiv;fem., mask.;die, der;0;A1;453;adult;Das Ticket für **Erwachsene** kostet 10 Euro.;The ticket for **adults** costs 10 euros.;
erzählen;Verb;nan;nan;0;A1;10889;to tell/narrate;Erzähl mir eine Geschichte.;**Tell** me a story.;
es;Personalpronomen;neutr.;nan;0;A1;984450;it;Wie geht **es** dir?;How are you (How is **it** going for you)?;
Essen;Substantiv;neutr.;das;0;A1;11630;food/meal;Das **Essen** schmeckt sehr gut.;The **food** tastes very good.;
essen;Verb;nan;nan;0;A1;11630;to eat;Was möchtest du heute **essen**?;What do you want to **eat** today?;
euer;Possessivpronomen;mask., neutr.;nan;0;A1;89;your;Wo ist **euer** Haus?;Where is **your** house?;plural
eure;Possessivpronomen;fem.;nan;0;A1;89;your;Morgen besuche ich **eure** Familie.;Tomorrow I will visit **your** family.;female/plural
Euro;Substantiv;mask.;der;0;A1;2450;euro;Das kostet fünf **Euro**.;That costs five **euros**.;
Europa;Substantiv;neutr.;das;0;A1;1906;Europe;Wir reisen durch **Europa**.;We are traveling through **Europe**.;
Europäer;Substantiv;mask.;der;0;A1;201;European;Er ist ein echter **Europäer**.;He is a true **European**.;
europäisch;Adjektiv;nan;nan;0;A1;25406;European;Wir leben in einer **europäischen** Stadt.;We live in a **European** city.;
fahren;Verb;nan;nan;0;A1;189357;to drive/travel;Ich fahre mit dem Auto nach Berlin.;I am **driving** to Berlin by car.;
Fahrer;Substantiv;mask.;der;0;A1;491;driver;Der **Fahrer** des Busses ist sehr nett.;The **driver** of the bus is very nice.;
Fahrkarte;Substantiv;fem.;die;0;A1;59;ticket;Haben Sie eine **Fahrkarte**?;Do you have a **ticket**?;f-
Fahrrad;Substantiv;neutr.;das;0;A1;370;bicycle;Ich fahre mit dem **Fahrrad** zur Arbeit.;I go to work by **bicycle**.;
falsch;Adjektiv;nan;nan;0;A1;7047;wrong/false;Die Antwort ist leider **falsch**.;The answer is unfortunately **wrong**.;
Familie;Substantiv;fem.;die;0;A1;3863;family;Meine **Familie** wohnt in Spanien.;My **family** lives in Spain.;
Familienname;Substantiv;mask.;der;0;A1;63;last name;Wie ist Ihr **Familienname**?;What is your **last name**?;
Familienstand;Substantiv;mask.;der;0;A1;22;marital status;Bitte geben Sie Ihren **Familienstand** an.;Please indicate your **marital status**.;
Farbe;Substantiv;fem.;die;0;A1;2993;color;Welche **Farbe** hat dein Auto?;What **color** is your car?;
Fax;Substantiv;neutr.;das;0;A1;35;fax;Ich schicke Ihnen ein **Fax**.;I will send you a **fax**.;
Februar;Substantiv;mask.;der;0;A1;553;February;Der **Februar** hat meist 28 Tage.;**February** usually has 28 days.;
fehlen;Verb;nan;nan;0;A1;1284;to be missing;Mir fehlt mein Schlüssel.;My key is **missing**.;
Fehler;Substantiv;mask.;der;0;A1;781;mistake/error;Ich habe einen **Fehler** gemacht.;I made a **mistake**.;
Feierabend;Substantiv;mask.;der;0;A1;76;end of the workday;Wann hast du heute **Feierabend**?;When is the **end of the workday** for you today?;
feiern;Verb;nan;nan;0;A1;4333;to celebrate;Wir **feiern** heute meinen Geburtstag.;We are **celebrating** my birthday today.;
Feiertag;Substantiv;mask.;der;0;A1;166;holiday;Morgen ist ein **Feiertag**.;Tomorrow is a **holiday**.;f-
fernsehen;Verb;nan;nan;0;A1;70;to watch TV;Ich möchte heute Abend **fernsehen**.;I want to **watch TV** tonight.;
fertig;Adjektiv;nan;nan;0;A1;3980;ready/finished;Bist du schon **fertig**?;Are you **ready** already?;f-
Feuer;Substantiv;neutr.;das;0;A1;4172;fire;Im Kamin brennt ein **Feuer**.;A **fire** is burning in the fireplace.;
Fieber;Substantiv;neutr.;das;0;A1;238;fever;Das Kind hat hohes **Fieber**.;The child has a high **fever**.;
Film;Substantiv;mask.;der;0;A1;2707;movie/film;Der **Film** war sehr spannend.;The **movie** was very exciting.;
finden;Verb;nan;nan;0;A1;162187;to find;Ich kann meine Brille nicht **finden**.;I cannot **find** my glasses.;
Firma;Substantiv;fem.;die;0;A1;1194;company/firm;Er arbeitet in einer großen **Firma**.;He works at a large **company**.;
Fisch;Substantiv;mask.;der;0;A1;504;fish;Ich esse gerne **Fisch**.;I like to eat **fish**.;
Flasche;Substantiv;fem.;die;0;A1;788;bottle;Bringen Sie mir bitte eine **Flasche** Wasser.;Please bring me a **bottle** of water.;
Fleisch;Substantiv;neutr.;das;0;A1;13448;meat;Ich esse kein **Fleisch**.;I don't eat **meat**.;
fliegen;Verb;nan;nan;0;A1;56816;to fly;Wir **fliegen** morgen nach London.;We are **flying** to London tomorrow.;
Flughafen;Substantiv;mask.;der;0;A1;451;airport;Der **Flughafen** ist weit von der Stadt entfernt.;The **airport** is far away from the city.;
Flugzeug;Substantiv;neutr.;das;0;A1;956;airplane;Das **Flugzeug** startet um 10 Uhr.;The **airplane** takes off at 10 AM.;
Formular;Substantiv;neutr.;das;0;A1;107;form;Füllen Sie bitte dieses **Formular** aus.;Please fill out this **form**.;
Foto;Substantiv;neutr., fem.;das;0;A1;687;photo;Darf ich ein **Foto** machen?;May I take a **photo**?;
Frage;Substantiv;fem.;die;0;A1;6017;question;Darf ich eine **Frage** stellen?;May I ask a **question**?;
fragen;Verb;nan;nan;0;A1;14639;to ask;Darf ich Sie etwas **fragen**?;May I **ask** you something?;for info
Frau;Substantiv;fem.;die;0;A1;10619;woman/Mrs.;Guten Tag, **Frau** Meyer.;Good day, **Mrs.** Meyer.;
frei;Adjektiv;nan;nan;0;A1;123706;free/vacant;Ist dieser Platz noch **frei**?;Is this seat still **free**?;
Freitag;Substantiv;mask.;der;0;A1;490;Friday;Am **Freitag** gehen wir ins Kino.;We are going to the cinema on **Friday**.;
Freizeit;Substantiv;fem.;die;0;A1;157;free time/leisure;Was machst du in deiner **Freizeit**?;What do you do in your **free time**?;
fremd;Adjektiv;nan;nan;0;A1;509;strange/foreign/someone else's;Ich bin **fremd** hier.;I am a **stranger** (foreign) here.;
freuen;Verb;nan;nan;0;A1;661;to be pleased with/happy about;Ich freue mich auf den Urlaub.;I am **happy about** the holiday.;
Freund;Substantiv;mask.;der;0;A1;2266;friend;Das ist mein **Freund** Thomas.;This is my **friend** Thomas.;male
Freundin;Substantiv;fem.;die;0;A1;547;friend;Das ist meine **Freundin** Maria.;This is my (female) **friend** Maria.;female
früher;Adjektiv;nan;nan;0;A1;nan;earlier;**Früher** war alles anders.;Everything was different **earlier** (in the past).;
Frühjahr;Substantiv;neutr.;das;0;A1;346;spring;Im **Frühjahr** blühen die Blumen.;In **spring** the flowers bloom.;time period
Frühling;Substantiv;mask.;der;0;A1;297;spring;Der **Frühling** beginnt im März.;**Spring** begins in March.;season
Frühstück;Substantiv;neutr.;das;0;A1;378;breakfast;Zum **Frühstück** esse ich ein Ei.;I eat an egg for **breakfast**.;
frühstücken;Verb;nan;nan;0;A1;117;to eat breakfast;Wann **frühstücken** Sie?;When do you **eat breakfast**?;
Fuß;Substantiv;mask.;der;0;A1;2984;foot;Ich gehe zu **Fuß**.;I go by **foot** (walking).;
Fußball;Substantiv;mask.;der;0;A1;713;football/soccer;Wir spielen am Samstag **Fußball**.;We are playing **soccer** on Saturday.;
Führung;Substantiv;fem.;die;0;A1;428;guided tour/leadership;Wann beginnt die **Führung** durch das Schloss?;When does the **guided tour** of the castle start?;
fünf;Kardinalzahlwort;nan;nan;0;A1;2407;five;Ich habe **fünf** Euro.;I have **five** euros.;
fünfzehn;Kardinalzahlwort;nan;nan;0;A1;223;fifteen;Es ist Viertel nach **fünfzehn** (15:15).;It's a quarter past **fifteen** (3 PM).;
fünfzig;Kardinalzahlwort;nan;nan;0;A1;318;fifty;Er ist **fünfzig** Jahre alt.;He is **fifty** years old.;
für;Präposition;nan;nan;0;A1;1165485;for;Das Geschenk ist **für** dich.;The gift is **for** you.;
Garten;Substantiv;mask.;der;0;A1;2120;garden;Die Kinder spielen im **Garten**.;The children are playing in the **garden**.;
Gast;Substantiv;mask.;der;0;A1;1062;guest;Wir haben am Sonntag einen **Gast**.;We have a **guest** on Sunday.;
geben;Verb;nan;nan;0;A1;560004;to give;Gibst du mir bitte das Buch?;Will you please **give** me the book?;
geboren;partizipiales Adjektiv;nan;nan;0;A1;295;born;Ich bin in Berlin **geboren**.;I was **born** in Berlin.;
Geburtsjahr;Substantiv;neutr.;das;0;A1;29;year of birth;Bitte nennen Sie Ihr **Geburtsjahr**.;Please state your **year of birth**.;
Geburtsort;Substantiv;mask.;der;0;A1;37;place of birth;Wo ist Ihr **Geburtsort**?;Where is your **place of birth**?;
Geburtstag;Substantiv;mask.;der;0;A1;392;birthday;Alles Gute zum **Geburtstag**!;Happy **birthday**!;
gefallen;Verb;nan;nan;0;A1;333;to like/please;Das Kleid gefällt mir gut.;I **like** the dress well.;gef-
gegen;Präposition;nan;nan;0;A1;61599;against/towards;Ich bin **gegen** diesen Plan.;I am **against** this plan.;
gehen;Verb;nan;nan;0;A1;1212949;to go/walk;Wir **gehen** spazieren.;We are **going** for a walk.;
gehören;Verb;nan;nan;0;A1;42145;to belong to;Wem gehört diese Tasche?;Who does this bag **belong to**?;
gelb;Adjektiv;nan;nan;0;A1;3826;yellow;Die Zitrone ist **gelb**.;The lemon is **yellow**.;
Geld;Substantiv;neutr.;das;0;A1;14724;money;Ich habe leider kein **Geld**.;I unfortunately have no **money**.;
Gemüse;Substantiv;neutr.;das;0;A1;444;vegetable;Kinder essen nicht gerne **Gemüse**.;Children don't like to eat **vegetables**.;
Gepäck;Substantiv;neutr.;das;0;A1;195;luggage/baggage;Geben Sie Ihr **Gepäck** bitte hier ab.;Please hand in your **luggage** here.;
gerade;Adverb;nan;nan;0;A1;3548;just now;Ich bin **gerade** erst angekommen.;I have arrived **just now**.;ge-
geradeaus;Adverb;nan;nan;0;A1;nan;straight ahead;Gehen Sie bitte **geradeaus**.;Please go **straight ahead**.;ge-
gern;Adverb;nan;nan;0;A1;5006;gladly/like to;Ich lerne **gern** Deutsch.;I **like to** learn German.;
gerne;Adverb;nan;nan;0;A1;2612;gladly/like to;Ich helfe Ihnen **gerne**.;I will **gladly** help you.;-e
Geschenk;Substantiv;neutr.;das;0;A1;353;gift/present;Vielen Dank für das schöne **Geschenk**.;Thank you very much for the beautiful **gift**.;
geschlossen;partizipiales Adjektiv;nan;nan;0;A1;2825;closed;Die Bank ist am Samstag **geschlossen**.;The bank is **closed** on Saturday.;participial adjective
Geschwister;Substantiv;neutr.;das;0;A1;165;siblings;Haben Sie **Geschwister**?;Do you have **siblings**?;brothers and sisters
Geschäft;Substantiv;neutr.;das;0;A1;1078;shop/business;Das **Geschäft** öffnet um 9 Uhr.;The **shop** opens at 9 AM.;g-
Gespräch;Substantiv;neutr.;das;0;A1;930;conversation/talk;Ich hatte ein interessantes **Gespräch**.;I had an interesting **conversation**.;
gestern;Adverb;nan;nan;0;A1;975;yesterday;**Gestern** war ich im Kino.;I was at the cinema **yesterday**.;
Getränk;Substantiv;neutr.;das;0;A1;697;drink/beverage;Welches **Getränk** möchten Sie?;Which **drink** would you like?;
Gewicht;Substantiv;neutr.;das;0;A1;612;weight;Wie hoch ist das **Gewicht** des Pakets?;What is the **weight** of the package?;
gewinnen;Verb;nan;nan;0;A1;6594;to win;Unsere Mannschaft wird **gewinnen**.;Our team will **win**.;
Glas;Substantiv;neutr.;das;0;A1;1080;glass;Ein **Glas** Wasser, bitte.;A **glass** of water, please.;
glauben;Verb;nan;nan;0;A1;1721;to believe/think;Ich glaube, dass es morgen regnet.;I **believe** (think) that it will rain tomorrow.;
gleich;Adverb;nan;nan;0;A1;16790;equal/soon;Ich komme **gleich**.;I'll be there **soon**.;in a few minutes
Gleis;Substantiv;neutr.;das;0;A1;48;track/platform;Der Zug fährt auf **Gleis** 4 ab.;The train departs from **track** 4.;Train track
Glück;Substantiv;neutr.;das;0;A1;2099;luck/happiness;Viel **Glück**!;Good **luck**!;
glücklich;Adjektiv;nan;nan;0;A1;488;happy/fortunate;Heute bin ich sehr **glücklich**.;Today I am very **happy**.;
Glückwunsch;Substantiv;mask.;der;0;A1;39;congratulation;Herzlichen **Glückwunsch** zum Geburtstag!;Hearty **congratulate** (Happy birthday)!;
Grad;Substantiv;mask., neutr.;der;0;A1;2078;degree;Heute sind es zwanzig **Grad**.;Today it is twenty **degrees**.;
grade;Adverb;nan;nan;0;A1;83;just/straight;Er ist **grade** gekommen.;He **just** came.;gr-
gradeaus;Adverb;nan;nan;0;A1;nan;straight ahead;Immer **gradeaus**!;Always **straight ahead**!;gr-
Gramm;Substantiv;neutr.;das;0;A1;480;gram;Einhundert **Gramm** Käse, bitte.;One hundred **grams** of cheese, please.;
gratulieren;Verb;nan;nan;0;A1;52;to congratulate;Ich gratuliere dir zum Geburtstag.;I **congratulate** you on your birthday.;
grau;Adjektiv;nan;nan;0;A1;4546;grey;Der Himmel ist heute **grau**.;The sky is **grey** today.;
grillen;Verb;nan;nan;0;A1;66;to grill/barbecue;Am Sonntag wollen wir **grillen**.;We want to **grill** on Sunday.;
groß;Adjektiv;nan;nan;0;A1;148682;large/big/tall;Das Haus ist sehr **groß**.;The house is very **large**.;
Großeltern;Substantiv;nan;nan;1;A1;nan;grandparents;Meine **Großeltern** wohnen auf dem Land.;My **grandparents** live in the country.;
Großmutter;Substantiv;fem.;die;0;A1;291;grandmother;Meine **Großmutter** ist achtzig Jahre alt.;My **grandmother** is eighty years old.;g-
Großvater;Substantiv;mask.;der;0;A1;313;grandfather;Mein **Großvater** geht gern spazieren.;My **grandfather** likes to go for walks.;g-
Gruppe;Substantiv;fem.;die;0;A1;3419;group;Die Kinder spielen in einer **Gruppe**.;The children are playing in a **group**.;
Gruß;Substantiv;mask.;der;0;A1;141;greeting;Viele Grüße aus Berlin.;Many **greetings** from Berlin.;
Größe;Substantiv;fem.;die;0;A1;1152;size/height;Welche **Größe** haben Sie?;What **size** do you have?;
grün;Adjektiv;nan;nan;0;A1;15372;green;Der Salat ist **grün**.;The salad is **green**.;
gut;Adjektiv;nan;nan;0;A1;234927;good/well;Das ist eine **gute** Idee.;That is a **good** idea.;
gültig;Adjektiv;nan;nan;0;A1;237;valid;Wie lange ist die Fahrkarte **gültig**?;How long is the ticket **valid**?;
günstig;Adjektiv;nan;nan;0;A1;499;cheap/favorable;Das Angebot ist sehr **günstig**.;The offer is very **cheap** (favorable).;g-
Haar;Substantiv;neutr.;das;0;A1;1994;hair;Maria hat lange **Haare.**;Maria has long **hair**.;
haben;Verb;nan;nan;0;A1;2109558;to have;Ich habe Hunger.;I **have** hunger (I'm hungry).;
halb;Adjektiv;nan;nan;0;A1;10654;half;Es ist **halb** eins.;It is **half** past twelve (half one).;-a-
Halbpension;Substantiv;fem.;die;0;A1;4;half board;Wir haben das Hotel mit **Halbpension** gebucht.;We booked the hotel with **half board**.;
Halle;Substantiv;fem.;die;0;A1;2083;hall;Wir treffen uns in der **Halle**.;We are meeting in the **hall**.;
hallo;Interjektion;nan;nan;0;A1;nan;hello;**Hallo**, wie geht es dir?;**Hello**, how are you?;
halten;Verb;nan;nan;0;A1;256850;to stop/hold/care;Der Bus hält an der nächsten Ecke.;The bus **stops** at the next corner.;h-
Haltestelle;Substantiv;fem.;die;0;A1;91;bus stop/stop;An der nächsten **Haltestelle** müssen wir aussteigen.;We have to get off at the next **bus stop**.;
Hand;Substantiv;fem.;die;0;A1;21580;hand;Gib mir deine **Hand**.;Give me your **hand**.;
Handy;Substantiv;neutr.;das;0;A1;324;cell phone/mobile;Kannst du mich auf dem **Handy** anrufen?;Can you call me on my **cell phone**?;
Haus;Substantiv;neutr.;das;0;A1;10532;house;Das **Haus** ist sehr alt.;The **house** is very old.;
Hausaufgabe;Substantiv;fem.;die;0;A1;103;homework;Hast du deine **Hausaufgaben** schon gemacht?;Have you already done your **homework**?;h-
Hausfrau;Substantiv;fem.;die;0;A1;126;housewife;Meine Mutter ist **Hausfrau**.;My mother is a **housewife**.;
Hausmann;Substantiv;mask.;der;0;A1;39;househusband;Mein Vater ist ein guter **Hausmann**.;My father is a good **househusband**.;
Heimat;Substantiv;fem.;die;0;A1;507;home/homeland;Spanien ist meine **Heimat**.;Spain is my **home**.;
heiraten;Verb;nan;nan;0;A1;944;to marry/get married;Wir **heiraten** im Juni.;We are **getting married** in June.;
heißen;Verb;nan;nan;0;A1;10391;to be called/mean;Wie **heißen** Sie?;What **is** your name (How are you called)?;
helfen;Verb;nan;nan;0;A1;22127;to help;Können Sie mir **helfen**?;Can you **help** me?;
hell;Adjektiv;nan;nan;0;A1;564;bright/light;In diesem Zimmer ist es sehr **hell**.;It is very **bright** in this room.;
Herbst;Substantiv;mask.;der;0;A1;615;autumn/fall;Im **Herbst** regnet es oft.;It often rains in **autumn**.;
Herd;Substantiv;mask.;der;0;A1;165;stove/cooker;Der **Herd** in der Küche ist neu.;The **stove** in the kitchen is new.;
Herr;Substantiv;mask.;der;0;A1;10341;Mr./gentleman/Lord;Guten Tag, **Herr** Meyer.;Good day, **Mr.** Meyer.;
herzlich;Adjektiv;nan;nan;0;A1;301;cordial/warm;**Herzlichen** Glückwunsch!;**Cordial** congratulations (Warm wishes)!;
heut;Adverb;nan;nan;0;A1;nan;today;Was machen wir **heut**?;What are we doing **today**?;colloquial
heute;Adverb;nan;nan;0;A1;8139;today;**Heute** ist ein schöner Tag.;**Today** is a beautiful day.;
hier;Adverb;nan;nan;0;A1;18875;here;**Hier** ist mein Pass.;**Here** is my passport.;
Hilfe;Substantiv;fem.;die;0;A1;1837;help;Ich brauche Ihre **Hilfe**.;I need your **help**.;
hinten;Adverb;nan;nan;0;A1;1402;at the back/behind;Der Eingang ist **hinten**.;The entrance is **at the back**.;
Hobby;Substantiv;neutr.;das;0;A1;457;hobby;Mein **Hobby** ist Schwimmen.;My **hobby** is swimming.;
hoch;Adjektiv;nan;nan;0;A1;93368;high/tall;Der Berg ist sehr **hoch**.;The mountain is very **high**.;
Hochzeit;Substantiv;fem.;die;0;A1;389;wedding;Wir feiern nächste Woche unsere **Hochzeit**.;We are celebrating our **wedding** next week.;
holen;Verb;nan;nan;0;A1;21473;to get/fetch;Ich hole eine Flasche Wasser.;I'll **get** a bottle of water.;
Hotel;Substantiv;neutr.;das;0;A1;2239;hotel;Das **Hotel** ist im Zentrum.;The **hotel** is in the center.;
Hund;Substantiv;mask.;der;0;A1;1519;dog;Der **Hund** spielt im Garten.;The **dog** is playing in the garden.;
hundert;Kardinalzahlwort;nan;nan;0;A1;1438;hundred;**Einhundert** Euro kostet das.;That costs one **hundred** euros.;
Hunger;Substantiv;mask.;der;0;A1;521;hunger;Ich habe großen **Hunger**.;I have great **hunger** (very hungry).;
Hähnchen;Substantiv;neutr.;das;0;A1;5;chicken;Zum Mittagessen gibt es **Hähnchen**.;There is **chicken** for lunch.;
hören;Verb;nan;nan;0;A1;33648;to hear/listen;**Hören** Sie gerne Musik?;Do you like to **listen** to music?;
ich;Personalpronomen;nan;nan;0;A1;113280;I;**Ich** komme aus Berlin.;**I** come from Berlin.;
ihm;Personalpronomen;nan;nan;0;A1;10507;him;Ich gebe **ihm** das Buch.;I give **him** the book.;dative
ihn;Personalpronomen;nan;nan;0;A1;8245;him;Ich kenne **ihn** gut.;I know **him** well.;accusative
ihr;Possessivpronomen;mask., neutr.;nan;0;A1;42831;your (plural)/her;Ist das **ihr** Auto?;Is that **her** car?;
ihre;Possessivpronomen;fem.;nan;0;A1;nan;her/their;Das sind **ihre** Kinder.;Those are **her** children.;
immer;Adverb;nan;nan;0;A1;88982;always;Ich bin **immer** pünktlich.;I am **always** on time.;
in;Präposition;nan;nan;0;A1;34228482;in;Ich wohne **in** Berlin.;I live **in** Berlin.;
Information;Substantiv;fem.;die;0;A1;1463;information;Wo bekomme ich **Informationen?**;Where can I get **information**?;i-
ins;Präposition + Artikel;nan;nan;0;A1;44;into the;Wir gehen **ins** Kino.;We are going **into the** cinema.;
international;Adjektiv;nan;nan;0;A1;6448;international;Berlin ist ein **internationaler** Ort.;Berlin is an **international** place.;
Internet;Substantiv;neutr.;das;0;A1;921;internet;Ich finde die Information im **Internet**.;I find the information on the **internet**.;
ja;nan;nan;nan;0;A1;8993;yes;**Ja**, das ist richtig.;**Yes**, that is correct.;
Jacke;Substantiv;fem.;die;0;A1;39;jacket;Zieh dir eine **Jacke** an.;Put on a **jacket**.;
Jahr;Substantiv;neutr.;das;0;A1;17206;year;Das **Jahr** hat zwölf Monate.;The **year** has twelve months.;
Januar;Substantiv;mask.;der;0;A1;721;January;Der erste Monat ist der **Januar**.;The first month is **January**.;
jede;Indefinitpronomen;fem.;nan;0;A1;nan;every;**Jede** Woche gehen wir einkaufen.;**Every** week we go shopping.;fem.
jeder;Indefinitpronomen;mask.;nan;0;A1;35211;everyone/each;**Jeder** Mensch ist anders.;**Each** person is different.;mas.
jedes;Indefinitpronomen;neutr.;nan;0;A1;nan;every/each;**Jedes** Kind bekommt ein Geschenk.;**Each** child gets a gift.;neu.
jetzt;Adverb;nan;nan;0;A1;9725;now;**Jetzt** habe ich Zeit.;**Now** I have time.;j-
Job;Substantiv;mask.;der;0;A1;478;job;Ich suche einen neuen **Job**.;I am looking for a new **job**.;j-
Jugendliche;Substantiv;fem., mask.;die, der;0;A1;833;teenager/youth;Viele **Jugendliche** spielen Fußball.;Many **teenagers** play soccer.;
Juli;Substantiv;mask.;der;0;A1;646;July;Im **Juli** ist es oft heiß.;It is often hot in **July**.;
jung;Adjektiv;nan;nan;0;A1;3681;young;Er ist noch sehr **jung**.;He is still very **young**.;
Junge;Substantiv;mask.;der;0;A1;573;boy;Der **Junge** spielt im Garten.;The **boy** is playing in the garden.;
Juni;Substantiv;mask.;der;0;A1;657;June;Im **Juni** feiern wir Geburtstag.;We celebrate a birthday in **June**.;
Kaffee;Substantiv;mask.;der;0;A1;738;coffee;Möchten Sie eine Tasse **Kaffee**?;Would you like a cup of **coffee**?;
kaputt;Adjektiv;nan;nan;0;A1;9890;broken;Mein Auto ist leider **kaputt**.;My car is unfortunately **broken**.;
Karte;Substantiv;fem.;die;0;A1;838;card/map;Ich schicke dir eine **Karte**.;I'll send you a **card**.;
Kartoffel;Substantiv;fem.;die;0;A1;420;potato;Ich esse gerne **Kartoffeln.**;I like eating **potatoes**.;
Kasse;Substantiv;fem.;die;0;A1;204;checkout/cash register;Bitte zahlen Sie an der **Kasse**.;Please pay at the **checkout**.;
kaufen;Verb;nan;nan;0;A1;13123;to buy;Ich möchte ein neues Auto **kaufen**.;I want to **buy** a new car.;k-
kein;Indefinitpronomen;nan;nan;0;A1;217161;no/not any;Ich habe **kein** Geld.;I have **no** money.;
kennen;Verb;nan;nan;0;A1;25251;to know;**Kennen** Sie Berlin?;Do you **know** Berlin?;a person/place
kennen lernen;Verb;nan;nan;0;A1;nan;to get to know;Ich möchte dich gerne **kennen lernen**.;I'd like to **get to know** you.;with space
kennenlernen;Verb;nan;nan;0;A1;144;to get to know;Wir haben uns im Urlaub kennengelernt.;We **got to know** each other on vacation.;
Kilo;Substantiv;neutr.;das;0;A1;173;kilo;Zwei **Kilo** Äpfel, bitte.;Two **kilos** of apples, please.;
Kilogramm;Substantiv;neutr.;das;0;A1;266;kilogram;Ein **Kilogramm** sind eintausend Gramm.;One **kilogram** is one thousand grams.;
Kilometer;Substantiv;mask., neutr.;der;0;A1;2555;kilometer;Es sind noch zehn **Kilometer**.;It's still ten **kilometers**.;
Kind;Substantiv;neutr.;das;0;A1;12892;child;Das **Kind** schläft.;The **child** is sleeping.;
Kindergarten;Substantiv;mask.;der;0;A1;13;kindergarten;Mein Sohn geht in den **Kindergarten**.;My son goes to **kindergarten**.;
Kino;Substantiv;neutr.;das;0;A1;298;cinema/movie theater;Gehen wir heute ins **Kino**?;Are we going to the **cinema** today?;
Kiosk;Substantiv;mask.;der;0;A1;63;kiosk;Ich kaufe mir am **Kiosk** eine Zeitung.;I'll buy a newspaper at the **kiosk**.;
klar;Adjektiv;nan;nan;0;A1;8010;clear;Alles **klar**!;Everything **clear** (Alright)!;
Klasse;Substantiv;fem.;die;0;A1;1107;class/grade;In meiner **Klasse** sind zwanzig Schüler.;There are twenty students in my **class**.;noun, k-
Kleidung;Substantiv;fem.;die;0;A1;733;clothes/clothing;Ich brauche neue **Kleidung**.;I need new **clothes**.;
klein;Adjektiv;nan;nan;0;A1;129141;small/little;Das Zimmer ist sehr **klein**.;The room is very **small**.;
kochen;Verb;nan;nan;0;A1;3415;to cook;Ich koche heute eine Suppe.;I am **cooking** a soup today.;
Koffer;Substantiv;mask.;der;0;A1;382;suitcase;Ich packe meinen **Koffer**.;I am packing my **suitcase**.;
Kollege;Substantiv;mask.;der;0;A1;661;colleague;Mein **Kollege** hilft mir.;My **colleague** helps me.;male
kommen;Verb;nan;nan;0;A1;1158860;to come;Wann kommst du nach Hause?;When are you **coming** home?;
Konto;Substantiv;neutr.;das;0;A1;288;account;Ich möchte ein **Konto** eröffnen.;I want to open an **account**.;
Kopf;Substantiv;mask.;der;0;A1;7559;head;Mein **Kopf** tut weh.;My **head** hurts.;
kosten;Verb;nan;nan;0;A1;1831;to cost;Wie viel kostet das?;How much does that **cost**?;
krank;Adjektiv;nan;nan;0;A1;1170;sick/ill;Ich bin heute leider **krank**.;I am unfortunately **sick** today.;
Kreditkarte;Substantiv;fem.;die;0;A1;57;credit card;Kann ich mit **Kreditkarte** zahlen?;Can I pay by **credit card**?;
kriegen;Verb;nan;nan;0;A1;5849;to get;Ich kriege ein Geschenk.;I **get** (am receiving) a gift.;k-
Kuchen;Substantiv;mask.;der;0;A1;335;cake;Möchtest du ein Stück **Kuchen**?;Would you like a piece of **cake**?;
Kugelschreiber;Substantiv;mask.;der;0;A1;49;pen/ballpoint pen;Hast du einen **Kugelschreiber**?;Do you have a **pen**?;
kulturell;Adjektiv;nan;nan;0;A1;1787;cultural;Wir besuchen eine **kulturelle** Veranstaltung.;We are visiting a **cultural** event.;
Kunde;Substantiv;mask.;der;0;A1;1024;customer;Der **Kunde** ist König.;The **customer** is king.;male
Kundin;Substantiv;fem.;die;0;A1;63;customer;Die **Kundin** kauft ein Kleid.;The (female) **customer** is buying a dress.;female
Kurs;Substantiv;mask.;der;0;A1;446;course;Der **Deutschkurs** beginnt morgen.;The German **course** starts tomorrow.;
kurz;Adjektiv;nan;nan;0;A1;14495;short/brief;Ich habe nur **kurz** Zeit.;I have only a **short** time.;
können;Verb;nan;nan;0;A1;744550;to be able to/can;Ich kann Deutsch sprechen.;I **can** speak German.;
Küche;Substantiv;fem.;die;0;A1;951;kitchen;Die **Küche** ist sehr modern.;The **kitchen** is very modern.;
Kühlschrank;Substantiv;mask.;der;0;A1;215;fridge/refrigerator;Die Milch steht im **Kühlschrank**.;The milk is in the **fridge**.;
kümmern;Verb;nan;nan;0;A1;543;to take care of;Ich kümmere mich um die Kinder.;I am **taking care of** the children.;kü-
lachen;Verb;nan;nan;0;A1;7556;to laugh;Wir **lachen** über den Witz.;We **laugh** at the joke.;
Laden;Substantiv;mask.;der;0;A1;164;shop/store;Der **Laden** ist heute geschlossen.;The **shop** is closed today.;l-
Land;Substantiv;neutr.;das;0;A1;38761;country/land;Deutschland ist ein schönes **Land**.;Germany is a beautiful **country**.;
lang;Adjektiv;nan;nan;0;A1;26870;long;Der Weg ist sehr **lang**.;The way is very **long**.;
lange;Adverb;nan;nan;0;A1;16928;long;Wie **lange** bleibst du?;How **long** are you staying?;time
langsam;Adjektiv;nan;nan;0;A1;1551;slow;Fahren Sie bitte **langsam**.;Please drive **slowly**.;
laufen;Verb;nan;nan;0;A1;83165;to run/walk;Ich laufe jeden Morgen im Park.;I **run** (walk) in the park every morning.;
laut;Adjektiv;nan;nan;0;A1;21926;loud/according to;Die Musik ist zu **laut**.;The music is too **loud**.;
Leben;Substantiv;neutr.;das;0;A1;6661;life;Das **Leben** ist schön.;**Life** is beautiful.;
leben;Verb;nan;nan;0;A1;38333;to live;Ich lebe in Berlin.;I **live** in Berlin.;
Lebensmittel;Substantiv;neutr.;das;0;A1;721;food/groceries;Ich kaufe **Lebensmittel** ein.;I am buying **groceries**.;
ledig;Adjektiv;nan;nan;0;A1;151;single/unmarried;Er ist noch **ledig**.;He is still **single**.;
legen;Verb;nan;nan;0;A1;117409;to lay/put;**Legen** Sie das Buch auf den Tisch.;**Lay** (Put) the book on the table.;
Lehrer;Substantiv;mask.;der;0;A1;877;teacher;Der **Lehrer** erklärt die Aufgabe.;The **teacher** is explaining the task.;male
leicht;Adjektiv;nan;nan;0;A1;27432;easy/light;Die Tasche ist sehr **leicht**.;The bag is very **light**.;
leider;Adverb;nan;nan;0;A1;1333;unfortunately;Ich habe **leider** keine Zeit.;**Unfortunately**, I have no time.;
leise;Adjektiv;nan;nan;0;A1;567;quiet/soft;Bitte seien Sie **leise**.;Please be **quiet**.;l-
lernen;Verb;nan;nan;0;A1;6054;to learn/study;Ich lerne Deutsch.;I am **learning** German.;
lesen;Verb;nan;nan;0;A1;19197;to read;Ich lese gerne Bücher.;I like to **read** books.;
letzt;Adjektiv;nan;nan;0;A1;nan;last;Das ist die **letzte** Haltestelle.;That is the **last** stop.;
Leute;Substantiv;nan;nan;1;A1;2092;people;Dort sind many **Leute**.;There are many **people** there.;
Licht;Substantiv;neutr.;das;0;A1;2050;light;Machen Sie bitte das **Licht** aus.;Please turn off the **light**.;
lieb;Adjektiv;nan;nan;0;A1;2482;dear/kind/nice;Das ist sehr **lieb** von dir.;That is very **kind** of you.;
lieben;Verb;nan;nan;0;A1;2930;to love;Ich liebe meine Familie.;I **love** my family.;
lieber;Komparativ;nan;nan;0;A1;2884;rather/preferably;Ich trinke **lieber** Tee als Kaffee.;I'd **rather** drink tea than coffee.;l-
Lieblingslied;Substantiv;neutr.;das;0;A1;14;favorite song;Das ist mein **Lieblingslied**.;That is my **favorite song**.;
Lied;Substantiv;neutr.;das;0;A1;1011;song;Das **Lied** ist sehr schön.;The **song** is very beautiful.;
liegen;Verb;nan;nan;0;A1;385929;to lie/be located;Das Buch liegt auf dem Tisch.;The book **lies** on the table.;
links;Adverb;nan;nan;0;A1;2316;left;Biegen Sie nach **links** ab.;Turn to the **left**.;
Liter;Substantiv;mask., neutr.;der, das;0;A1;416;liter;Ein **Liter** Milch, bitte.;A **liter** of milk, please.;
LKW;Substantiv;mask.;der;0;A1;111;truck/lorry;Der **LKW** fährt auf der Autobahn.;The **truck** is driving on the highway.;
Lkw;Substantiv;mask.;der;0;A1;124;truck/lorry;Der **Lkw** ist sehr groß.;The **truck** is very large.;
Lokal;Substantiv;neutr.;das;0;A1;52;local/pub/restaurant;Wir treffen uns im **Lokal**.;We are meeting at the **local** (pub).;
lustig;Adjektiv;nan;nan;0;A1;476;funny;Der Film war sehr **lustig**.;The movie was very **funny**.;
Lösung;Substantiv;fem.;die;0;A1;860;solution/answer;Das ist die richtige **Lösung**.;That is the right **solution**.;
machen;Verb;nan;nan;0;A1;753818;to do/make;Was machst du heute?;What are you **doing** today?;
Mai;Substantiv;mask.;der;0;A1;2605;May;Im **Mai** blühen die Bäume.;In **May** the trees bloom.;
man;Indefinitpronomen;nan;nan;0;A1;212281;one/you/they;Hier darf **man** nicht parken.;**One** is not allowed to park here.;
Mann;Substantiv;mask.;der;0;A1;11396;man;Der **Mann** dort drüben ist mein Bruder.;The **man** over there is my brother.;
Maschine;Substantiv;fem.;die;0;A1;1017;machine;Die **Maschine** arbeitet automatisch.;The **machine** works automatically.;
Meer;Substantiv;neutr.;das;0;A1;1493;sea/ocean;Wir machen Urlaub am **Meer**.;We are taking a holiday by the **sea**.;
mehr;Komparativ;nan;nan;0;A1;53596;more;Ich möchte **mehr** Kaffee.;I want **more** coffee.;
mein;Possessivpronomen;mask., neutr.;nan;0;A1;30092;my;Das ist **mein** Haus.;That is **my** house.;
meine;Possessivpronomen;fem.;nan;0;A1;1191;my;Das ist **meine** Tasche.;That is **my** bag.;female
meist;Superlativ;nan;nan;0;A1;5355;most/mostly;Am **meistens** besuche ich meine Oma.;**Mostly** I visit my grandma.;
Mensch;Substantiv;mask.;der;0;A1;12086;human/person;Jeder **Mensch** braucht Freunde.;Every **human** needs friends.;
Meter;Substantiv;mask., neutr.;der;0;A1;2395;meter;Das Zimmer ist vier **Meter** lang.;The room is four **meters** long.;
Miete;Substantiv;fem.;die;0;A1;503;rent;Die **Miete** für die Wohnung ist hoch.;The **rent** for the apartment is high.;
mieten;Verb;nan;nan;0;A1;440;to rent;Ich möchte ein Auto **mieten**.;I want to **rent** a car.;
Milch;Substantiv;fem.;die;0;A1;640;milk;Ein Glas **Milch**, bitte.;A glass of **milk**, please.;
Milliarde;Substantiv;fem.;die;0;A1;759;billion;Die Firma hat eine **Milliarde** Gewinn gemacht.;The company made a profit of one **billion**.;
Million;Substantiv;fem.;die;0;A1;4633;million;Berlin hat über drei **Millionen** Einwohner.;Berlin has over three **million** inhabitants.;
Minute;Substantiv;fem.;die;0;A1;1562;minute;Ich komme in einer **Minute**.;I'll be there in a **minute**.;
mit;Präposition;nan;nan;0;A1;11423742;with;Ich fahre **mit** dem Auto.;I go **with** (by) the car.;
mitbringen;Verb;nan;nan;0;A1;361;to bring along;Soll ich etwas **mitbringen**?;Should I **bring** anything **along**?;
mitkommen;Verb;nan;nan;0;A1;119;to come along;Willst du **mitkommen**?;Do you want to **come along**?;
mitmachen;Verb;nan;nan;0;A1;80;to participate/join in;Wir **machen** bei dem Spiel **mit.**;We are **participating** in the game.;m-
mitnehmen;Verb;nan;nan;0;A1;214;to take along;Kann ich einen Freund **mitnehmen**?;Can I **take** a friend **along**?;
Mittag;Substantiv;mask.;der;0;A1;253;noon;Am **Mittag** essen wir zu Hause.;At **noon** we eat at home.;
Mitte;Substantiv;fem.;die;0;A1;1622;middle/center;Das Haus steht in der **Mitte**.;The house is in the **middle**.;
Mittwoch;Substantiv;mask.;der;0;A1;430;Wednesday;Am **Mittwoch** habe ich frei.;I have the day off on **Wednesday**.;
Moment;Substantiv;mask.;der;0;A1;826;moment;Einen **Moment**, bitte.;A **moment**, please.;
Montag;Substantiv;mask.;der;0;A1;487;Monday;Der erste Arbeitstag ist **Montag**.;The first day of work is **Monday**.;
Morgen;Substantiv;mask.;der;0;A1;2212;morning;Am **Morgen** trinke ich Kaffee.;In the **morning** I drink coffee.;
morgen;Adverb;nan;nan;0;A1;2212;tomorrow;Ich komme **morgen** vorbei.;I'll stop by **tomorrow**.;
Mund;Substantiv;mask.;der;0;A1;2125;mouth;Bitte mach den **Mund** auf.;Please open your **mouth**.;
Mutter;Substantiv;fem.;die;0;A1;6864;mother;Meine **Mutter** kocht sehr gut.;My **mother** cooks very well.;
Mädchen;Substantiv;neutr.;das;0;A1;3023;girl;Das **Mädchen** spielt mit dem Ball.;The **girl** is playing with the ball.;
männlich;Adjektiv;nan;nan;0;A1;1998;male;Bitte geben Sie an: **männlich** oder weiblich.;Please indicate: **male** or female.;
März;Substantiv;mask.;der;0;A1;773;March;Der Frühling beginnt im **März**.;Spring begins in **March**.;
Möbel;Substantiv;neutr.;das;0;A1;312;furniture;Ich brauche neue **Möbel**.;I need new **furniture**.;
mögen;Verb;nan;nan;0;A1;5896;to like;Ich mag Pizza.;I **like** pizza.;m-
möglich;Adjektiv;nan;nan;0;A1;5605;possible;Das ist leider nicht **möglich**.;That is unfortunately not **possible**.;m-
müde;Adjektiv;nan;nan;0;A1;321;tired/sleepy;Ich bin so **müde**.;I am so **tired** (sleepy).;
müssen;Verb;nan;nan;0;A1;49274;must/have to;Ich muss heute arbeiten.;I **must** work today.;
nach;Präposition;nan;nan;0;A1;573683;after/to;Ich fahre **nach** Berlin.;I'm going **to** Berlin.;cities/countries
Nachmittag;Substantiv;mask.;der;0;A1;472;afternoon;Am **Nachmittag** treffe ich Freunde.;In the **afternoon** I meet friends.;
Name;Substantiv;mask.;der;0;A1;3661;name;Mein **Name** ist Thomas.;My **name** is Thomas.;
Namen;Substantiv;mask.;der;0;A1;nan;name;Wie ist Ihr Name?;What is your **name**?;-n
nehmen;Verb;nan;nan;0;A1;241209;to take;Ich nehme ein taxi.;I'll **take** a taxi.;
nein;Partikel;nan;nan;0;A1;535;no;**Nein**, das möchte ich nicht.;**No**, I don't want that.;
neu;Adjektiv;nan;nan;0;A1;61989;new;Das Auto ist ganz **neu**.;The car is brand **new**.;
neun;Kardinalzahlwort;nan;nan;0;A1;609;nine;Es ist **neun** Uhr.;It is **nine** o'clock.;
neunzehn;Kardinalzahlwort;nan;nan;0;A1;46;nineteen;Er ist **neunzehn** Jahre alt.;He is **nineteen** years old.;
neunzig;Kardinalzahlwort;nan;nan;0;A1;82;ninety;Es kostet **neunzig** Euro.;It costs **ninety** euros.;
nicht;Adverb;nan;nan;0;A1;2273356;not;Das ist **nicht** wahr.;That is **not** true.;
nichts;Indefinitpronomen;nan;nan;0;A1;30462;nothing;Ich habe **nichts** gegessen.;I have eaten **nothing**.;
nie;Adverb;nan;nan;0;A1;11826;never;Ich war noch **nie** in Japan.;I have **never** been to Japan.;
noch;Adverb;nan;nan;0;A1;187700;still/yet;Ich bin **noch** müde.;I am **still** tired.;
Norden;Substantiv;mask.;der;0;A1;1276;North;Hamburg liegt im **Norden**.;Hamburg is in the **North**.;
normal;Adjektiv;nan;nan;0;A1;655;normal;Das ist ganz **normal**.;That is quite **normal**.;
November;Substantiv;mask.;der;0;A1;700;November;Im **November** ist es oft grau.;It is often grey in **November**.;
Nummer;Substantiv;fem.;die;0;A1;534;number;Wie ist Ihre **Telefonnummer**?;What is your phone **number**?;n-
nur;Adverb;nan;nan;0;A1;186978;only;Ich habe **nur** fünf Euro.;I **only** have five euros.;
nächst;Superlativ;nan;nan;0;A1;31;next;Bis zum **nächsten** Mal!;Until the **next** time!;
oben;Adverb;nan;nan;0;A1;8761;above/upstairs;Die Wohnung ist **oben**.;The apartment is **upstairs**.;
Obst;Substantiv;neutr.;das;0;A1;322;fruit;Möchten Sie etwas **Obst**?;Would you like some **fruit**?;o-
oder;Konjunktion;nan;nan;0;A1;62048;or;Tee **oder** Kaffee?;Tea **or** coffee?;
oft;Adverb;nan;nan;0;A1;5049;often;Ich gehe **oft** ins Kino.;I **often** go to the cinema.;
ohne;nan;nan;nan;0;A1;125773;without;Ich trinke kaffee **ohne** Zucker.;I drink coffee **without** sugar.;
Oktober;Substantiv;mask.;der;0;A1;700;October;Im **Oktober** feiern wir ein Fest.;We celebrate a festival in **October**.;
Oma;Substantiv;fem.;die;0;A1;366;grandma;Meine **Oma** kocht Suppe.;My **grandma** is cooking soup.;o-
Opa;Substantiv;mask.;der;0;A1;865;grandpa;Mein **Opa** liest die Zeitung.;My **grandpa** is reading the newspaper.;o-
Ordnung;Substantiv;fem.;die;0;A1;3705;order/okay;Alles in **Ordnung**!;Everything in **order** (Alright)!;
Ort;Substantiv;mask.;der;0;A1;4605;place/location;Das ist ein schöner **Ort**.;That is a beautiful **place**.;o-, general location
Osten;Substantiv;mask.;der;0;A1;1424;East;Berlin liegt im **Osten**.;Berlin is in the **East**.;
Papier;Substantiv;neutr.;das;0;A1;1038;paper;Ich brauche ein Blatt **Papier**.;I need a sheet of **paper**.;
Partner;Substantiv;mask.;der;0;A1;517;partner;Das ist mein **Partner**.;This is my **partner**.;male
Partnerin;Substantiv;fem.;die;0;A1;81;partner;Das ist meine **Partnerin**.;This is my (female) **partner**.;female
Party;Substantiv;fem.;die;0;A1;272;party;Kommst du zur **Party**?;Are you coming to the **party**?;
Pass;Substantiv;mask.;der;0;A1;1079;passport;Hier ist mein **Pass**.;Here is my **passport**.;
Pause;Substantiv;fem.;die;0;A1;432;break/pause;Wir machen eine **Pause**.;We are taking a **break**.;
Pfund;Substantiv;neutr.;das;0;A1;220;pound;Ein **Pfund** Äpfel, bitte.;A **pound** of apples, please.;
Plan;Substantiv;mask.;der;0;A1;2205;plan;Ich habe einen guten **Plan**.;I have a good **plan**.;
Platz;Substantiv;mask.;der;0;A1;10187;place/seat;Ist dieser **Platz** noch frei?;Is this **seat** still free?;p-, specific location
Polizei;Substantiv;fem.;die;0;A1;1488;police;Rufen Sie bitte die **Polizei**.;Please call the **police**.;
Pommes frites;Mehrwortausdruck;nan;nan;1;A1;nan;french fries;Ich esse gerne **Pommes frites**.;I like to eat **french fries**.;
Post;Substantiv;fem.;die;0;A1;2118;post office/mail;Die **Post** ist gleich um die Ecke.;The **post office** is just around the corner.;
Postleitzahl;Substantiv;fem.;die;0;A1;24;zip code;Wie ist Ihre **Postleitzahl**?;What is your **zip code**?;
Praktikum;Substantiv;neutr.;das;0;A1;71;internship;Ich mache ein **Praktikum** bei einer Firma.;I'm doing an **internship** at a company.;
Praxis;Substantiv;fem.;die;0;A1;452;practice/doctor's office;Die **Praxis** ist heute geschlossen.;The **doctor's office** is closed today.;
Preis;Substantiv;mask.;der;0;A1;1401;price;Der **Preis** ist zu hoch.;The **price** is too high.;
Problem;Substantiv;neutr.;das;0;A1;2078;problem;Ich habe kein **Problem**.;I don't have a **problem**.;
Prospekt;Substantiv;mask., neutr.;der;0;A1;45;brochure/flyer;Ich lese den **Prospekt**.;I am reading the **brochure**.;
Prozent;Substantiv;neutr.;das;0;A1;2834;percent;Zehn **Prozent** Rabatt.;Ten **percent** discount.;
Prüfung;Substantiv;fem.;die;0;A1;628;exam/examination;Die **Prüfung** war nicht schwer.;The **exam** was not difficult.;
pünktlich;Adjektiv;nan;nan;0;A1;415;punctual/on time;Er ist immer **pünktlich**.;He is always **punctual**.;
Quadratmeter;Substantiv;mask., neutr.;der;0;A1;204;square meter;Die Wohnung hat 100 **Quadratmeter**.;The apartment has 100 **square meters**.;
Rad fahren;Mehrwortausdruck;nan;nan;0;A1;nan;to ride a bike;Ich gehe gerne **Rad fahren**.;I like to **ride a bike**.;
rauchen;Verb;nan;nan;0;A1;1580;to smoke;Hier darf man nicht **rauchen**.;You are not allowed to **smoke** here.;
Raum;Substantiv;mask.;der;0;A1;3056;space;Der **Raum** ist sehr groß.;The **space** is very large.;
Rechnung;Substantiv;fem.;die;0;A1;410;bill/invoice/calculation;Bringen Sie mir bitte die **Rechnung**.;Please bring me the **bill**.;
rechts;Adverb;nan;nan;0;A1;1613;right;Gehen Sie bitte nach **rechts**.;Please go to the **right**.;
Regen;Substantiv;mask.;der;0;A1;899;rain;Ich mag den **Regen** nicht.;I don't like the **rain**.;
regnen;Verb;nan;nan;0;A1;1615;to rain;Heute wird es **regnen**.;It's going to **rain** today.;
Reis;Substantiv;mask.;der;0;A1;264;rice;Zum Essen gibt es **Reis**.;There is **rice** for the meal.;
Reise;Substantiv;fem.;die;0;A1;5017;journey/trip;Gute **Reise**!;Have a good **journey/trip**!;
Reisebüro;Substantiv;neutr.;das;0;A1;42;travel agency;Ich buche meinen Urlaub im **Reisebüro**.;I am booking my holiday at the **travel agency**.;
Reiseführer;Substantiv;mask.;der;0;A1;54;guide;Der **Reiseführer** zeigt uns die Stadt.;The **guide** shows us the city.;person or book
reisen;Verb;nan;nan;0;A1;3974;to travel;Ich reise gerne nach Spanien.;I like to **travel** to Spain.;
Reparatur;Substantiv;fem.;die;0;A1;166;repair;Die **Reparatur** des Autos ist teuer.;The **repair** of the car is expensive.;
reparieren;Verb;nan;nan;0;A1;562;to repair/fix;Kannst du mein Fahrrad **reparieren**?;Can you **repair** my bicycle?;
Restaurant;Substantiv;neutr.;das;0;A1;578;restaurant;Wir essen heute im **Restaurant**.;We are eating at a **restaurant** today.;
Rezeption;Substantiv;fem.;die;0;A1;67;reception;Fragen Sie bitte an der **Rezeption**.;Please ask at the **reception**.;desk
richtig;Adjektiv;nan;nan;0;A1;2362;correct/right;Die Antwort ist **richtig**.;The answer is **correct**.;
riechen;Verb;nan;nan;0;A1;638;to smell;Die Blumen **riechen** gut.;The flowers **smell** good.;
rot;Adjektiv;nan;nan;0;A1;40521;red;Das ist eine **rote** Blume.;That is a **red** flower.;
ruhig;Adjektiv;nan;nan;0;A1;989;quiet/calm;Es ist hier sehr **ruhig**.;It is very **quiet** here.;r-
S-Bahn;Substantiv;fem.;die;0;A1;2;S-Bahn;Ich fahre mit der **S-Bahn**.;I'm taking the **S-Bahn**.;suburban train
Saft;Substantiv;mask.;der;0;A1;219;juice;Möchtest du einen **Orangensaft**?;Would you like an orange **juice**?;
sagen;Verb;nan;nan;0;A1;185712;to say/tell;Was hat er gesagt?;What did he **say**?;
Salat;Substantiv;mask.;der;0;A1;299;salad/lettuce;Ich esse mittags einen **Salat**.;I eat a **salad** at noon.;
Salz;Substantiv;neutr.;das;0;A1;947;salt;Bringen Sie mir bitte das **Salz**.;Please bring me the **salt**.;
Samstag;Substantiv;mask.;der;0;A1;478;Saturday;Am **Samstag** habe ich frei.;I have the day off on **Saturday**.;Sa-
Satz;Substantiv;mask.;der;0;A1;3429;sentence;Schreiben Sie bitte einen **Satz**.;Please write a **sentence**.;
Schalter;Substantiv;mask.;der;0;A1;125;counter/switch;Gehen Sie bitte zum **Schalter** 4.;Please go to **counter** 4.;
scheinen;Verb;nan;nan;0;A1;14513;to seem/shine;Die Sonne scheint heute.;The sun is **shining** today.;
schicken;Verb;nan;nan;0;A1;17972;to send;Ich schicke dir ein Paket.;I am **sending** you a package.;
Schild;Substantiv;neutr.;das;0;A1;99;sign/shield;"Das **Schild** sagt ""Halt"".";"The **sign** says ""Stop"".";
Schinken;Substantiv;mask.;der;0;A1;3;ham;Möchtest du ein Brot mit **Schinken**?;Would you like bread with **ham**?;
schlafen;Verb;nan;nan;0;A1;4743;to sleep;Das Baby schläft schon.;The baby is already **sleeping**.;
schlecht;Adjektiv;nan;nan;0;A1;3965;bad;Das Wetter ist heute **schlecht**.;The weather is **bad** today.;
schließen;Verb;nan;nan;0;A1;14558;to close/shut;Bitte **schließen** Sie die Tür.;Please **close** the door.;verb
Schluss;Substantiv;mask.;der;0;A1;1086;end/finish;Jetzt ist **Schluss** für heute.;That's the **end** for today (We're done).;s-
Schlüssel;Substantiv;mask.;der;0;A1;329;key;Wo ist mein **Schlüssel**?;Where is my **key**?;
schmecken;Verb;nan;nan;0;A1;1868;to taste;Das Essen schmeckt gut.;The food **tastes** good.;
schnell;Adjektiv;nan;nan;0;A1;14633;fast/quick;Er läuft sehr **schnell**.;He runs very **fast**.;
schon;Adverb;nan;nan;0;A1;10410;already;Ich bin **schon** fertig.;I am **already** finished.;
Schrank;Substantiv;mask.;der;0;A1;287;cupboard/closet;Die Gläser stehen im **Schrank**.;The glasses are in the **cupboard**.;
schreiben;Verb;nan;nan;0;A1;61257;to write;Ich schreibe einen Brief.;I am **writing** a letter.;
Schuh;Substantiv;mask.;der;0;A1;594;shoe;Meine **Schuhe** sind neu.;My **shoes** are new.;
Schule;Substantiv;fem.;die;0;A1;2208;school;Die Kinder gehen zur **Schule**.;The children go to **school**.;
schwarz;Adjektiv;nan;nan;0;A1;45021;black;Er trägt eine **schwarze** Hose.;He is wearing **black** pants.;
schwer;Adjektiv;nan;nan;0;A1;22336;heavy/difficult;Die Kiste ist sehr **schwer**.;The box is very **heavy**.;
Schwester;Substantiv;fem.;die;0;A1;777;sister;Meine **Schwester** wohnt in Köln.;My **sister** lives in Cologne.;
Schwimmbad;Substantiv;neutr.;das;0;A1;73;swimming pool;Wir gehen ins **Schwimmbad**.;We are going to the **swimming pool**.;
schwimmen;Verb;nan;nan;0;A1;12481;to swim;Ich schwimme gerne im See.;I like to **swim** in the lake.;
schön;Adjektiv;nan;nan;0;A1;2166;beautiful/nice;Das ist ein **schöner** Tag.;This is a **beautiful** day.;
Schüler;Substantiv;mask.;der;0;A1;1332;student/pupil;Der **Schüler** lernt Deutsch.;The **student** is learning German.;sc-, male
sechs;Kardinalzahlwort;nan;nan;0;A1;1607;six;Ich habe **sechs** Äpfel.;I have **six** apples.;
sechzehn;Kardinalzahlwort;nan;nan;0;A1;100;sixteen;Er ist **sechzehn** Jahre alt.;He is **sixteen** years old.;
sechzig;Kardinalzahlwort;nan;nan;0;A1;144;sixty;Das kostet **sechzig** Euro.;That costs **sixty** euros.;
See;Substantiv;mask.;der;0;A1;3701;lake;Der **See** ist sehr tief.;The **lake** is very deep.;
sehen;Verb;nan;nan;0;A1;340222;to see/look;Ich sehe dich.;I **see** you.;
Sehenswürdigkeit;Substantiv;fem.;die;0;A1;81;sight;Das Brandenburger Tor ist eine **Sehenswürdigkeit**.;The Brandenburg Gate is a **sight**.;tourist attraction
sehr;Adverb;nan;nan;0;A1;21122;very;Das ist **sehr** gut.;That is **very** good.;
sein;Verb;nan;nan;0;A1;2016470;to be;Ich bin glücklich.;I **am** happy.;
seine;Possessivpronomen;fem.;nan;0;A1;nan;his;Das ist **seine** Tasche.;That is **his** bag.;female
seit;nan;nan;nan;0;A1;6577;since/for;Ich lebe **seit** zwei Jahren hier.;I have lived here **for** two years.;time
Sekunde;Substantiv;fem.;die;0;A1;604;second;Warten Sie bitte eine **Sekunde**.;Please wait for a **second**.;time unit
selbstständig;Adjektiv;nan;nan;0;A1;252;independent/self-employed;Er arbeitet **selbstständig**.;He works **independently** (is self-employed).;-st-
selbständig;Adjektiv;nan;nan;0;A1;284;independent/self-employed;Sie ist eine **selbständige** Frau.;She is an **independent** woman.;
September;Substantiv;mask.;der;0;A1;712;September;Im **September** beginnt die Schule.;School starts in **September**.;
sich;Reflexivpronomen;nan;nan;0;A1;12859192;self;Er wäscht **sich** die Hände.;He washes **himself** the hands (washes his hands).;
Sie;Personalpronomen;nan;nan;0;A1;59741;you;Wie heißen **Sie**?;What is **your** name (formal)?;formal
sie;Personalpronomen;nan;nan;0;A1;59741;she/they;**Sie** heißt Maria.;**She** is called Maria.;
sieben;Kardinalzahlwort;nan;nan;0;A1;5400;seven;Ich habe **sieben** Euro.;I have **seven** euros.;
siebenzig;Kardinalzahlwort;nan;nan;0;A1;1;seventy;Er ist **siebenzig** Jahre alt.;He is **seventy** years old.;colloquial
siebzehn;Kardinalzahlwort;nan;nan;0;A1;68;seventeen;Ich bin **siebzehn** Jahre alt.;I am **seventeen** years old.;
siebzig;Kardinalzahlwort;nan;nan;0;A1;107;seventy;Es kostet **siebzig** Euro.;That costs **seventy** euros.;
sitzen;Verb;nan;nan;0;A1;60829;to sit;Bitte setzen Sie sich (**sitzen** Sie hier).;Please **sit** here.;
so;nan;nan;nan;0;A1;444502;so/like this;Machen Sie es bitte **so**.;Please do it **like this**.;
Sofa;Substantiv;neutr.;das;0;A1;216;sofa;Die Katze schläft auf dem **Sofa**.;The cat is sleeping on the **sofa**.;
sofort;Adverb;nan;nan;0;A1;1212;immediately/right away;Ich komme **sofort**.;I'll be there **immediately**.;
Sohn;Substantiv;mask.;der;0;A1;2245;son;Mein **Sohn** geht zur Schule.;My **son** goes to school.;
sollen;Verb;nan;nan;0;A1;77994;should/shall;Soll ich dir helfen?;**Should** I help you?;
Sommer;Substantiv;mask.;der;0;A1;1190;summer;Im **Sommer** ist es warm.;It is warm in **summer**.;
Sonnabend;Substantiv;mask.;der;0;A1;4;Saturday;Wir kommen am **Sonnabend**.;We are coming on **Saturday**.;So-
Sonne;Substantiv;fem.;die;0;A1;1349;sun;Die **Sonne** scheint.;The **sun** is shining.;
Sonntag;Substantiv;mask.;der;0;A1;751;Sunday;Am **Sonntag** schlafen wir lange.;On **Sunday** we sleep for a long time.;
Speisekarte;Substantiv;fem.;die;0;A1;60;menu;Bringen Sie mir bitte die **Speisekarte**.;Please bring me the **menu**.;
Speisenkarte;Substantiv;fem.;die;0;A1;3;menu;Hier ist die **Speisenkarte**.;Here is the **menu**.;-n-
spielen;Verb;nan;nan;0;A1;64113;to play;Die Kinder **spielen** im Garten.;The children are **playing** in the garden.;
Sport;Substantiv;mask.;der;0;A1;1254;sport;Ich mache gerne **Sport**.;I like to do **sport**.;
Sprache;Substantiv;fem.;die;0;A1;8057;language;Welche **Sprachen** sprechen Sie?;Which **languages** do you speak?;
sprechen;Verb;nan;nan;0;A1;53954;to speak;Kannst du Deutsch **sprechen**?;Can you **speak** German?;
spät;Adjektiv;nan;nan;0;A1;5998;late;Es ist schon **spät**.;It's already **late**.;
später;Adjektiv;nan;nan;0;A1;nan;later;Wir sehen uns **später**.;We'll see each other **later**.;
Stadt;Substantiv;fem.;die;0;A1;33577;city/town;Berlin ist eine große **Stadt**.;Berlin is a large **city**.;
stehen;Verb;nan;nan;0;A1;493087;to stand;Er steht an der Ecke.;He is **standing** at the corner.;
Stelle;Substantiv;fem.;die;0;A1;3995;position/job;Ich habe eine neue **Stelle**.;I have a new **job/position**.;
stellen;Verb;nan;nan;0;A1;211909;to place/set;Bitte **stellen** Sie das Glas auf den Tisch.;Please **place** the glass on the table.;
Stock;Substantiv;mask.;der;0;A1;383;floor/story;Ich wohne im ersten **Stock**.;I live on the first **floor**.;
Straße;Substantiv;fem.;die;0;A1;19970;street/road;Die **Straße** ist sehr laut.;The **street** is very loud.;
Straßenbahn;Substantiv;fem.;die;0;A1;151;tram/streetcar;Ich fahre mit der **Straßenbahn**.;I'm taking the **tram**.;s-
Student;Substantiv;mask.;der;0;A1;685;student;Er ist **Student** an der Universität.;He is a **student** at the university.;male, st-
studieren;Verb;nan;nan;0;A1;1905;to study;Ich studiere Medizin.;I am **studying** medicine.;at university
Studium;Substantiv;neutr.;das;0;A1;987;studies;Mein **Studium** macht mir Spaß.;I enjoy my **studies**.;
Stunde;Substantiv;fem.;die;0;A1;2544;hour;Der Film dauert zwei **Stunden.**;The movie lasts two **hours**.;
suchen;Verb;nan;nan;0;A1;19236;to look for/search;Ich suche meinen Schlüssel.;I am **looking for** my key.;
Süden;Substantiv;mask.;der;0;A1;1080;South;München liegt im **Süden**.;Munich is in the **South**.;
Tag;Substantiv;mask.;der;0;A1;55357;day;Guten **Tag**!;Good **day**!;
tanzen;Verb;nan;nan;0;A1;3400;to dance;Möchten Sie **tanzen**?;Would you like to **dance**?;
Tasche;Substantiv;fem.;die;0;A1;594;bag/pocket;Ich habe den Schlüssel in der **Tasche**.;I have the key in my **pocket**.;
tausend;Kardinalzahlwort;nan;nan;0;A1;905;thousand;**Eintausend** Euro sind viel Geld.;One **thousand** euros is a lot of money.;
Taxi;Substantiv;neutr., mask.;das;0;A1;133;taxi/cab;Ich fahre mit dem **Taxi** nach Hause.;I'm taking a **taxi** home.;
Tee;Substantiv;mask.;der;0;A1;532;tea;Möchten Sie eine Tasse **Tee**?;Would you like a cup of **tea**?;
Teil;Substantiv;mask., neutr.;der, das;0;A1;7761;part;Das ist nur ein **Teil** der Geschichte.;That's only **part** of the story.;
Telefon;Substantiv;neutr.;das;0;A1;372;telephone/phone;Das **Telefon** ist kaputt.;The **telephone** is broken.;
telefonieren;Verb;nan;nan;0;A1;951;to talk on the phone;Er telefoniert gerade.;He's **talking on the phone** right now.;t-
Termin;Substantiv;mask.;der;0;A1;333;appointment;Ich habe heute einen **Termin** beim Arzt.;I have an **appointment** with the doctor today.;
Test;Substantiv;mask.;der;0;A1;513;test;Der **Test** war nicht schwer.;The **test** was not difficult.;
teuer;Adjektiv;nan;nan;0;A1;702;expensive;Das Auto ist sehr **teuer**.;The car is very **expensive**.;
Text;Substantiv;mask.;der;0;A1;2085;text;Lesen Sie bitte diesen **Text**.;Please read this **text**.;
Thema;Substantiv;neutr.;das;0;A1;1786;topic/theme;Das **Thema** der Stunde ist Umweltschutz.;The **topic** of the lesson is environmental protection.;
Ticket;Substantiv;neutr.;das;0;A1;116;ticket;Hast du dein **Ticket** gekauft?;Did you buy your **ticket**?;t-
Tisch;Substantiv;mask.;der;0;A1;1660;table;Das Essen steht auf dem **Tisch**.;The food is on the **table**.;
Tochter;Substantiv;fem.;die;0;A1;1880;daughter;Meine **Tochter** geht in den Kindergarten.;My **daughter** goes to kindergarten.;
Toilette;Substantiv;fem.;die;0;A1;226;toilet/restroom;Wo ist die **Toilette**?;Where is the **toilet**?;
Tomate;Substantiv;fem.;die;0;A1;312;tomato;Ich esse gerne **Tomaten.**;I like to eat **tomatoes**.;
tot;Adjektiv;nan;nan;0;A1;5184;dead;Mein Fisch ist leider **tot**.;My fish is unfortunately **dead**.;
treffen;Verb;nan;nan;0;A1;16367;to meet;Wir **treffen** uns im Café.;We are **meeting** at the café.;t-
Treppe;Substantiv;fem.;die;0;A1;490;stairs/staircase;Gehen Sie bitte die **Treppe** hoch.;Please go up the **stairs**.;
trinken;Verb;nan;nan;0;A1;6549;to drink;Ich trinke gerne Wasser.;I like to **drink** water.;
Tschüss;Interjektion;nan;nan;0;A1;11;bye/goodbye;**Tschüss**, bis morgen!;**Bye**, see you tomorrow!;
tschüss;Interjektion;nan;nan;0;A1;nan;bye/goodbye;Ich sage **tschüss**.;I say **bye**.;
tun;Verb;nan;nan;0;A1;57159;to do;Was kann ich für Sie **tun**?;What can I **do** for you?;
Uhr;Substantiv;fem.;die;0;A1;1902;clock/o'clock/watch;Wie viel **Uhr** ist es?;What **o'clock** (time) is it?;
um;Präposition;nan;nan;0;A1;652476;at (time)/around;Der Film beginnt **um** 20 Uhr.;The movie starts **at** 8 PM.;
umziehen;Verb;nan;nan;0;A1;165;to move (house)/change clothes;Wir ziehen nächste Woche um.;We are **moving** next week.;
und;Konjunktion;nan;nan;0;A1;2114277;and;Ich habe einen Bruder **und** eine Schwester.;I have a brother **and** a sister.;
unser;Possessivpronomen;mask., neutr.;nan;0;A1;7907;our;Das ist **unser** Haus.;That is **our** house.;
unsere;Possessivpronomen;fem.;nan;0;A1;nan;our;Das ist **unsere** Katze.;That is **our** cat.;fem.
unsre;Possessivpronomen;fem.;nan;0;A1;17;our;Wo ist **unsre** Tasche?;Where is **our** bag?;fem./slang
unten;Adverb;nan;nan;0;A1;4585;below/downstairs;Die Post ist **unten**.;The post office is **downstairs**.;
unter;Präposition;nan;nan;0;A1;403116;under/among;Die Katze ist **unter** dem Tisch.;The cat is **under** the table.;
Unterricht;Substantiv;mask.;der;0;A1;445;lesson/class;Der **Unterricht** beginnt um 8 Uhr.;The **lesson** starts at 8 AM.;noun, u-
unterschreiben;Verb;nan;nan;0;A1;199;to sign;Bitte **unterschreiben** Sie hier.;Please **sign** here.;
Unterschrift;Substantiv;fem.;die;0;A1;140;signature;Ihre **Unterschrift** fehlt noch.;Your **signature** is still missing.;
Urlaub;Substantiv;mask.;der;0;A1;1826;vacation/holiday;Wir machen im August **Urlaub**.;We are taking a **vacation** in August.;u-
Vater;Substantiv;mask.;der;0;A1;6332;father;Mein **Vater** arbeitet in einer Bank.;My **father** works at a bank.;
verboten;partizipiales Adjektiv;nan;nan;0;A1;73;forbidden/prohibited;Parken ist hier **verboten**.;Parking is **forbidden** here.;
verdienen;Verb;nan;nan;0;A1;3802;to earn/deserve;Er verdient viel Geld.;He **earns** a lot of money.;
Verein;Substantiv;mask.;der;0;A1;720;club/association;Ich bin in einem **Fußballverein**.;I am in a soccer **club**.;
verheiratet;partizipiales Adjektiv;nan;nan;0;A1;17;married;Ich bin seit fünf Jahren **verheiratet**.;I have been **married** for five years.;
verkaufen;Verb;nan;nan;0;A1;5897;to sell;Wir **verkaufen** unser Auto.;We are **selling** our car.;
Verkäufer;Substantiv;mask.;der;0;A1;169;seller/salesman;Der **Verkäufer** ist sehr nett.;The **salesman** is very nice.;
vermieten;Verb;nan;nan;0;A1;459;to rent out;Ich möchte mein Zimmer **vermieten**.;I want to **rent out** my room.;
Vermieter;Substantiv;mask.;der;0;A1;116;landlord;Der **Vermieter** wohnt im selben Haus.;The **landlord** lives in the same house.;
verstehen;Verb;nan;nan;0;A1;2082;to understand;Können Sie mich **verstehen**?;Can you **understand** me?;
Verwandte;Substantiv;fem., mask.;die, der;0;A1;584;relative;Ich besuche am Wochenende meine **Verwandten.**;I'm visiting my **relatives** on the weekend.;
viel;Adjektiv;nan;nan;0;A1;35830;much/many/a lot;Ich habe **viel** Arbeit.;I have **a lot** of work.;
vielleicht;Adverb;nan;nan;0;A1;1873;maybe/perhaps;**Vielleicht** komme ich morgen.;**Maybe** I'll come tomorrow.;
vier;Kardinalzahlwort;nan;nan;0;A1;5977;four;Ich habe **vier** Kinder.;I have **four** children.;
vierte;Ordinalzahlwort;nan;nan;0;A1;24;fourth;Das ist der **vierte** Teil.;That is the **fourth** part.;
Viertel;Substantiv;neutr., mask.;das;0;A1;479;quarter;Es ist **Viertel** vor eins.;It's a **quarter** to one.;
vierzehn;Kardinalzahlwort;nan;nan;0;A1;136;fourteen;Er ist **vierzehn** Jahre alt.;He is **fourteen** years old.;
vierzig;Kardinalzahlwort;nan;nan;0;A1;225;forty;Das Ticket kostet **vierzig** Euro.;The ticket costs **forty** euros.;
von;Präposition;nan;nan;0;A1;4958895;from/of;Der Brief ist **von** meinem Vater.;The letter is **from** my father.;
vor;Präposition;nan;nan;0;A1;305332;in front of/before/ago;Das Auto steht **vor** dem Haus.;The car is **in front of** the house.;
Vormittag;Substantiv;mask.;der;0;A1;181;late morning/forenoon;Am **Vormittag** bin ich im Büro.;In the **late morning** I am in the office.;
Vorname;Substantiv;mask.;der;0;A1;1849;first name;Wie ist Ihr **Vorname**?;What is your **first name**?;
Vorsicht;Substantiv;fem.;die;0;A1;387;careful;**Vorsicht**!;**Careful**!/Watch out!;
vorstellen;Verb;nan;nan;0;A1;802;to introduce/imagine;Darf ich mich **vorstellen**?;May I **introduce** myself?;v-, to present or introduce someone
Vorwahl;Substantiv;fem.;die;0;A1;23;area code;Wie ist die **Vorwahl** von Berlin?;What is the **area code** for Berlin?;
Wagen;Substantiv;mask.;der;0;A1;1176;car/wagon;Der **Wagen** steht in der Garage.;The **car** is in the garage.;
wandern;Verb;nan;nan;0;A1;4541;to hike/wander;Wir **wandern** am Wochenende.;We are **hiking** on the weekend.;
wann;Adverb;nan;nan;0;A1;193;when;**Wann** kommst du?;**When** are you coming?;
warten;Verb;nan;nan;0;A1;4862;to wait;Ich warte auf den Bus.;I'm **waiting** for the bus.;
warum;Adverb;nan;nan;0;A1;1115;why;**Warum** bist du so spät?;**Why** are you so late?;
was;Pronomen;nan;nan;0;A1;104218;what;**Was** ist das?;**What** is that?;
was für ein;Mehrwortausdruck;nan;nan;0;A1;nan;what kind of;**Was für ein** Auto ist das?;**What kind of** car is that?;
was für eine;Mehrwortausdruck;nan;nan;0;A1;nan;what kind of;**Was für eine** Überraschung!;**What kind of** (What a) surprise!;female
waschen;Verb;nan;nan;0;A1;1833;to wash;Ich wasche die Wäsche.;I am **washing** the laundry.;
Wasser;Substantiv;neutr.;das;0;A1;36452;water;Ein Glas **Wasser**, bitte.;A glass of **water**, please.;
weg sein;Verb;nan;nan;0;A1;nan;to be gone;Mein Schlüssel ist weg.;My key is **gone**.;
weh tun;Verb;nan;nan;0;A1;nan;to hurt;Mein Arm tut weh.;My arm **hurts**.;with space
wehtun;Verb;nan;nan;0;A1;59;to hurt;Das wird nicht **wehtun**.;That won't **hurt**.;no space
weiblich;Adjektiv;nan;nan;0;A1;5432;female;Die Bewerberin ist **weiblich**.;The applicant is **female**.;
Wein;Substantiv;mask.;der;0;A1;1526;wine;Möchten Sie ein Glas **Wein**?;Would you like a glass of **wine**?;
weit;Adjektiv;nan;nan;0;A1;16523;far/wide;Der Weg ist sehr **weit**.;The way is very **far**.;
weiter-;Affix;nan;nan;0;A1;1;further/continue;Bitte sprechen Sie weiter.;Please **continue** speaking.;affix
weiß;Adjektiv;nan;nan;0;A1;39280;white;Das Haus ist **weiß**.;The house is **white**.;
welche;Interrogativpronomen;fem.;nan;0;A1;nan;which;**Welche** Tasche möchtest du?;**Which** bag do you want?;female
welcher;Interrogativpronomen;mask.;nan;0;A1;6746;which;**Welcher** Mantel gefällt dir?;**Which** coat do you like?;male
welches;Interrogativpronomen;neutr.;nan;0;A1;nan;which;**Welches** Buch liest du?;**Which** book are you reading?;neutral
Welt;Substantiv;fem.;die;0;A1;3969;world;Er reist um die **Welt**.;He travels around the **world**.;
wenig;Adjektiv;nan;nan;0;A1;3036;little/few;Ich habe nur **wenig** Zeit.;I have only **little** time.;w-
wer;Pronomen;nan;nan;0;A1;34231;who;**Wer** ist das?;**Who** is that?;
werden;Verb;nan;nan;0;A1;721085;to become/will;Er wird Arzt.;He is **becoming** a doctor.;future
Westen;Substantiv;mask.;der;0;A1;1302;West;Die Sonne geht im **Westen** unter.;The sun sets in the **West**.;
Wetter;Substantiv;neutr.;das;0;A1;660;weather;Das **Wetter** ist heute schön.;The **weather** is beautiful today.;
wichtig;Adjektiv;nan;nan;0;A1;3637;important;Das ist eine **wichtige** Nachricht.;That is an **important** message.;
wie;Adverb;nan;nan;0;A1;2011067;how;**Wie** geht es Ihnen?;**How** are you?;
wie viel;Adverb;nan;nan;0;A1;nan;how much/how many;**Wie viel** kostet das?;**How much** does that cost?;
wieder;Adverb;nan;nan;0;A1;196854;again;Ich komme **wieder**.;I'll come **again**.;
wieder holen;Verb;nan;nan;0;A1;nan;to repeat;Kannst du das bitte **wieder holen**?;Can you please **repeat** that?;with space
wiederholen;Verb;nan;nan;0;A1;823;to repeat;**Wiederholen** Sie bitte.;Please **repeat**.;without space
Wiederhören;Substantiv;neutr.;das;0;A1;nan;talking to you again;Auf **Wiederhören**!;Goodbye (until next **talking on the phone**)!;phone
Wiedersehen;Substantiv;neutr.;das;0;A1;103;seeing you again;Auf **Wiedersehen**!;Goodbye (until **seeing you again**)!;
willkommen;Adjektiv;nan;nan;0;A1;10915;welcome;Herzlich **willkommen**!;A warm **welcome**!;
Wind;Substantiv;mask.;der;0;A1;1254;wind;Heute weht ein starker **Wind**.;A strong **wind** is blowing today.;
Winter;Substantiv;mask.;der;0;A1;908;winter;Im **Winter** schneit es.;It snows in **winter**.;
wir;Personalpronomen;nan;nan;0;A1;30477;we;**Wir** gehen ins Kino.;**We** are going to the cinema.;
wissen;Verb;nan;nan;0;A1;53800;to know;Ich weiß es nicht.;I don't **know** it.;knowledge
wo;Adverb;nan;nan;0;A1;86998;where;**Wo** wohnst du?;**Where** do you live?;
Woche;Substantiv;fem.;die;0;A1;2710;week;Eine **Woche** hat sieben Tage.;A **week** has seven days.;
Wochenende;Substantiv;neutr.;das;0;A1;548;weekend;Am **Wochenende** habe ich frei.;I have the day off on the **weekend**.;
Wochentag;Substantiv;mask.;der;0;A1;58;weekday;Welcher **Wochentag** ist heute?;Which **weekday** is it today?;
woher;Pronominaladverb;nan;nan;0;A1;265;from where;**Woher** kommen Sie?;**Where** do you come **from**?;
wohin;Pronominaladverb;nan;nan;0;A1;203;where;**Wohin** gehst du?;**Where** are you going (**to**)?;to
wohnen;Verb;nan;nan;0;A1;4868;to live/dwell;Ich wohne in Berlin.;I **live** in Berlin.;
Wohnung;Substantiv;fem.;die;0;A1;1419;apartment/flat;Die **Wohnung** ist sehr schön.;The **apartment** is very beautiful.;w-
wollen;Verb;nan;nan;0;A1;151105;to want;Was **wollen** Sie trinken?;What do you **want** to drink?;
Wort;Substantiv;neutr.;das;0;A1;14707;word;Das ist ein schwieriges **Wort**.;That is a difficult **word**.;
wunderbar;Adjektiv;nan;nan;0;A1;317;wonderful/marvelous;Das Wetter ist **wunderbar**.;The weather is **wonderful**.;-a-
zahlen;Verb;nan;nan;0;A1;8401;to pay;Ich möchte bitte **zahlen**.;I would like to **pay**, please.;
zehn;Kardinalzahlwort;nan;nan;0;A1;2361;ten;Ich habe **zehn** Finger.;I have **ten** fingers.;
Zeit;Substantiv;fem.;die;0;A1;39975;time;Ich habe heute leider keine **Zeit**.;I unfortunately have no **time** today.;
Zeitung;Substantiv;fem.;die;0;A1;1068;newspaper;Ich lese jeden Morgen die **Zeitung**.;I read the **newspaper** every morning.;
Zentimeter;Substantiv;mask., neutr.;der;0;A1;398;centimeter;Das ist nur ein **Zentimeter**.;That's only one **centimeter**.;
Zigarette;Substantiv;fem.;die;0;A1;474;cigarette;Rauchen Sie **Zigaretten?**;Do you smoke **cigarettes**?;
Zimmer;Substantiv;neutr.;das;0;A1;1337;room;Das **Zimmer** ist sauber.;The **room** is clean.;
zirka;Adverb;nan;nan;0;A1;57;approx./about;Das kostet **zirka** zehn Euro.;That costs **approx.** ten euros.;z-
Zoll;Substantiv;mask.;der;0;A1;218;customs;Wir müssen durch den **Zoll**.;We have to go through **customs**.;
zu;Partikel;nan;nan;0;A1;10389964;too/to;Die Suppe ist **zu** heiß.;The soup is **too** hot.;
zu sein;Verb;nan;nan;0;A1;nan;to be closed;Die Tür ist zu.;The door is **closed**.;
zufrieden;Adjektiv;nan;nan;0;A1;380;satisfied/content;Ich bin mit meiner Arbeit **zufrieden**.;I am **satisfied** with my work.;
Zug;Substantiv;mask.;der;0;A1;1635;train;Der **Zug** kommt pünktlich.;The **train** is arriving on time.;
zurzeit;Adverb;nan;nan;0;A1;nan;at the moment/currently;**Zurzeit** habe ich viel zu tun.;**At the moment** I have a lot to do.;
zurück;Adverb;nan;nan;0;A1;5531;back;Wann kommst du **zurück**?;When are you coming **back**?;
zusammen;Adverb;nan;nan;0;A1;2623;together;Wir lernen **zusammen** Deutsch.;We are learning German **together**.;z-
zwanzig;Kardinalzahlwort;nan;nan;0;A1;588;twenty;Er ist **zwanzig** Jahre alt.;He is **twenty** years old.;
zwei;Kardinalzahlwort;nan;nan;0;A1;40468;two;Ich habe **zwei** Geschwister.;I have **two** siblings.;
zweihundert;Kardinalzahlwort;nan;nan;0;A1;nan;two hundred;Es kostet **zweihundert** Euro.;It costs **two hundred** euros.;
zweite;Ordinalzahlwort;nan;nan;0;A1;nan;second;Das ist der **zweite** Tag.;That is the **second** day.;order
zwischen;Präposition;nan;nan;0;A1;64426;between;Der Tisch steht **zwischen** den Stühlen.;The table is **between** the chairs.;
zwölf;Kardinalzahlwort;nan;nan;0;A1;689;twelve;Es ist **zwölf** Uhr.;It is **twelve** o'clock.;
öffnen;Verb;nan;nan;0;A1;1478;to open;Können Sie das Fenster **öffnen**?;Can you **open** the window?;ö-
Öl;Substantiv;neutr.;das;0;A1;1845;oil;Wir brauchen etwas **Öl** zum Kochen.;We need some **oil** for cooking.;
über;Präposition;nan;nan;0;A1;492910;over/across/about;Wir sprechen **über** den Urlaub.;We are talking **about** the vacation.;
übernachten;Verb;nan;nan;0;A1;96;to stay overnight;Wo werden Sie **übernachten**?;Where will you **stay overnight**?;
überweisen;Verb;nan;nan;0;A1;230;to transfer;Ich überweise das Geld morgen.;I will **transfer** the money tomorrow.;money
abschließen;Verb;nan;nan;0;A2;681;to finish/lock/complete;Ich möchte mein Studium **abschließen**.;I want to **finish** my studies.;
Ahnung;Substantiv;fem.;die;0;A2;177;clue/idea;Ich habe keine **Ahnung**.;I have no **clue**.;
aktiv;Adjektiv;nan;nan;0;A2;514373;active;Er ist ein sehr **aktiver** Mensch.;He is a very **active** person.;
aktuell;Adjektiv;nan;nan;0;A2;849;current/present/actual;Das ist der **aktuelle** Preis.;That is the **current** price.;
als;Konjunktion;nan;nan;0;A2;166392;than/when/as;Er ist größer **als** ich.;He is taller **than** I am.;
Ampel;Substantiv;fem.;die;0;A2;140;traffic light;An der **Ampel** müssen wir anhalten.;We have to stop at the **traffic light**.;
anders;Adverb;nan;nan;0;A2;1230;different/differently;Heute ist alles **anders**.;Today everything is **different**.;a-
Angst;Substantiv;fem.;die;0;A2;2151;fear/anxiety;Ich habe **Angst** vor Spinnen.;I have a **fear** of spiders.;
ansehen;Verb;nan;nan;0;A2;1297;to look at/watch;Darf ich mir das Foto **ansehen**?;May I **look at** the photo?;
Anzug;Substantiv;mask.;der;0;A2;325;suit;Er trägt einen blauen **Anzug**.;He is wearing a blue **suit**.;
Apotheke;Substantiv;fem.;die;0;A2;121;pharmacy/chemist;Wo ist die nächste **Apotheke**?;Where is the nearest **pharmacy**?;
Apparat;Substantiv;mask.;der;0;A2;204;apparatus/device/telephone;Am **Apparat**!;Speaking (On the **phone**)!;
arm;Adjektiv;nan;nan;0;A2;2045;poor;Er ist sehr **arm**.;He is very **poor**.;
Artikel;Substantiv;mask.;der;0;A2;936;article;Ich lese einen interessanten **Artikel**.;I am reading an interesting **article**.;
auf jeden Fall;Mehrwortausdruck;nan;nan;0;A2;nan;definitely/in any case;Ich komme **auf jeden Fall**.;I'm **definitely** coming.;
auf keinen Fall;Mehrwortausdruck;nan;nan;0;A2;nan;no way/certainly not;Das mache ich **auf keinen Fall**.;I am **certainly not** doing that.;
aufmachen;Verb;nan;nan;0;A2;195;to open;Kannst du bitte das Fenster **aufmachen**?;Can you please **open** the window?;a-
aufpassen;Verb;nan;nan;0;A2;946;to pay attention/watch out;Bitte pass auf beim Überqueren der Straße.;Please **pay attention** when crossing the street.;au-
aufregen;Verb;nan;nan;0;A2;115;to upset/get excited;**Reg** dich nicht **auf!**;Don't get **upset**!;
aufräumen;Verb;nan;nan;0;A2;131;to clean up/tidy up;Ich muss mein Zimmer **aufräumen**.;I must **clean up** my room.;
Ausbildung;Substantiv;fem.;die;0;A2;797;vocational training;Er macht eine **Ausbildung** als Koch.;He is doing **training** as a chef.;
ausgeben;Verb;nan;nan;0;A2;486;to spend;Ich **gebe** viel Geld **aus.**;I **spend** a lot of money.;money
ausgehen;Verb;nan;nan;0;A2;902;to go out;Wir **gehen** heute Abend **aus.**;We are **going out** tonight.;
auspacken;Verb;nan;nan;0;A2;103;to unpack;Ich **packe** meinen Koffer **aus.**;I am **unpacking** my suitcase.;
ausruhen;Verb;nan;nan;0;A2;138;to rest;Ich muss mich kurz **ausruhen**.;I need to **rest** for a moment.;
aussprechen;Verb;nan;nan;0;A2;603;to pronounce;Wie spricht man dieses Wort aus?;How do you **pronounce** this word?;
Ausstellung;Substantiv;fem.;die;0;A2;328;exhibition;Die **Ausstellung** war sehr interessant.;The **exhibition** was very interesting.;
austauschen;Verb;nan;nan;0;A2;304;to exchange/swap;Wir **tauschen** Informationen **aus.**;We are **exchanging** information.;idea, people, component
austragen;Verb;nan;nan;0;A2;158;to deliver/settle;Er trägt die Zeitung aus.;He **delivers** the newspaper.;
außer;Präposition;nan;nan;0;A2;8110;except for/outside of;Alle kommen **außer** Thomas.;Everyone is coming **except for** Thomas.;
außerdem;Adverb;nan;nan;0;A2;1196;besides/furthermore;**Außerdem** möchte ich noch etwas sagen.;**Besides**, I want to say something else.;
außerhalb;Adverb;nan;nan;0;A2;771;outside of;Wir wohnen **außerhalb** der Stadt.;We live **outside of** the city.;
Babysitter;Substantiv;mask.;der;0;A2;16;babysitter;Wir brauchen einen **Babysitter**.;We need a **babysitter**.;
backen;Verb;nan;nan;0;A2;3010;to bake;Meine Mutter backt einen Kuchen.;My mother is **baking** a cake.;
Ball;Substantiv;mask.;der;0;A2;897;ball;Die Kinder spielen mit dem **Ball**.;The children are playing with the **ball**.;
Band;Substantiv;fem.;die;0;A2;1661;band;Die **Band** spielt gute Musik.;The **band** is playing good music.;music
Basketball;Substantiv;mask., neutr.;der;0;A2;72;basketball;Wir spielen gerne **Basketball**.;We like playing **basketball**.;
basteln;Verb;nan;nan;0;A2;428;to do crafts/tinker;Die Kinder **basteln** ein Haus.;The children are **doing crafts** (making) a house.;
bauen;Verb;nan;nan;0;A2;16079;to build;Wir **bauen** ein Haus.;We are **building** a house.;
Baustelle;Substantiv;fem.;die;0;A2;179;construction site;Vor unserem Haus ist eine **Baustelle**.;There is a **construction site** in front of our house.;
beantworten;Verb;nan;nan;0;A2;261;to answer;Können Sie meine Frage **beantworten**?;Can you **answer** my question?;
bedanken;Verb;nan;nan;0;A2;94;to thank;Ich möchte mich bei dir **bedanken**.;I want to **thank** you.;oneself
beeilen;Verb;nan;nan;0;A2;73;to hurry;Wir müssen uns **beeilen**!;We have to **hurry**!;
beenden;Verb;nan;nan;0;A2;716;to finish/end/complete;Wir müssen die Arbeit **beenden**.;We have to **finish** (end) the work.;
begründen;Verb;nan;nan;0;A2;501;to justify/give reasons;Können Sie das bitte **begründen**?;Can you please **justify** (give reasons for) that?;
beliebt;partizipiales Adjektiv;nan;nan;0;A2;119;popular/well-liked;Fußball ist ein **beliebter** Sport.;Soccer is a **popular** sport.;
bequem;Adjektiv;nan;nan;0;A2;585;comfortable;Der Sessel ist sehr **bequem**.;The armchair is very **comfortable**.;
beraten;Verb;nan;nan;0;A2;297;to give advise on;Der Verkäufer berät mich beim Autokauf;The salesman is **advising** me **on** the car purchase;
Berg;Substantiv;mask.;der;0;A2;2259;mountain/hill;Der **Berg** ist sehr hoch.;The **mountain** is very high.;
berichten;Verb;nan;nan;0;A2;1104;to report;Die Zeitung berichtet über den Skandal.;The newspaper is **reporting** on the scandal.;
berühmt;partizipiales Adjektiv;nan;nan;0;A2;694;famous/celebrated;Er ist ein **berühmter** Schauspieler.;He is a **famous** actor.;
Bescheid;Substantiv;mask.;der;0;A2;2508;notice;Geben Sie mir bitte **Bescheid**.;Please let me **know** (give me notice).;
beschreiben;Verb;nan;nan;0;A2;1460;to describe;Können Sie den Weg **beschreiben**?;Can you **describe** the way?;
beschweren;Verb;nan;nan;0;A2;205;to complain;Er beschwert sich über das Essen.;He is **complaining** about the food.;
besonders;Adverb;nan;nan;0;A2;4926;especially/particularly;Das Essen war **besonders** gut.;The food was **especially** good.;
bestehen;Verb;nan;nan;0;A2;13740;to consist/pass;Ich habe die Prüfung bestanden.;I **passed** the exam.;exam
bestätigen;Verb;nan;nan;0;A2;1151;to confirm;Können Sie den Termin **bestätigen**?;Can you **confirm** the appointment?;
Besuch;Substantiv;mask.;der;0;A2;757;visit/visitor;Wir bekommen am Wochenende **Besuch**.;We are having a **visitor** (visit) on the weekend.;
besucht;partizipiales Adjektiv;nan;nan;0;A2;1;visited;Der Park wird oft **besucht**.;The park is often **visited**.;
bewerben;Verb;nan;nan;0;A2;106;to apply;Ich möchte mich für die Stelle **bewerben**.;I want to **apply** for the position.;b-
Bewerbung;Substantiv;fem.;die;0;A2;95;application;Ich habe meine **Bewerbung** abgeschickt.;I sent off my **application**.;b-
bewölkt;partizipiales Adjektiv;nan;nan;0;A2;1;cloudy;Heute ist es **bewölkt**.;Today it is **cloudy**.;
Bibliothek;Substantiv;fem.;die;0;A2;380;library;Ich lerne in der **Bibliothek**.;I study in the **library**.;
Blatt;Substantiv;neutr.;das;0;A2;1315;leaf/sheet;Das **Blatt** am Baum ist grün.;The **leaf** on the tree is green.;of paper
Blog;Substantiv;neutr., mask.;das, der;0;A2;36;blog;Er schreibt einen **Blog**.;He writes a **blog**.;
blond;Adjektiv;nan;nan;0;A2;5820;blond;Sie hat **blonde** Haare.;She has **blond** hair.;
Bluse;Substantiv;fem.;die;0;A2;131;blouse;Die **Bluse** ist sehr schön.;The **blouse** is very beautiful.;
blöd;Adjektiv;nan;nan;0;A2;18;stupid/silly/annoying;Das ist eine **blöde** Situation.;That is a **stupid** situation.;
blöde;Adjektiv;nan;nan;0;A2;129;stupid/silly/annoying;Das war ein **blöder** Fehler.;That was a **stupid** mistake.;colloquial
Bohne;Substantiv;fem.;die;0;A2;183;bean;Ich esse gerne **Bohnen.**;I like eating **beans**.;
braten;Verb;nan;nan;0;A2;499;to fry/roast;Ich brate das Fleisch.;I am **frying** (roasting) the meat.;
Brille;Substantiv;fem.;die;0;A2;272;glasses/spectacles;Wo ist meine **Brille**?;Where are my **glasses**?;
Brücke;Substantiv;fem.;die;0;A2;622;bridge;Die **Brücke** über den Fluss ist alt.;The **bridge** over the river is old.;
buchen;Verb;nan;nan;0;A2;1097;to book;Wir haben den Flug gebucht.;We **booked** the flight.;
bunt;Adjektiv;nan;nan;0;A2;1766;colorful;Die Blumen sind sehr **bunt**.;The flowers are very **colorful**.;
Büro;Substantiv;neutr.;das;0;A2;618;office;Mein **Büro** ist im Zentrum.;My **office** is in the center.;
Cafeteria;Substantiv;fem.;die;0;A2;32;cafeteria;Wir essen in der **Cafeteria**.;We eat in the **cafeteria**.;
chatten;Verb;nan;nan;0;A2;7;to chat;Wir **chatten** jeden Abend.;We **chat** every evening.;
Chefin;Substantiv;fem.;die;0;A2;99;boss;Die **Chefin** ist heute nicht da.;The (female) **boss** is not here today.;female
Circus;Substantiv;mask.;der;0;A2;62;circus;Wir gehen in den **Circus**.;We are going to the **circus**.;
Club;Substantiv;mask.;der;0;A2;508;club;Bist du Mitglied in einem **Club**?;Are you a member of a **club**?;c-
Comic;Substantiv;mask.;der;0;A2;250;comic/cartoon;Ich lese gerne **Comics.**;I like reading **comics**.;
Creme;Substantiv;fem.;die;0;A2;29;cream;Ich brauche eine neue **Gesichtscreme**.;I need a new face **cream**.;
Crème;Substantiv;fem.;die;0;A2;8;cream;Die **Crème** ist für das Gesicht.;The **cream** is for the face.;
dabei;Pronominaladverb;nan;nan;0;A2;87232;thereby/with it/present;Ich bin **dabei**!;I'm **in** (with it)!;
dafür;Pronominaladverb;nan;nan;0;A2;12906;for it/for that;Ich bin **dafür**.;I am **for** it.;
dagegen;Pronominaladverb;nan;nan;0;A2;4195;against it/on the other hand;Ich bin **dagegen**.;I am **against** it.;
damals;Adverb;nan;nan;0;A2;1643;back then/at that time;**Damals** war alles billiger.;**Back then** everything was cheaper.;
Dame;Substantiv;fem.;die;0;A2;871;lady;Guten Tag, meine **Damen** und Herren.;Good day, **ladies** and gentlemen.;
darauf;Pronominaladverb;nan;nan;0;A2;21661;on it/after that;Freust du dich **darauf**?;Are you looking forward to **it**?;-f
darüber;Pronominaladverb;nan;nan;0;A2;3112;about it/over it;Wir haben **darüber** gesprochen.;We talked **about it**.;
dass;Konjunktion;nan;nan;0;A2;52033;that;Ich weiß, **dass** du kommst.;I know **that** you are coming.;
Datei;Substantiv;fem.;die;0;A2;190;file;Ich speichere die **Datei**.;I am saving the **file**.;computer
denken;Verb;nan;nan;0;A2;37199;to think;Was denkst du darüber?;What do you **think** about it?;
deshalb;Konjunktion;nan;nan;0;A2;1787;therefore/that's why;Ich bin krank, **deshalb** bleibe ich zu Hause.;I am sick, **therefore** (that's why) I'm staying at home.;
deutlich;Adjektiv;nan;nan;0;A2;2485;distinct;Bitte sprechen Sie **deutlich**.;Please speak **clearly**.;
dick;Adjektiv;nan;nan;0;A2;2740;fat/thick/big;Das Buch ist sehr **dick**.;The book is very **thick**.;
Ding;Substantiv;neutr.;das;0;A2;1946;thing;Was ist das für ein **Ding**?;What kind of **thing** is that?;object
direkt;Adjektiv;nan;nan;0;A2;7815;direct/directly;Gehen Sie **direkt** zum Bahnhof.;Go **directly** to the train station.;
Disco;Substantiv;fem.;die;0;A2;57;disco;Wir gehen am Freitag in die **Disco**.;We are going to the **disco** on Friday.;-c-
Disko;Substantiv;fem.;die;0;A2;25;disco;Gehen wir in die **Disko**?;Are we going to the **disko**?;-k-
diskutieren;Verb;nan;nan;0;A2;3462;to discuss;Wir müssen das Thema **diskutieren**.;We must **discuss** the topic.;
doch;Adverb;nan;nan;0;A2;8350;but/though/surely;Komm **doch** mal vorbei!;Do come by! (**Surely** come by!);
dorther;Pronominaladverb;nan;nan;0;A2;nan;from there;Ich komme **dorther**.;I come **from there**.;
dorthin;Pronominaladverb;nan;nan;0;A2;275;there/to that place;Gehen wir **dorthin**.;Let's go **there**.;
dringend;partizipiales Adjektiv;nan;nan;0;A2;443;urgent/urgently;Ich muss Sie **dringend** sprechen.;I need to speak to you **urgently**.;
drinnen;Adverb;nan;nan;0;A2;156;inside/indoors;Draußen ist es kalt, gehen wir nach **drinnen**.;It's cold outside, let's go **inside**.;
drüben;Adverb;nan;nan;0;A2;210;over there;Dort **drüben** ist der Park.;The park is **over there**.;
dumm;Adjektiv;nan;nan;0;A2;1486;stupid/dumb;Das war eine **dumme** Idee.;That was a **stupid** idea.;
dunkel;Adjektiv;nan;nan;0;A2;4431;dark;Im Winter wird es früh **dunkel**.;In winter it gets **dark** early.;
dünn;Adjektiv;nan;nan;0;A2;862;thin/slim;Er ist sehr **dünn**.;He is very **thin**.;-n
E-Book;Substantiv;neutr.;das;0;A2;1;e-book;Ich lese ein **E-Book**.;I am reading an **e-book**.;
echt;Adjektiv;nan;nan;0;A2;5247;real/genuine;Ist das **echt**?;Is that **real**?;
egal;Adjektiv;nan;nan;0;A2;445;doesn't matter/all the same;Das ist mir **egal**.;That **doesn't matter** to me.;
Ehepartner;Substantiv;mask.;der;0;A2;80;spouse;Mein **Ehepartner** kommt auch.;My **spouse** is coming too.;
eigen;Adjektiv;nan;nan;0;A2;6867;own;Ich habe ein **eigenes** Auto.;I have my **own** car.;
eigentlich;Adjektiv;nan;nan;0;A2;2069;actually/actually;Was ist **eigentlich** passiert?;What **actually** happened?;e-
ein Mal;Adverb;nan;nan;0;A2;nan;once/one time;Ich war erst **ein Mal** dort.;I have only been there **once**.;
einige;Indefinitpronomen;nan;nan;0;A2;2392;some/several/quite a few;Ich habe **einige** Fragen.;I have **some** (several) questions.;
Einkaufszentrum;Substantiv;neutr.;das;0;A2;66;shopping mall/mall;Wir gehen im **Einkaufszentrum** einkaufen.;We go shopping at the **mall**.;
einmal;Adverb;nan;nan;0;A2;11852;once;Kannst du das bitte **einmal** sagen?;Can you please say that **once**?;
einpacken;Verb;nan;nan;0;A2;227;to wrap (up)/pack;Soll ich das als Geschenk **einpacken**?;Should I **wrap** this **up** as a gift?;in
eintragen;Verb;nan;nan;0;A2;174;to enter/register/enroll;Bitte **tragen** Sie Ihren Namen **ein.**;Please **enter** (register) your name.;
einverstanden;partizipiales Adjektiv;nan;nan;0;A2;115;agreed;Ich bin **einverstanden**.;I'm **agreed** (I agree).;
einzeln;Adjektiv;nan;nan;0;A2;1586;individual/single/one by one;Die Kinder kommen **einzeln** rein.;The children are coming in **one by one**.;
einziehen;Verb;nan;nan;0;A2;275;to move in;Wir **ziehen** morgen in die neue Wohnung **ein.**;We are **moving in** to the new apartment tomorrow.;
Eis;Substantiv;neutr.;das;0;A2;1973;ice/ice cream;Möchtest du ein **Eis** essen?;Would you like to eat an **ice cream**?;
endlich;Adverb;nan;nan;0;A2;1389;finally/at last;**Endlich** ist der Urlaub da!;**Finally** the holiday is here!;e-
eng;Adjektiv;nan;nan;0;A2;3448;narrow/tight/close;Die Straße ist sehr **eng**.;The street is very **narrow**.;
Erdgeschoss;Substantiv;neutr.;das;0;A2;98;ground floor;Wir wohnen im **Erdgeschoss**.;We live on the **ground floor**.;
Erfahrung;Substantiv;fem.;die;0;A2;904;experience;Er hat viel **Erfahrung** in seinem Beruf.;He has a lot of **experience** in his job.;-f-
erinnern;Verb;nan;nan;0;A2;2853;to remember/remind;Erinnerst du dich an mich?;Do you **remember** me?;
Erlaubnis;Substantiv;fem.;die;0;A2;245;permission/allowance;Haben Sie eine **Erlaubnis**?;Do you have **permission**?;
Ermäßigung;Substantiv;fem.;die;0;A2;14;discount/reduction;Für Studenten gibt es eine **Ermäßigung**.;There is a **discount** for students.;
erreichen;Verb;nan;nan;0;A2;2982;to reach/achieve;Wir haben unser Ziel erreicht.;We **reached** our goal.;
erst;Adverb;nan;nan;0;A2;5685;only/not until/first;Es ist **erst** neun Uhr.;It's **only** nine o'clock.;e-
etwas;Indefinitpronomen;nan;nan;0;A2;2285630;something/anything/some;Hast du **etwas** Zeit?;Do you have **some** time?;
Fach;Substantiv;neutr.;das;0;A2;637;subject/compartment/field;Mathe ist mein **Lieblingsfach**.;Math is my favorite **subject**.;
Fahrplan;Substantiv;mask.;der;0;A2;53;timetable/schedule;Schau bitte in den **Fahrplan**.;Please look at the **timetable**.;
fallen;Verb;nan;nan;0;A2;99873;to fall;Die Blätter **fallen** im Herbst.;The leaves **fall** in autumn.;
Fan;Substantiv;mask.;der;0;A2;355;fan/admirer;Ich bin ein großer **Fan** von dieser Band.;I am a big **fan** of this band.;
fantastisch;Adjektiv;nan;nan;0;A2;149;fantastic;Die Aussicht ist **fantastisch**.;The view is **fantastic**.;f-
fast;Adverb;nan;nan;0;A2;11299;almost/nearly;Ich bin **fast** fertig.;I'm **almost** finished.;
faul;Adjektiv;nan;nan;0;A2;5;lazy/rotten;Er ist ein **fauler** Student.;He is a **lazy** student.;
Feier;Substantiv;fem.;die;0;A2;392;celebration/party/ceremony;Die **Feier** war sehr schön.;The **celebration** was very nice.;
Fenster;Substantiv;neutr.;das;0;A2;1533;window;Mach bitte das **Fenster** zu.;Please close the **window**.;
Ferien;Substantiv;nan;nan;1;A2;121;vacation/holidays;Wir haben bald **Ferien**.;We are having **vacation** soon.;for school, university
Fest;Substantiv;neutr.;das;0;A2;280;festival/party/celebration;Wir feiern ein großes **Fest**.;We are celebrating a large **festival**.;
Festival;Substantiv;neutr.;das;0;A2;124;festival;Wir gehen zum **Musikfestival**.;We are going to the music **festival**.;
fett;Adjektiv;nan;nan;0;A2;304;fat/bold;Das Fleisch ist zu **fett**.;The meat is too **fat**.;
fit;Adjektiv;nan;nan;0;A2;382;fit;Ich bin **fit** für das Training.;I am **fit** for the training.;
fleißig;Adjektiv;nan;nan;0;A2;195;diligent/hard-working;Er ist ein **fleißiger** Schüler.;He is a **diligent** student.;
Flohmarkt;Substantiv;mask.;der;0;A2;43;flea market;Ich kaufe alte Bücher auf dem **Flohmarkt**.;I buy old books at the **flea market**.;
Flug;Substantiv;mask.;der;0;A2;406;flight;Der **Flug** dauert drei Stunden.;The **flight** lasts three hours.;
Fluss;Substantiv;mask.;der;0;A2;1019;river;Der **Fluss** fließt durch die Stadt.;The **river** flows through the city.;
Fotoapparat;Substantiv;mask.;der;0;A2;42;camera;Ich habe meinen **Fotoapparat** dabei.;I have my **camera** with me.;f-
fotografieren;Verb;nan;nan;0;A2;535;to take photos/photograph;Ich fotografiere gerne Landschaften.;I like to **photograph** (take photos of) landscapes.;
freiwillig;Adjektiv;nan;nan;0;A2;1327;voluntary/voluntarily;Er macht das **freiwillig**.;He is doing that **voluntarily**.;
freundlich;Adjektiv;nan;nan;0;A2;523;friendly/kind;Sie ist eine **freundliche** Verkäuferin.;She is a **friendly** saleswoman.;
frisch;Adjektiv;nan;nan;0;A2;3471;fresh;Das Brot ist ganz **frisch**.;The bread is very **fresh**.;
froh;Adjektiv;nan;nan;0;A2;493;glad;Ich bin **froh**, dich zu sehen.;I am **glad** to see you.;
früh;Adjektiv;nan;nan;0;A2;7652;early;Morgen müssen wir **früh** aufstehen.;Tomorrow we have to get up **early**.;
Fundsache;Substantiv;fem.;die;0;A2;nan;lost property/found item;Geben Sie die **Fundsache** bitte beim Fundbüro ab.;Please hand in the **found item** at the lost property office.;
furchtbar;Adjektiv;nan;nan;0;A2;212;terrible/awful;Der Film war **furchtbar**.;The movie was **terrible**.;f-
fühlen;Verb;nan;nan;0;A2;9969;to feel (emotion);Ich fühle mich heute nicht gut.;I don't **feel** well today.;
Führerschein;Substantiv;mask.;der;0;A2;106;driver's license;Ich habe meinen **Führerschein** gemacht.;I got my **driver's license**.;
Gabel;Substantiv;fem.;die;0;A2;157;fork;Messer;Knife, **fork**, spoon.;
ganz;Adjektiv;nan;nan;0;A2;32754;whole/entire/quite;Das war ein **ganzes** Jahr Arbeit.;That was a **whole** year of work.;ga-
Garage;Substantiv;fem.;die;0;A2;180;garage;Das Auto steht in der **Garage**.;The car is in the **garage**.;
gefährlich;Adjektiv;nan;nan;0;A2;733;dangerous;Löwen sind **gefährliche** Tiere.;Lions are **dangerous** animals.;
Gegenteil;Substantiv;neutr.;das;0;A2;321;opposite;Das **Gegenteil** von gut ist schlecht.;The **opposite** of good is bad.;
gegenüber;Adverb;nan;nan;0;A2;2591;opposite/across from;Der Bäcker ist **gegenüber** dem Bahnhof.;The bakery is **opposite** (across from) the station.;
Gehalt;Substantiv;neutr., mask.;das;0;A2;380;salary/content;Sein **Gehalt** ist sehr hoch.;His **salary** is very high.;
Geldbörse;Substantiv;fem.;die;0;A2;36;wallet/purse;Ich habe meine **Geldbörse** verloren.;I lost my **wallet**.;
genau;Adjektiv;nan;nan;0;A2;2771;exact/exactly/precise;Das ist **genau** richtig.;That is **exactly** right.;
genug;Indefinitpronomen;nan;nan;0;A2;2245;enough;Ich habe **genug** gegessen.;I have eaten **enough**.;
Gericht;Substantiv;neutr.;das;0;A2;1249;dish;Das ist mein **Lieblingsgericht**.;That is my favorite **dish**.;meal
Gerät;Substantiv;neutr.;das;0;A2;1742;device/appliance;Das **Gerät** ist sehr nützlich.;The **device** is very useful.;
Geschichte;Substantiv;fem.;die;0;A2;2229;story/history;Großvater erzählt eine **Geschichte**.;Grandfather is telling a **story**.;
Geschirr;Substantiv;neutr.;das;0;A2;194;dishes;Wer wäscht das **Geschirr** ab?;Who washes the **dishes**?;
gesund;Adjektiv;nan;nan;0;A2;1032;healthy;Obst ist **gesund**.;Fruit is **healthy**.;
Gesundheit;Substantiv;fem.;die;0;A2;395;health;**Gesundheit** ist wichtig.;**Health** is important.;
Gewitter;Substantiv;neutr.;das;0;A2;147;thunderstorm;Gestern gab es ein schweres **Gewitter**.;There was a heavy **thunderstorm** yesterday.;
Gitarre;Substantiv;fem.;die;0;A2;176;guitar;Er spielt gerne **Gitarre**.;He likes playing the **guitar**.;
Grippe;Substantiv;fem.;die;0;A2;106;flu/influenza;Ich habe eine starke **Grippe**.;I have a bad case of the **flu**.;
Hals;Substantiv;mask.;der;0;A2;1474;neck/throat;Mein **Hals** tut weh.;My **throat** hurts.;
Hamburger;Substantiv;mask.;der;0;A2;1452;hamburger/person from Hamburg;Möchttest du einen **Hamburger** essen?;Do you want to eat a **hamburger**?;
Handtuch;Substantiv;neutr.;das;0;A2;81;towel;Bringst du mir bitte ein **Handtuch**?;Will you bring me a **towel**, please?;
hart;Adjektiv;nan;nan;0;A2;5109;hard/tough;Das Brot ist schon ganz **hart**.;The bread is already quite **hard**.;
Hauptstadt;Substantiv;fem.;die;0;A2;1732;capital city;Berlin ist die **Hauptstadt** von Deutschland.;Berlin is the **capital city** of Germany.;
Haushalt;Substantiv;mask.;der;0;A2;515;household/budget;Ich helfe im **Haushalt**.;I help with the **household** chores.;
Heft;Substantiv;neutr.;das;0;A2;132;notebook/booklet;Schreib das bitte in dein **Heft**.;Please write that in your **notebook**.;
Heizung;Substantiv;fem.;die;0;A2;158;heating/heater;Die **Heizung** ist im Winter sehr wichtig.;The **heating** is very important in winter.;
heiß;Adjektiv;nan;nan;0;A2;12412;hot;Der Tee ist noch sehr **heiß**.;The tea is still very **hot**.;
Hemd;Substantiv;neutr.;das;0;A2;327;shirt;Er trägt ein weißes **Hemd**.;He is wearing a white **shirt**.;
her;Adverb;nan;nan;0;A2;1707;ago/here/since;Das ist schon lange **her**.;That was a long time **ago**.;
her-;Affix;nan;nan;0;A2;nan;hither/forth;Komm bitte her.;Please come **here** (to me).;affix
heraus;Adverb;nan;nan;0;A2;2348;out/out of;Gehen Sie bitte **heraus**.;Please go **out**.;
herein;Adverb;nan;nan;0;A2;214;in/inside;Komm bitte **herein**.;Please come **in**.;
herstellen;Verb;nan;nan;0;A2;2038;to produce/manufacture;Die Firma stellt Autos her.;The company **produces** cars.;h-
herunterladen;Verb;nan;nan;0;A2;104;to download;Ich lade die App herunter.;I am **downloading** the app.;
Himmel;Substantiv;mask.;der;0;A2;3916;sky/heaven;Der **Himmel** ist heute blau.;The **sky** is blue today.;
hin;Adverb;nan;nan;0;A2;8606;-to;Wo gehen wir **hin**?;Where are we going **to**?;
hin-;Affix;nan;nan;0;A2;nan;there/away;Schau bitte dort hin.;Please look over **there**.;affix
hinter;Präposition;nan;nan;0;A2;24176;behind;Der Garten ist **hinter** dem Haus.;The garden is **behind** the house.;
hoffen;Verb;nan;nan;0;A2;520;to hope;Ich hoffe, dass du kommst.;I **hope** that you are coming.;
hoffentlich;Adverb;nan;nan;0;A2;76;hopefully;**Hoffentlich** regnet es nicht.;**Hopefully** it won't rain.;
Homepage;Substantiv;fem.;die;0;A2;58;homepage;Besuchen Sie unsere **Homepage**.;Visit our **homepage**.;
Hose;Substantiv;fem.;die;0;A2;161;trousers/pants;Die **Hose** ist mir zu groß.;The **trousers** are too big for me.;
husten;Verb;nan;nan;0;A2;416;to cough;Das Kind hustet die ganze Nacht.;The child **coughs** all night long.;
Händetuch;Substantiv;neutr.;das;0;A2;nan;hand towel;Wo ist das **Händetuch**?;Where is the **hand towel**?;-e-
hängen;Verb;nan;nan;0;A2;27612;to hang;Das Bild hängt an der Wand.;The picture is **hanging** on the wall.;
hässlich;Adjektiv;nan;nan;0;A2;206;ugly;Das ist ein **hässliches** Bild.;That is an **ugly** picture.;
Idee;Substantiv;fem.;die;0;A2;1156;idea;Das ist eine gute **Idee**.;That is a good **idea**.;
informieren;Verb;nan;nan;0;A2;933;to inform/notify;Ich informiere dich morgen.;I will **inform** you tomorrow.;i-
Insel;Substantiv;fem.;die;0;A2;3126;island;Wir machen Urlaub auf einer **Insel**.;Wir are taking a vacation on an **island**.;
Instrument;Substantiv;neutr.;das;0;A2;595;instrument;Spielst du ein **Instrument**?;Do you play an **instrument**?;
intelligent;Adjektiv;nan;nan;0;A2;150;intelligent;Du bist sehr **intelligent**.;You are very **intelligent**.;
Interesse;Substantiv;neutr.;das;0;A2;1145;interest;Ich habe kein **Interesse** an Sport.;I have no **interest** in sports.;
interessieren;Verb;nan;nan;0;A2;276;to interest/be interested;Interessierst du dich für Kunst?;Are you **interested** in art?;
Interview;Substantiv;neutr.;das;0;A2;1870;interview;Das **Interview** war sehr lang.;The **interview** was very long.;
Jeans;Substantiv;fem.;die;0;A2;nan;jeans;Er trägt heute eine **Jeans**.;He is wearing **jeans** today.;
jemand;Indefinitpronomen;nan;nan;0;A2;742363;someone/somebody/anyone;Ist **jemand** da?;Is **anyone** there?;
joggen;Verb;nan;nan;0;A2;630;to jog;Ich gehe morgen **joggen**.;I'm going **jogging** tomorrow.;
Jugendherberge;Substantiv;fem.;die;0;A2;24;youth hostel;Wir schlafen in einer **Jugendherberge**.;We are sleeping in a **youth hostel**.;
Kalender;Substantiv;mask.;der;0;A2;278;calendar;Schau mal in den **Kalender**.;Have a look at the **calendar**.;
kalt;Adjektiv;nan;nan;0;A2;11437;cold;Im Winter ist es **kalt**.;It is **cold** in winter.;
Kamera;Substantiv;fem.;die;0;A2;377;camera;Ich habe meine **Kamera** vergessen.;I forgot my **camera**.;
Katze;Substantiv;fem.;die;0;A2;574;cat;Die **Katze** schläft.;The **cat** is sleeping.;
Kaufhaus;Substantiv;neutr.;das;0;A2;66;department store;Wir gehen ins **Kaufhaus**.;We are going to the **department store**.;
Keller;Substantiv;mask.;der;0;A2;445;cellar/basement;Der Wein steht im **Keller**.;The wine is in the **cellar**.;
Kenntnis;Substantiv;fem.;die;0;A2;585;knowledge/skill;Meine **Deutschkenntnisse** sind gut.;My **knowledge** of German is good.;
Kette;Substantiv;fem.;die;0;A2;1025;chain/necklace;Sie trägt eine goldene **Kette**.;She is wearing a gold **necklace**.;
Kirche;Substantiv;fem.;die;0;A2;2140;church;Das Haus steht neben der **Kirche**.;The house is next to the **church**.;
klappen;Verb;nan;nan;0;A2;1474;to work (out)/fold/slap;Hat alles geklappt?;Did everything **work out**?;
Klavier;Substantiv;neutr.;das;0;A2;24;piano;Sie spielt jeden Tag **Klavier**.;She plays the **piano** every day.;
Kleid;Substantiv;neutr.;das;0;A2;971;dress/garment;Das **Kleid** passt dir gut.;The **dress** fits you well.;
Klub;Substantiv;mask.;der;0;A2;87;club;Wir treffen uns im **Klub**.;We are meeting at the **club**.;k-
klug;Adjektiv;nan;nan;0;A2;291;smart/clever/wise;Er ist ein **kluger** Kopf.;He is a **smart** guy.;
Kollegin;Substantiv;fem.;die;0;A2;128;colleague;Meine **Kollegin** hilft mir.;My (female) **colleague** helps me.;female
komisch;Adjektiv;nan;nan;0;A2;279;strange/funny/weird;Das ist ein **komisches** Geräusch.;That is a **strange** noise.;k-
Kontakt;Substantiv;mask.;der;0;A2;689;contact;Haben Sie **Kontakt** zu ihm?;Do you have **contact** with him?;
kontrollieren;Verb;nan;nan;0;A2;696;to control;Bitte **kontrollieren** Sie die Rechnung.;Please **check** the bill.;
Konzert;Substantiv;neutr.;das;0;A2;295;concert;Gehen wir heute Abend zum **Konzert**?;Are we going to the **concert** tonight?;
Kosmetik;Substantiv;fem.;die;0;A2;37;cosmetics;Sie kauft teure **Kosmetik**.;She buys expensive **cosmetics**.;
kostenlos;Adjektiv;nan;nan;0;A2;221;free;Der Service ist **kostenlos**.;The service is **free of charge**.;of charge
Krankenhaus;Substantiv;neutr.;das;0;A2;640;hospital;Er liegt im **Krankenhaus**.;He is in the **hospital**.;
Krankenkasse;Substantiv;fem.;die;0;A2;110;health insurance company;Ich muss meine **Krankenkasse** anrufen.;I have to call my **health insurance company**.;
Krankheit;Substantiv;fem.;die;0;A2;1225;illness/disease;Grippe ist eine **Krankheit**.;The flu is an **illness**.;
Kredit;Substantiv;mask.;der;0;A2;228;credit/loan;Ich brauche einen **Kredit** für das Haus.;I need a **loan** for the house.;
Kreuzung;Substantiv;fem.;die;0;A2;237;intersection/crossing;Biegen Sie an der **Kreuzung** links ab.;Turn left at the **intersection**.;
Krimi;Substantiv;mask.;der;0;A2;80;detective story/crime thriller;Ich lese gerne **Krimis.**;I like reading **crime thrillers**.;
Kultur;Substantiv;fem.;die;0;A2;1241;culture;Wir interessieren uns für die deutsche **Kultur**.;We are interested in German **culture**.;
Kunst;Substantiv;fem.;die;0;A2;2811;art;Das ist moderne **Kunst**.;That is modern **art**.;
Käse;Substantiv;mask.;der;0;A2;663;cheese;Möchten Sie etwas **Käse**?;Would you like some **cheese**?;
Körper;Substantiv;mask.;der;0;A2;2535;body;Ein gesunder Geist in einem gesunden **Körper**.;A healthy mind in a healthy **body**.;
kühl;Adjektiv;nan;nan;0;A2;1243;cool/chilly;Heute ist es **kühl**.;It is **cool** today.;
kündigen;Verb;nan;nan;0;A2;1094;to quit/cancel/resign;Er hat seinen Job gekündigt.;He **quit** his job.;k-
Lampe;Substantiv;fem.;die;0;A2;274;lamp;Mach bitte die **Lampe** an.;Please turn on the **lamp**.;
Landschaft;Substantiv;fem.;die;0;A2;861;landscape;Die **Landschaft** hier ist herrlich.;The **landscape** here is magnificent.;
langweilig;Adjektiv;nan;nan;0;A2;253;boring;Der Film war **langweilig**.;The movie was **boring**.;
Laptop;Substantiv;mask., neutr.;der;0;A2;83;laptop;Ich brauche einen neuen **Laptop**.;I need a new **laptop**.;
lassen;Verb;nan;nan;0;A2;433107;to let;Lass mich in Ruhe!;**Let** me be!;
leer;Adjektiv;nan;nan;0;A2;34089;empty;Die Flasche ist **leer**.;The bottle is **empty**.;
leidtun;Verb;nan;nan;0;A2;46;to be sorry;Das tut mir sehr leid.;I am very **sorry** about that.;
leihen;Verb;nan;nan;0;A2;343;to lend/borrow;Kannst du mir ein Buch **leihen**?;Can you **lend** me a book?;
Liebe;Substantiv;fem.;die;0;A2;5419;love;**Liebe** ist blind.;**Love** is blind.;
liefern;Verb;nan;nan;0;A2;7815;to deliver/supply;Wir **liefern** das Sofa morgen.;We are **delivering** the sofa tomorrow.;
Link;Substantiv;mask., neutr.;der;0;A2;52;link;Klick auf den **Link**.;Click on the **link**.;
Lust;Substantiv;fem.;die;0;A2;453;desire/mood/inclination;Ich habe **Lust** auf Eis.;I'm in the **mood** for ice cream.;lu-
Löffel;Substantiv;mask.;der;0;A2;201;spoon;Suppe isst man mit dem **Löffel**.;You eat soup with a **spoon**.;
Lüge;Substantiv;fem.;die;0;A2;267;lie;Das war eine **Lüge**.;That was a **lie**.;
lügen;Verb;nan;nan;0;A2;872;to lie;Du sollst nicht **lügen**.;You shall not **lie**.;
Magen;Substantiv;mask.;der;0;A2;368;stomach;Mein **Magen** tut weh.;My **stomach** hurts.;organ
Mail;Substantiv;fem., neutr.;die;0;A2;409;mail/email;Schreib mir bitte eine **Mail**.;Please write me an **email**.;
Mailbox;Substantiv;fem.;die;0;A2;11;mailbox/voicemail;Hinterlassen Sie eine Nachricht auf der **Mailbox**.;Leave a message on the **voicemail**.;
mal;Adverb;nan;nan;0;A2;30849;time/times/just;Zwei **mal** zwei ist vier.;Two **times** two is four.;
malen;Verb;nan;nan;0;A2;1866;to paint/draw;Sie malt ein schönes Bild.;She is **painting** a beautiful picture.;
manch;Indefinitpronomen;nan;nan;0;A2;nan;some/many a;**Manche** Leute sind komisch.;**Some** people are weird.;
manchmal;Adverb;nan;nan;0;A2;1292;sometimes;**Manchmal** gehe ich ins Kino.;**Sometimes** I go to the cinema.;
Mannschaft;Substantiv;fem.;die;0;A2;671;team/crew;Unsere **Mannschaft** hat gewonnen.;Our **team** won.;
Mantel;Substantiv;mask.;der;0;A2;395;coat;Zieh deinen **Mantel** an.;Put on your **coat**.;
Markt;Substantiv;mask.;der;0;A2;861;market;Wir gehen auf den **Markt**.;We are going to the **market**.;
Medikament;Substantiv;neutr.;das;0;A2;504;medicine/drug;Er muss regelmäßig **Medikamente** nehmen.;He has to take **medicine** regularly.;
meinen;Verb;nan;nan;0;A2;11570;to mean/think/believe;Was meinst du dazu?;What do you **think** about it?;
Meinung;Substantiv;fem.;die;0;A2;962;opinion;Das ist meine **Meinung**.;That is my **opinion**.;
meistens;Adverb;nan;nan;0;A2;656;mostly/usually;**Meistens** trinke ich Tee.;I **mostly** drink tea.;
Menge;Substantiv;fem.;die;0;A2;2400;amount/quantity/crowd;Eine große **Menge** Leute war da.;A large **amount** (crowd) of people was there.;
merken;Verb;nan;nan;0;A2;1420;to notice/realize/remember;Hast du das gemerkt?;Did you **notice** that?;m-
Messe;Substantiv;fem.;die;0;A2;382;trade fair/mass;Ich besuche die **Buchmesse**.;I am visiting the book **trade fair**.;
Messer;Substantiv;neutr.;das;0;A2;457;knife;Das **Messer** ist sehr scharf.;The **knife** is very sharp.;
mindestens;Adverb;nan;nan;0;A2;1312;at least;Du musst **mindestens** 18 sein.;You must be **at least** 18.;m-
Mineralwasser;Substantiv;neutr.;das;0;A2;71;mineral water;Ein **Mineralwasser**, bitte.;A **mineral water**, please.;
Mitarbeiter;Substantiv;mask.;der;0;A2;884;employee/staff member;Er ist ein guter **Mitarbeiter**.;He is a good **employee**.;
Mittagessen;Substantiv;neutr.;das;0;A2;154;lunch;Was gibt es zum **Mittagessen**?;What's for **lunch**?;
Mittel;Substantiv;neutr.;das;0;A2;1558;means/remedy/average;Das ist ein gutes **Mittel** gegen Grippe.;That is a good **remedy** for the flu.;
Mobiltelefon;Substantiv;neutr.;das;0;A2;99;mobile phone/cell phone;Wo ist dein **Mobiltelefon**?;Where is your **mobile phone**?;
Mode;Substantiv;fem.;die;0;A2;274;fashion;Sie interessiert sich für **Mode**.;She is interested in **fashion**.;
modern;Adjektiv;nan;nan;0;A2;3580;modern;Das Haus ist sehr **modern**.;The house is very **modern**.;
Motor;Substantiv;mask.;der;0;A2;521;engine/motor;Der **Motor** läuft gut.;The **engine** is running well.;
Motorroller;Substantiv;mask.;der;0;A2;25;scooter/motor scooter;Er fährt einen **Motorroller**.;He rides a **scooter**.;
Museum;Substantiv;neutr.;das;0;A2;507;museum;Das **Museum** ist montags geschlossen.;The **museum** is closed on Mondays.;
Musik;Substantiv;fem.;die;0;A2;1208;music;Ich höre gerne **Musik**.;I like listening to **music**.;
Müll;Substantiv;mask.;der;0;A2;314;trash/garbage/rubbish;Bring bitte den **Müll** raus.;Please take out the **trash**.;
Mütze;Substantiv;fem.;die;0;A2;179;cap/beanie;Setz deine **Mütze** auf.;Put on your **cap**.;
Nachbar;Substantiv;mask.;der;0;A2;631;neighbor;Mein **Nachbar** ist sehr nett.;My **neighbor** is very nice.;male
Nachbarin;Substantiv;fem.;die;0;A2;130;neighbor;Sie ist meine **Nachbarin**.;She is my (female) **neighbor**.;female
Nachricht;Substantiv;fem.;die;0;A2;763;news/message;Ich habe eine gute **Nachricht** für dich.;I have some good **news** for you.;
nass;Adjektiv;nan;nan;0;A2;1278;wet;Die Wäsche ist noch **nass**.;The laundry is still **wet**.;
Natur;Substantiv;fem.;die;0;A2;1082;nature;Ich liebe die **Natur**.;I love **nature**.;
natürlich;Adjektiv;nan;nan;0;A2;12942;natural/of course;Das ist ganz **natürlich**.;That is quite **natural**.;
nebelig;Adjektiv;nan;nan;0;A2;108;foggy/misty;Heute Morgen war es sehr **nebelig**.;It was very **foggy** this morning.;-e-
neben;Präposition;nan;nan;0;A2;5886;next to/beside;Stell dich **neben** mich.;Stand **next to** me.;
nebenan;Adverb;nan;nan;0;A2;169;next door;Wer wohnt **nebenan**?;Who lives **next door**?;
neblig;Adjektiv;nan;nan;0;A2;115;foggy/misty;Es ist sehr **neblig** draußen.;It's very **foggy** outside.;
nennen;Verb;nan;nan;0;A2;5780;to call/name;Wie soll ich dich **nennen**?;What should I **call** you?;
nervös;Adjektiv;nan;nan;0;A2;261;nervous;Ich bin vor der Prüfung **nervös**.;I am **nervous** before the exam.;
nett;Adjektiv;nan;nan;0;A2;265;nice/kind;Das ist sehr **nett** von Ihnen.;That is very **nice** of you.;
niemand;Indefinitpronomen;nan;nan;0;A2;1143;nobody/no one/anyone;**Niemand** ist zu Hause.;**Nobody** is at home.;
nirgends;Adverb;nan;nan;0;A2;99;nowhere/not anywhere;Ich kann meinen Schlüssel **nirgends** finden.;I can't find my key **anywhere**.;
Note;Substantiv;fem.;die;0;A2;359;grade/note;Er hat eine gute **Note** in Mathe.;He has a good **grade** in math.;
notieren;Verb;nan;nan;0;A2;202;to note down/record;Bitte **notieren** Sie sich den Termin.;Please **note down** the appointment.;
Notiz;Substantiv;fem.;die;0;A2;157;note;Ich schreibe mir eine **Notiz**.;I'm writing myself a **note**.;
notwendig;Adjektiv;nan;nan;0;A2;1033;necessary;Das ist absolut **notwendig**.;That is absolutely **necessary**.;no-
Nudel;Substantiv;fem.;die;0;A2;26;noodle/pasta;Ich esse gerne **Nudeln.**;I like eating **noodles**.;
Nächste;Substantiv;mask.;der;0;A2;33;neighbor/fellow man;Liebe deinen **Nächsten.**;Love your **neighbor**.;
nächste;Substantiv;mask.;der;0;A2;33;neighbor/fellow man;Wer ist der **Nächste**?;Who is the **next** one?;
Nähe;Substantiv;fem.;die;0;A2;1439;proximity/vicinity/closeness;Gibt es hier eine Bank in der **Nähe**?;Is there a bank in the **vicinity** (nearby)?;
nützlich;Adjektiv;nan;nan;0;A2;275;useful/helpful;Das ist ein **nützlicher** tip.;That is a **useful** tip.;
offen;Adjektiv;nan;nan;0;A2;7503;open/candid;Das Fenster ist **offen**.;The window is **open**.;
Ohr;Substantiv;neutr.;das;0;A2;811;ear;Ich habe Schmerzen im **Ohr**.;I have a pain in my **ear**.;
online;Adverb;nan;nan;0;A2;458;online;Ich kaufe meine Kleidung **online**.;I buy my clothes **online**.;
Orange;Substantiv;fem.;die;0;A2;95;orange;Ich esse eine **Orange**.;I am eating an **orange**.;fruit
organisieren;Verb;nan;nan;0;A2;1411;to organize;Wir **organisieren** ein Fest.;We are **organizing** a festival.;-g-
Paar;Substantiv;neutr.;das;0;A2;608;couple/pair;Dort ist ein schönes **Paar**.;There is a beautiful **couple**.;
paar;Indefinitpronomen;nan;nan;0;A2;2251;few/a few;Ich habe noch ein **paar** Fragen.;I have **a few** more questions.;
packen;Verb;nan;nan;0;A2;3679;to pack/grab/pack;Ich packe meinen Koffer.;I am **packing** my suitcase.;
Paket;Substantiv;neutr.;das;0;A2;196;package/parcel;Ich bringe das **Paket** zur Post.;I'm taking the **parcel** to the post office.;
Parfum;Substantiv;neutr.;das;0;A2;50;perfume;Das **Parfum** riecht gut.;The **perfume** smells good.;-u-
Parfüm;Substantiv;neutr.;das;0;A2;52;perfume;Hast du neues **Parfüm**?;Do you have new **perfume**?;-ü-
Park;Substantiv;mask.;der;0;A2;2074;park;Wir gehen im **Park** spazieren.;We are taking a walk in the **park**.;
parken;Verb;nan;nan;0;A2;567;to park;Hier darf man nicht **parken**.;You are not allowed to **park** here.;
passen;Verb;nan;nan;0;A2;3493;to fit/suit;Die Hose passt mir nicht.;The pants don't **fit** me.;
passieren;Verb;nan;nan;0;A2;1384;to happen/occur;Was ist passiert?;What **happened**?;p-
Passwort;Substantiv;neutr.;das;0;A2;44;password;Wie ist dein **Passwort**?;What is your **password**?;
Person;Substantiv;fem.;die;0;A2;1042031;person;Sie ist eine sehr nette **Person**.;She is a very nice **person**.;
Pferd;Substantiv;neutr.;das;0;A2;1463;horse;Er reitet auf einem **Pferd**.;He is riding a **horse**.;
Pflanze;Substantiv;fem.;die;0;A2;2616;plant;Ich muss die **Pflanzen** gießen.;I have to water the **plants**.;
phantastisch;Adjektiv;nan;nan;0;A2;138;fantastic;Die Aussicht ist **phantastisch**.;The view is **fantastic**.;ph-
Pizza;Substantiv;fem.;die;0;A2;109;pizza;Ich bestelle eine **Pizza**.;I'm ordering a **pizza**.;
Plakat;Substantiv;neutr.;das;0;A2;89;poster/placard;Dort hängt ein großes **Plakat**.;A large **poster** is hanging there.;
planen;Verb;nan;nan;0;A2;2739;to plan;Was hast du für das Wochenende geplant?;What have you **planned** for the weekend?;
plötzlich;Adjektiv;nan;nan;0;A2;2694;suddenly;**Plötzlich** fing es an zu regnen.;**Suddenly** it started to rain.;
Portion;Substantiv;fem.;die;0;A2;183;portion/helping;Eine **Portion** Pommes, bitte.;A **portion** of fries, please.;
Poster;Substantiv;neutr., mask.;das;0;A2;64;poster;Ich hänge ein **Poster** auf.;I'm hanging up a **poster**.;
Postkarte;Substantiv;fem.;die;0;A2;94;postcard;Ich schicke dir eine **Postkarte**.;I'll send you a **postcard**.;
praktisch;Adjektiv;nan;nan;0;A2;877;practical/handy;Das ist ein **praktisches** Gerät.;That is a **practical** device.;
preiswert;Adjektiv;nan;nan;0;A2;125;inexpensive/good value;Das ist ein **preiswertes** Angebot.;That is an **inexpensive** offer.;
privat;Adjektiv;nan;nan;0;A2;953;private;Das ist mein **privates** Auto.;That is my **private** car.;
pro;Präposition;nan;nan;0;A2;9224;per;Das kostet 5 Euro **pro** Stück.;That costs 5 euros **per** piece.;
probieren;Verb;nan;nan;0;A2;520;to taste/test/try;Möchtest du mal **probieren**?;Would you like to **try** (taste) it?;
Produkt;Substantiv;neutr.;das;0;A2;1225;product;Das ist ein neues **Produkt**.;That is a new **product**.;
Programm;Substantiv;neutr.;das;0;A2;875;program/schedule/channel;Was läuft heute im **Programm**?;What's on the **program** (schedule) today?;
Projekt;Substantiv;neutr.;das;0;A2;976;project;Das **Projekt** ist sehr wichtig.;The **project** is very important.;
prüfen;Verb;nan;nan;0;A2;1325;to check/test/examine;Bitte **prüfen** Sie die Rechnung.;Please **check** the bill.;p-
Pullover;Substantiv;mask.;der;0;A2;612;sweater/pullover;Zieh deinen **Pullover** an.;Put on your **sweater**.;
putzen;Verb;nan;nan;0;A2;1008;to clean/polish/brush;Ich muss meine Zähne **putzen**.;I have to **brush** my teeth.;
Qualität;Substantiv;fem.;die;0;A2;611;quality;Die **Qualität** ist ausgezeichnet.;The **quality** is excellent.;
Quiz;Substantiv;neutr.;das;0;A2;26;quiz;Wir machen ein **Quiz**.;We are doing a **quiz**.;
Rad;Substantiv;neutr.;das;0;A2;21512;wheel/bicycle;Das **Rad** ist kaputt.;The **wheel** is broken.;
Radio;Substantiv;neutr., mask.;das;0;A2;635;radio;Hörst du gerne **Radio**?;Do you like listening to the **radio**?;
raten;Verb;nan;nan;0;A2;1579;to advise/guess;Was rätst du mir?;What do you **advise** me?;
Rathaus;Substantiv;neutr.;das;0;A2;175;city hall/town hall;Das **Rathaus** ist im Zentrum.;The **city hall** is in the center.;
raus;Adverb;nan;nan;0;A2;276;out/outside;Geh bitte **raus**.;Please go **out**.;colloquial
rechnen;Verb;nan;nan;0;A2;9203;to calculate/reckon/count on;Ich muss das noch mal **rechnen**.;I have to **calculate** that again.;
recht;Adjektiv;nan;nan;0;B1;40775;right/correct/quite;Das ist mir **recht**.;That is **fine** (right) with me.;
reden;Verb;nan;nan;0;A2;18848;to talk;Wir müssen **reden**.;We need to **talk**.;
reich;Adjektiv;nan;nan;0;A2;6236;rich/wealthy;Er ist ein **reicher** Mann.;He is a **rich** man.;
Reifen;Substantiv;mask.;der;0;A2;258;tire/hoop/ring;Der **Reifen** hat keine Luft.;The **tire** has no air.;
Reihe;Substantiv;fem.;die;0;A2;1681;row/series/turn;Wir sitzen in der ersten **Reihe**.;We are sitting in the first **row**.;
rein;Adverb;nan;nan;0;A2;1701;in/pure/clean;Komm **rein**!;Come **in**!;
Reinigung;Substantiv;fem.;die;0;A2;194;cleaning/dry cleaner's;Der Anzug muss in die **Reinigung**.;The suit needs to go to the **dry cleaner's**.;
reiten;Verb;nan;nan;0;A2;2562;to ride;Er kann gut **reiten**.;He can **ride** well.;a horse
renovieren;Verb;nan;nan;0;A2;126;to renovate/redecorate;Wir **renovieren** unser Haus.;We are **renovating** our house.;
Rentner;Substantiv;mask.;der;0;A2;89;pensioner/retiree;Mein Opa ist **Rentner**.;My grandpa is a **pensioner**.;male
Rentnerin;Substantiv;fem.;die;0;A2;20;pensioner/retiree;Meine Oma ist **Rentnerin**.;My grandma is a (female) **retiree**.;female
reservieren;Verb;nan;nan;0;A2;215;to reserve/book;Ich möchte einen Tisch **reservieren**.;I'd like to **reserve** a table.;
Rest;Substantiv;mask.;der;0;A2;709;rest/remains/left-over;Möchten Sie den **Rest** einpacken?;Would you like to pack up the **rest**?;
Rezept;Substantiv;neutr.;das;0;A2;189;recipe/prescription;Das ist ein tolles **Rezept**.;That is a great **recipe**.;
Rind;Substantiv;neutr.;das;0;A2;324;beef/cattle;Ich esse gerne **Rindfleisch.**;I like eating **beef**.;
Ring;Substantiv;mask.;der;0;A2;1030;ring;Sie trägt einen schönen **Ring**.;She is wearing a beautiful **ring**.;
Rock;Substantiv;mask.;der;0;A2;978;skirt/coat;Der **Rock** ist zu kurz.;The **skirt** is too short.;
romantisch;Adjektiv;nan;nan;0;A2;301;romantic;Der Film war sehr **romantisch**.;The movie was very **romantic**.;
Rose;Substantiv;fem.;die;0;A2;272;rose;Die **Rose** duftet gut.;The **rose** smells nice.;
Rucksack;Substantiv;mask.;der;0;A2;141;backpack;Mein **Rucksack** ist sehr schwer.;My **backpack** is very heavy.;
rufen;Verb;nan;nan;0;A2;17856;to call/shout;Ruf mich bitte an.;Please **call** me.;
Ruhe;Substantiv;fem.;die;0;A2;1379;rest/peace/quiet;Ich brauche etwas **Ruhe**.;I need some **rest** (quiet).;
rund;Adjektiv;nan;nan;0;A2;9344;round/approximately/around;Der Tisch ist **rund**.;The table is **round**.;r-
Rundgang;Substantiv;mask.;der;0;A2;56;tour/circuit;Wir machen einen **Rundgang** durch die Stadt.;We are taking a **tour** of the city.;
Rätsel;Substantiv;neutr.;das;0;A2;157;riddle/mystery;Das ist ein schwieriges **Rätsel**.;That is a difficult **riddle**.;
Rücken;Substantiv;mask.;der;0;A2;1574;back;Mein **Rücken** tut weh.;My **back** hurts.;
Sache;Substantiv;fem.;die;0;A2;3815;thing/matter/item;Das ist eine gute **Sache**.;That is a good **thing**.;
sammeln;Verb;nan;nan;0;A2;3631;to collect/gather;Er sammelt Briefmarken.;He **collects** stamps.;
sauber;Adjektiv;nan;nan;0;A2;8094;clean/neat/tidy;Die Wohnung ist sehr **sauber**.;The apartment is very **clean**.;
sauer;Adjektiv;nan;nan;0;A2;238;sour/angry;Die Zitronen sind **sauer**.;The lemons are **sour**.;
schade;Adjektiv;nan;nan;0;A2;52;too bad/a pity;**Schade**, dass du nicht kommen kannst.;**Too bad** you can't come.;
schaffen;Verb;nan;nan;0;A2;20467;to manage/create/accomplish;Ich schaffe das alleine.;I can **manage** that on my own.;
scharf;Adjektiv;nan;nan;0;A2;1496;sharp/spicy/hot;Das Messer ist sehr **scharf**.;The knife is very **sharp**.;
schenken;Verb;nan;nan;0;A2;2510;to give (as a gift)/donate;Ich schenke dir ein Buch.;I am **giving** you a book (as a gift).;
Schere;Substantiv;fem.;die;0;A2;180;scissors;Wo ist die **Schere**?;Where are the **scissors**?;
Schiff;Substantiv;neutr.;das;0;A2;1488;ship/boat;Das **Schiff** fährt nach Hamburg.;The **ship** is going to Hamburg.;
schimpfen;Verb;nan;nan;0;A2;955;to scold/complain/swear;Die Mutter schimpft mit dem Kind.;The mother is **scolding** the child.;
Schirm;Substantiv;mask.;der;0;A2;105;umbrella/screen/shield;Hast du einen **Schirm** dabei?;Do you have an **umbrella** with you?;
Schlafzimmer;Substantiv;neutr.;das;0;A2;191;bedroom;Das **Schlafzimmer** ist oben.;The **bedroom** is upstairs.;
schlimm;Adjektiv;nan;nan;0;A2;414;bad/serious/grave;Es ist nicht so **schlimm**.;It is not so **bad**.;
Schloss;Substantiv;neutr.;das;0;A2;3385;castle/lock/palace;Das **Schloss** ist sehr alt.;The **castle** (lock) is very old.;
Schmerz;Substantiv;mask.;der;0;A2;734;pain/ache/sorrow;Ich habe starke **Schmerzen.**;I have severe **pain**.;
schmutzig;Adjektiv;nan;nan;0;A2;902;dirty/filthy;Die Hände sind **schmutzig**.;The hands are **dirty**.;
Schnee;Substantiv;mask.;der;0;A2;1404;snow;Im Winter liegt viel **Schnee**.;There is a lot of **snow** in winter.;
schneiden;Verb;nan;nan;0;A2;6941;to cut/slice;Schneide bitte das Brot.;Please **cut** the bread.;
schneien;Verb;nan;nan;0;A2;2;to snow;Es schneit heute.;It is **snowing** today.;
Schokolade;Substantiv;fem.;die;0;A2;267;chocolate;Ich liebe **Schokolade**.;I love **chocolate**.;
schrecklich;Adjektiv;nan;nan;0;A2;263;terrible/horrible/awful;Das war ein **schrecklicher** Unfall.;That was a **terrible** accident.;s-
schriftlich;Adjektiv;nan;nan;0;A2;579;written/in writing;Bitte geben Sie mir das **schriftlich**.;Please give me that **in writing**.;
schwach;Adjektiv;nan;nan;0;A2;2444411;weak/faint;Er fühlt sich sehr **schwach**.;He feels very **weak**.;
schwanger;Adjektiv;nan;nan;0;A2;168;pregnant;Sie ist im fünften Monat **schwanger**.;She is **pregnant** in her fifth month.;
Schwein;Substantiv;neutr.;das;0;A2;551;pig/pork;Das **Schwein** lebt auf dem Bauernhof.;The **pig** lives on the farm.;
schwierig;Adjektiv;nan;nan;0;A2;833;difficult/hard/tough;Die Aufgabe ist sehr **schwierig**.;The task is very **difficult**.;
schädlich;Adjektiv;nan;nan;0;A2;266;harmful/damaging;Rauchen ist **schädlich**.;Smoking is **harmful**.;
Schülerin;Substantiv;fem.;die;0;A2;110;student/pupil;Sie ist eine gute **Schülerin**.;She is a good (female) **student**.;sc-, female
Seife;Substantiv;fem.;die;0;A2;nan;soap;Ich brauche ein Stück **Seife**.;I need a bar of **soap**.;
Seite;Substantiv;fem.;die;0;A2;3545;page/side;Macht bitte **Seite** zehn auf.;Please open to **page** ten.;
selbst;Pronomen;nan;nan;0;A2;77696;self/even;Ich habe das **selbst** gemacht.;I did that **myself**.;
Sendung;Substantiv;fem.;die;0;A2;372;program/broadcast/shipment;Die **Sendung** kommt morgen an.;The **shipment** (program) arrives tomorrow.;
Service;Substantiv;mask., neutr.;der;0;A2;181;service;Der **Service** im Hotel war gut.;The **service** in the hotel was good.;
setzen;Verb;nan;nan;0;A2;114745;to set;**Setzen** Sie sich bitte.;Please **sit** down (place yourself).;
singen;Verb;nan;nan;0;A2;3904;to sing;Sie singt sehr schön.;She **sings** very beautifully.;
Situation;Substantiv;fem.;die;0;A2;1344;situation;Das ist eine schwierige **Situation**.;That is a difficult **situation**.;
sogar;Adverb;nan;nan;0;A2;2743;even;Er hat **sogar** gelacht.;He **even** laughed.;
sonnig;Adjektiv;nan;nan;0;A2;37;sunny;Heute ist es **sonnig**.;Today it is **sunny**.;
sonst;Adverb;nan;nan;0;A2;1450;otherwise/else;Beeil dich, **sonst** kommen wir zu spät.;Hurry up, **otherwise** we'll be late.;
spannend;partizipiales Adjektiv;nan;nan;0;A2;234;exciting/thrilling/tense;Das Buch ist sehr **spannend**.;The book is very **exciting**.;
sparen;Verb;nan;nan;0;A2;2156;to save (money)/economize;Ich spare für ein neues Auto.;I am **saving** for a new car.;
Spass;Substantiv;mask.;der;0;A2;34;fun/joke;Das macht **Spass**!;That's **fun**!;swiss spelling
spazieren;Verb;nan;nan;0;A2;5951;to stroll/walk;Wir gehen **spazieren**.;We are going for a **stroll**.;
Spaziergang;Substantiv;mask.;der;0;A2;218;walk/stroll;Möchtest du einen **Spaziergang** machen?;Would you like to take a **walk**?;
Spaß;Substantiv;mask.;der;0;A2;335;fun/joke;Viel **Spaß**!;Have **fun**!;
Spiel;Substantiv;neutr.;das;0;A2;2295;game/play;Das **Spiel** beginnt um 20 Uhr.;The **game** starts at 8 PM.;
sportlich;Adjektiv;nan;nan;0;A2;370;athletic/sporty;Du bist sehr **sportlich**.;You are very **athletic**.;
Sportplatz;Substantiv;mask.;der;0;A2;47;sports field/playground;Wir treffen uns auf dem **Sportplatz**.;We are meeting at the **sports field**.;
Sprechstunde;Substantiv;fem.;die;0;A2;27;consultation hours/office hours;Wann ist die **Sprechstunde**?;When are the **consultation hours**?;
Stadtplan;Substantiv;mask.;der;0;A2;26;city map;Haben Sie einen **Stadtplan**?;Do you have a **city map**?;
Star;Substantiv;mask.;der;0;A2;374;star;Er ist ein berühmter **star**.;He is a famous **star**.;-r
stark;Adjektiv;nan;nan;0;A2;6385264;strong/powerful/heavy;Er ist ein **starker** Mann.;He is a **strong** man.;s-
stattfinden;Verb;nan;nan;0;A2;945;to take place/happen;Das Konzert findet morgen statt.;The concert **takes place** tomorrow.;
sterben;Verb;nan;nan;0;A2;7504;to die;Er ist im Alter von 80 Jahren gestorben.;He **died** at the age of 80.;
Stiefel;Substantiv;mask.;der;0;A2;301;boot;Zieh deine **Stiefel** an.;Put on your **boots**.;
Stift;Substantiv;mask.;der;0;A2;198;pencil/pen/apprentice;Hast du einen **Stift** für mich?;Do you have a **pen** for me?;
Stipendium;Substantiv;neutr.;das;0;A2;51;scholarship/grant;Sie hat ein **Stipendium** bekommen.;She got a **scholarship**.;
Stockwerk;Substantiv;neutr.;das;0;A2;179;floor/story;In welchem **Stockwerk** wohnst du?;On which **floor** do you live?;-w-
Strand;Substantiv;mask.;der;0;A2;500;beach;Wir gehen an den **Strand**.;We are going to the **beach**.;
streiten;Verb;nan;nan;0;A2;625;to argue/fight/quarrel;Bitte streitet euch nicht.;Please don't **argue**.;
streng;Adjektiv;nan;nan;0;A2;3285;strict/severe/rigorous;Mein Lehrer ist sehr **streng**.;My teacher is very **strict**.;
Stress;Substantiv;mask.;der;0;A2;161;stress/hassle;Ich habe viel **Stress** bei der Arbeit.;I have a lot of **stress** at work.;
stressig;Adjektiv;nan;nan;0;A2;111;stressful;Der Umzug war sehr **stressig**.;The move was very **stressful**.;
Studentin;Substantiv;fem.;die;0;A2;72;student;Sie ist **Studentin** an der Universität.;She is a (female) **student** at the university.;st-, female
Stuhl;Substantiv;mask.;der;0;A2;677;chair;Setzen Sie sich bitte auf den **Stuhl**.;Please sit on the **chair**.;
stören;Verb;nan;nan;0;A2;552;to disturb/bother/annoy;Entschuldigung, störe ich?;Excuse me, am I **disturbing**?;s-
Stück;Substantiv;neutr.;das;0;A2;2206;piece/bit/play;Möchten Sie ein **Stück** Kuchen?;Would you like a **piece** of cake?;theater
super;Adjektiv;nan;nan;0;A2;nan;super/great;Das war eine **super** Idee!;That was a **super** idea!;
Supermarkt;Substantiv;mask.;der;0;A2;207;supermarket;Ich gehe im **Supermarkt** einkaufen.;I am going shopping at the **supermarket**.;
Suppe;Substantiv;fem.;die;0;A2;367;soup;Die **Suppe** schmeckt gut.;The **soup** tastes good.;
surfen;Verb;nan;nan;0;A2;174;to surf;Ich surfe gerne im Internet.;I like to **surf** the internet.;
sympathisch;Adjektiv;nan;nan;0;A2;155;likeable/pleasant/sympathetic;Er ist mir sehr **sympathisch**.;I find him very **likeable**.;
süß;Adjektiv;nan;nan;0;A2;372;sweet/cute;Der Tee ist mir zu **süß**.;The tea is too **sweet** for me.;
Süßigkeit;Substantiv;fem.;die;0;A2;139;candy/sweet;Kinder mögen **Süßigkeiten.**;Children like **sweets**.;
T-Shirt;Substantiv;neutr.;das;0;A2;2;T-shirt;Das **T-Shirt** ist aus Baumwolle.;The **T-shirt** is made of cotton.;
Tablet;Substantiv;neutr., mask.;das, der;0;A2;43;tablet;Ich habe ein neues **Tablet**.;I have a new **tablet**.;
Tablette;Substantiv;fem.;die;0;A2;54;pill/tablet;Du musst die **Tablette** nehmen.;You have to take the **pill**.;medicine
Tafel;Substantiv;fem.;die;0;A2;345;blackboard/board/table;Der Lehrer schreibt an die **Tafel**.;The teacher is writing on the **blackboard**.;
Taschengeld;Substantiv;neutr.;das;0;A2;54;pocket money;Bekommst du viel **Taschengeld**?;Do you get much **pocket money**?;
Tasse;Substantiv;fem.;die;0;A2;nan;cup;Eine **Tasse** Tee, bitte.;A **cup** of tea, please.;
tauschen;Verb;nan;nan;0;A2;861;to exchange/swap/trade;Wollen wir die Plätze **tauschen**?;Shall we **exchange** seats?;often involves two parties
Team;Substantiv;neutr.;das;0;A2;576;team;Wir arbeiten gut im **Team**.;We work well in a **team**.;
teilen;Verb;nan;nan;0;A2;5882;to share/divide/part;Wollen wir uns das Zimmer **teilen**?;Shall we **share** the room?;
teilnehmen;Verb;nan;nan;0;A2;711;to take part;Ich nehme an der Konferenz teil.;I am **participating** in the conference.;t-
Teller;Substantiv;mask.;der;0;A2;382;plate;Der **Teller** ist noch heiß.;The **plate** is still hot.;
Tennis;Substantiv;neutr.;das;0;A2;258;tennis;Spielst du gerne **Tennis**?;Do you like playing **tennis**?;
Theater;Substantiv;neutr.;das;0;A2;1135;theater;Gehen wir heute ins **Theater**?;Are we going to the **theater** today?;
tief;Adjektiv;nan;nan;0;A2;9223;deep/low/profound;Der See ist hier sehr **tief**.;The lake is very **deep** here.;
Tier;Substantiv;neutr.;das;0;A2;2828;animal/beast/creature;Hast du ein **Haustier**?;Do you have a pet (**animal**)?;
Tipp;Substantiv;mask.;der;0;A2;127;tip/hint/advice;Das ist ein guter **Tipp**.;That is a good **tip**.;
Titel;Substantiv;mask.;der;0;A2;793;title/headline;Wie heißt der **Titel** des Buches?;What is the **title** of the book?;
toll;Adjektiv;nan;nan;0;A2;794;great/fantastic/awesome;Das war ein **toller** Urlaub!;That was a **great** holiday!;
Topf;Substantiv;mask.;der;0;A2;253;pot/pan;Das Essen ist im **Topf**.;The food is in the **pot**.;
Torte;Substantiv;fem.;die;0;A2;nan;cake/tart/gateau;Möchten Sie ein Stück **Torte**?;Would you like a piece of **cake**?;
total;Adjektiv;nan;nan;0;A2;725;total;Das ist mir **total** egal.;I **totally** don't care.;
Tour;Substantiv;fem.;die;0;A2;724;tour/trip/turn;Wir machen eine **Tour** durch die Alpen.;We are taking a **tour** through the Alps.;
Tourist;Substantiv;mask.;der;0;A2;362;tourist;Dort sind viele **Touristen.**;There are many **tourists** there.;male
Touristin;Substantiv;fem.;die;0;A2;17;tourist;Sie ist eine **Touristin** aus Japan.;She is a (female) **tourist** from Japan.;female
tragen;Verb;nan;nan;0;A2;157125;to wear/carry/bear;Er trägt eine Brille.;He is **wearing** glasses.;
trainieren;Verb;nan;nan;0;A2;1826;to train/practice/exercise;Ich trainiere für den Marathon.;I am **training** for the marathon.;
Training;Substantiv;neutr.;das;0;A2;341;training/practice/workout;Das **Training** war sehr anstrengend.;The **training** was very strenuous.;
Traum;Substantiv;mask.;der;0;A2;625;dream;Das war nur ein **Traum**.;That was only a **dream**.;
traurig;Adjektiv;nan;nan;0;A2;345;sad;Warum bist du so **traurig**?;Why are you so **sad**?;
trocken;Adjektiv;nan;nan;0;A2;721;dry;Die Wäsche ist schon **trocken**.;The laundry is already **dry**.;
träumen;Verb;nan;nan;0;A2;556;to dream;Ich träume von einem Haus am Meer.;I **dream** of a house by the sea.;
typisch;Adjektiv;nan;nan;0;A2;940;typical;Das ist **typisch** für ihn.;That is **typical** of him.;
Tür;Substantiv;fem.;die;0;A2;1746;door;Mach bitte die **Tür** zu.;Please close the **door**.;
umsteigen;Verb;nan;nan;0;A2;83;to change;Sie müssen in Köln **umsteigen**.;You have to **change** in Cologne.;trains/buses
Umzug;Substantiv;mask.;der;0;A2;137;move/relocation/parade;Der **Umzug** war sehr teuer.;The **move** was very expensive.;
unbedingt;Adjektiv;nan;nan;0;A2;528;at any cost;Ich muss ihn **unbedingt** sehen.;I **absolutely** must see him.;
Unfall;Substantiv;mask.;der;0;A2;600;accident;Es gab einen kleinen **Unfall**.;There was a small **accident**.;
Universität;Substantiv;fem.;die;0;A2;1151;university;Er studiert an der **Universität**.;He studies at the **university**.;
unterhalten;Verb;nan;nan;0;A2;497;to entertain/maintain/chat;Wir haben uns gut **unterhalten**.;We had a good **chat** (talk).;
Unterkunft;Substantiv;fem.;die;0;A2;218;accommodation/lodging;Wir suchen eine **Unterkunft**.;We are looking for **accommodation**.;
unternehmen;Verb;nan;nan;0;A2;310;to undertake/do/venture;Wollen wir heute was **unternehmen**?;Shall we **do** (undertake) something today?;
Unterschied;Substantiv;mask.;der;0;A2;974;difference/distinction;Was ist der **Unterschied**?;What is the **difference**?;noun
untersuchen;Verb;nan;nan;0;A2;1054;to examine/investigate/analyze;Der Arzt untersucht das Kind.;The doctor **examines** the child.;u-
unterwegs;Adverb;nan;nan;0;A2;580;on the way/on the road;Ich bin viel **unterwegs**.;I am **on the way** a lot.;
verabreden;Verb;nan;nan;0;A2;99;to arrange/make an appointment;Wir haben uns für morgen verabredet.;We have **arranged** to meet tomorrow.;
Veranstaltung;Substantiv;fem.;die;0;A2;635;event/performance/meeting;Die **Veranstaltung** war gut besucht.;The **event** was well attended.;v-
verbieten;Verb;nan;nan;0;A2;690;to forbid/prohibit/ban;Rauchen ist hier verboten.;Smoking is **forbidden** here.;
vereinbaren;Verb;nan;nan;0;A2;316;to agree/arrange;Wir haben einen Termin vereinbart.;We have **arranged** (agreed on) an appointment.;
vergessen;Verb;nan;nan;0;A2;814;to forget;Ich habe meinen Schlüssel **vergessen**.;I **forgot** my key.;
vergleichen;Verb;nan;nan;0;A2;406;to compare/match;**Vergleichen** Sie die Preise.;**Compare** the prices.;
Verkehr;Substantiv;mask.;der;0;A2;520;traffic/communication/intercourse;Es gibt heute viel **Verkehr**.;There is a lot of **traffic** today.;
Verkehrsmittel;Substantiv;neutr.;das;0;A2;129;means of transport;Welches **Verkehrsmittel** benutzt du?;Which **means of transport** do you use?;
verletzen;Verb;nan;nan;0;A2;791;to injure/hurt/violate;Er hat sich am Bein verletzt.;He **injured** his leg.;
verlieben;Verb;nan;nan;0;A2;332;to fall in love;Sie hat sich in ihn verliebt.;She **fell in love** with him.;
verlieren;Verb;nan;nan;0;A2;2011;to lose/shed;Ich habe mein Portemonnaie verloren.;I **lost** my wallet.;
Vermieterin;Substantiv;fem.;die;0;A2;21;landlady;Die **Vermieterin** ist sehr nett.;The **landlady** is very nice.;
verpassen;Verb;nan;nan;0;A2;108;to miss;Ich habe den Bus verpasst.;I **missed** the bus.;train/chance
verreisen;Verb;nan;nan;0;A2;95;to go away/travel;In den Ferien **verreisen** wir.;We **go away** (travel) during the holidays.;
verschieben;Verb;nan;nan;0;A2;329;to postpone/shift/move;Wir müssen den Termin **verschieben**.;We must **postpone** the appointment.;
verschieden;Adjektiv;nan;nan;0;A2;4326;diverse/various;Es gibt **verschiedene** Möglichkeiten.;There are **different** possibilities.;adj
Verspätung;Substantiv;fem.;die;0;A2;108;delay/lateness;Der Zug hat 10 Minuten **Verspätung**.;The train has a 10-minute **delay**.;
versuchen;Verb;nan;nan;0;A2;2638;to attempt/try;Ich versuche es noch einmal.;I will **try** it once more.;
Vertrag;Substantiv;mask.;der;0;A2;609;contract;Unterschreiben Sie den **Vertrag**.;Sign the **contract**.;
Vogel;Substantiv;mask.;der;0;A2;963;bird;Der **Vogel** singt im Baum.;The **bird** is singing in the tree.;
voll;Adjektiv;nan;nan;0;A2;4119;full/entire/crowded;Das Glas ist **voll**.;The glass is **full**.;
Volleyball;Substantiv;mask., neutr.;der, das;0;A2;43;volleyball;Spielst du **Volleyball**?;Do you play **volleyball**?;
vorbei;Adverb;nan;nan;0;A2;1057;past/over/gone;Der Sommer ist **vorbei**.;The summer is **over**.;
vorbereiten;Verb;nan;nan;0;A2;706;to prepare;Ich **bereite** das Essen **vor.**;I am **preparing** the food.;
vorgestern;Adverb;nan;nan;0;A2;35;the day before yesterday;Ich habe ihn **vorgestern** gesehen.;I saw him **the day before yesterday**.;
vorher;Adverb;nan;nan;0;A2;671;before/previously/beforehand;Ruf mich bitte **vorher** an.;Please call me **beforehand**.;
vorn;Adverb;nan;nan;0;A2;302;at the front/ahead;Setzen Sie sich bitte nach **vorn**.;Please sit **at the front**.;
vorne;Adverb;nan;nan;0;A2;932;at the front/ahead;Die Kinder sitzen **vorne**.;The children are sitting **at the front**.;-e
Vorschlag;Substantiv;mask.;der;0;A2;393;suggestion/proposal;Das war ein guter **Vorschlag**.;That was a good **suggestion**.;
vorwärts;Adverb;nan;nan;0;A2;167;forward/onwards;Der Wagen rollt **vorwärts**.;The car is rolling **forward**.;
wach;Adjektiv;nan;nan;0;A2;221;awake;Bist du schon **wach**?;Are you **awake** already?;
wahr;Adjektiv;nan;nan;0;A2;739;true;Das ist nicht **wahr**!;That is not **true**!;opposite of false
wahrscheinlich;Adjektiv;nan;nan;0;A2;989;probably;Ich komme **wahrscheinlich** morgen.;I'll **probably** come tomorrow.;wa-
Wald;Substantiv;mask.;der;0;A2;1342;forest/woods;Wir gehen im **Wald** spazieren.;We are taking a walk in the **forest**.;
warm;Adjektiv;nan;nan;0;A2;501;warm;Heute ist es angenehm **warm**.;Today it is pleasantly **warm**.;
Web-Seite;Substantiv;fem.;die;0;A2;nan;web page/website;Besuchen Sie unsere **Web-Seite**.;Visit our **web page**.;
Webseite;Substantiv;fem.;die;0;A2;74;website/web page;Die **Webseite** ist sehr informativ.;The **website** is very informative.;
wechseln;Verb;nan;nan;0;A2;6039;to exchange/replace;Ich muss Geld **wechseln**.;I have to **exchange** money.;often by oneself
wecken;Verb;nan;nan;0;A2;733;to wake (up)/awaken;Weck mich bitte um 7 Uhr.;Please **wake** me **up** at 7 AM.;
Weg;Substantiv;mask.;der;0;A2;5134;way/path/route;Wie ist der **Weg** zum Bahnhof?;What is the **way** to the station?;
weg;Adverb;nan;nan;0;A2;1;away/gone/off;Geh **weg**!;Go **away**!;
wegen;Präposition;nan;nan;0;A2;3794;because of;**Wegen** des Regens bleiben wir hier.;We are staying here **because of** the rain.;
weich;Adjektiv;nan;nan;0;A2;3089;soft/tender;Das Bett ist sehr **weich**.;The bed is very **soft**.;
weil;Konjunktion;nan;nan;0;A2;7602;because;Ich bleibe zu Hause, **weil** ich krank bin.;I am staying at home **because** I am sick.;w-
weinen;Verb;nan;nan;0;A2;837;to cry/weep;Das Kind weint.;The child is **crying**.;
wenigstens;Adverb;nan;nan;0;A2;460;at least;Du hättest **wenigstens** anrufen können.;You could have **at least** called.;w-
wenn;Konjunktion;nan;nan;0;A2;124865;if/when;**Wenn** es regnet, bleiben wir hier.;**If** it rains, we stay here.;w-
Werkstatt;Substantiv;fem.;die;0;A2;300;workshop/garage/repair shop;Mein Auto ist in der **Werkstatt**.;My car is in the **repair shop**.;
Wettbewerb;Substantiv;mask.;der;0;A2;452;competition/contest;Er nimmt an einem **Wettbewerb** teil.;He is participating in a **competition**.;
windig;Adjektiv;nan;nan;0;A2;128;windy;Heute ist es sehr **windig**.;Today it is very **windy**.;
wirklich;Adjektiv;nan;nan;0;A2;2000;real/really/actual;Das ist **wirklich** wahr.;That is **really** true.;w-
Witz;Substantiv;mask.;der;0;A2;436;joke/wit/gag;Erzähl uns einen **Witz**.;Tell us a **joke**.;
witzig;Adjektiv;nan;nan;0;A2;195;witty;Er ist ein **witziger** Typ.;He is a **funny** guy.;
Wohnzimmer;Substantiv;neutr.;das;0;A2;289;living room;Wir sitzen im **Wohnzimmer**.;We are sitting in the **living room**.;
Wolke;Substantiv;fem.;die;0;A2;396;cloud;Es sind viele **Wolken** am Himmel.;There are many **clouds** in the sky.;
Workshop;Substantiv;mask.;der;0;A2;42;workshop;Ich besuche einen **Workshop**.;I'm attending a **workshop**.;
Wunsch;Substantiv;mask.;der;0;A2;626;wish/desire/request;Ich habe einen **Wunsch**.;I have a **wish**.;
das ist mir wurscht;Adjektiv;nan;nan;0;A2;nan;all the same/indifferent/sausages;**Das ist mir wurscht**.;**I don't care**.;-ch-
Wurst;Substantiv;fem.;die;0;A2;192;sausage;Ich esse eine **Wurst**.;I am eating a **sausage**.;
das ist mir wurst;Adjektiv;nan;nan;0;A2;nan;all the same/indifferent;**Das ist mir wurst**.;**I don't care**.;
wählen;Verb;nan;nan;0;A2;4356;to vote/choose/elect;Sie müssen eine Nummer **wählen**.;You have to **dial** (choose) a number.;w-
Wäsche;Substantiv;fem.;die;0;A2;242;laundry/washing/linen;Ich muss die **Wäsche** waschen.;I have to wash the **laundry**.;
wünschen;Verb;nan;nan;0;A2;1701;to wish/desire;Ich wünsche dir alles Gute.;I **wish** you all the best.;
Zahl;Substantiv;fem.;die;0;A2;2540;number/figure/digit;Nennen Sie mir eine **Zahl**.;Tell me a **number**.;
Zahn;Substantiv;mask.;der;0;A2;567;tooth;Mein **Zahn** tut weh.;My **tooth** hurts.;
zeichnen;Verb;nan;nan;0;A2;6744;to draw/sketch/sign;Das Kind zeichnet ein Haus.;The child is **drawing** a house.;
zeigen;Verb;nan;nan;0;A2;32632;to show/point/indicate;**Zeigen** Sie mir bitte den Weg.;Please **show** me the way.;
Zeitschrift;Substantiv;fem.;die;0;A2;408;magazine/journal/periodical;Ich lese eine **Zeitschrift**.;I am reading a **magazine**.;z
Zelt;Substantiv;neutr.;das;0;A2;247;tent;Wir schlafen im **Zelt**.;We are sleeping in a **tent**.;
Zentrum;Substantiv;neutr.;das;0;A2;844;center/town center;Das Hotel liegt im **Zentrum**.;The hotel is located in the **center**.;
Zettel;Substantiv;mask.;der;0;A2;159;slip of paper/note;Ich schreibe es auf einen **Zettel**.;I'll write it on a **slip of paper**.;
Zeugnis;Substantiv;neutr.;das;0;A2;217;report card/certificate/testimony;Er hat ein gutes **Zeugnis** bekommen.;He got a good **report card**.;
ziehen;Verb;nan;nan;0;A2;166206;to pull/move/draw;Bitte **ziehen** Sie an der Tür.;Please **pull** the door.;
Ziel;Substantiv;neutr.;das;0;A2;2541;goal/target/destination;Wir haben unser **Ziel** erreicht.;We have reached our **goal**.;
Zirkus;Substantiv;mask.;der;0;A2;93;circus;Die Kinder gehen in den **Zirkus**.;The children are going to the **circus**.;
Zitrone;Substantiv;fem.;die;0;A2;71;lemon;Ich nehme Tee mit **Zitrone**.;I'll have tea with **lemon**.;
Zoo;Substantiv;mask.;der;0;A2;131;zoo;Wir besuchen heute den **Zoo**.;We are visiting the **zoo** today.;
Zucker;Substantiv;mask.;der;0;A2;547;sugar;Möchten Sie **Zucker** in den Kaffee?;Would you like **sugar** in your coffee?;
zuerst;Adverb;nan;nan;0;A2;759;first/first of all;**Zuerst** essen wir, dann arbeiten wir.;**First** we eat, then we work.;
zuhören;Verb;nan;nan;0;A2;164;to listen;Bitte **hör** mir **zu.**;Please **listen** to me.;to
zuletzt;Adverb;nan;nan;0;A2;701;last/in the end/finally;Wer hat **zuletzt** gelacht?;Who laughed **last**?;z-
zum Beispiel;Mehrwortausdruck;nan;nan;0;A2;nan;for example;Obst, **zum Beispiel** Äpfel.;Fruit, **for example** apples.;
zumachen;Verb;nan;nan;0;A2;108;to close/shut;**Mach** bitte das Fenster **zu.**;Please **close** the window.;z-
zurück-;Affix;nan;nan;0;A2;nan;back/return;Er kam gestern zurück.;He came **back** yesterday.;affix
zurückfahren;Verb;nan;nan;0;A2;136;to drive back/return;Wann **fahren** wir **zurück?**;When are we **driving back**?;
zurückgeben;Verb;nan;nan;0;A2;168;to give back/return;Ich **gebe** dir das Buch **zurück.**;I am **giving** you the book **back**.;
zurückgehen;Verb;nan;nan;0;A2;315;to go back/return/decline;Wir müssen jetzt **zurückgehen**.;We have to **go back** now.;
zurückkommen;Verb;nan;nan;0;A2;136;to come back/return;Wann kommst du zurück?;When do you **come back**?;
zurücklaufen;Verb;nan;nan;0;A2;93;to run back/walk back;Er ist schnell zurückgelaufen.;He **ran back** quickly.;
ändern;Verb;nan;nan;0;A2;2188;to change/alter/modify;Ich muss meine Meinung **ändern**.;I have to **change** my opinion.;
ärgern;Verb;nan;nan;0;A2;898;to annoy/bother/irritate;Ärgere dich nicht.;Don't be **annoyed**.;
üben;Verb;nan;nan;0;A2;1367;to practice/exercise/drill;Ich übe jeden Tag Klavier.;I **practice** the piano every day.;
überall;Adverb;nan;nan;0;A2;964;everywhere/all over;**Überall** liegt Müll.;There is trash **everywhere**.;
übermorgen;Adverb;nan;nan;0;A2;19;the day after tomorrow;Ich sehe dich **übermorgen**.;I'll see you **the day after tomorrow**.;
übersetzen;Verb;nan;nan;0;A2;998;to translate/cross over;Können Sie das bitte **übersetzen**?;Can you please **translate** that?;
Übersetzung;Substantiv;fem.;die;0;A2;295;translation;Die **Übersetzung** ist sehr gut.;The **translation** is very good.;
-weis;Affix;nan;nan;0;B1;nan;way/manner;nan;nan;affix
-weise;Affix;nan;nan;0;B1;1;way/manner;Glücklicherweise ist nichts passiert.;Lucky-**wise**, nothing happened.;affix, -e
abbiegen;Verb;nan;nan;0;B1;nan;to turn (corner)/bend;**Biegen** Sie an der Ecke links **ab.**;**Turn** left at the corner.;
Abbildung;Substantiv;fem.;die;0;B1;250;illustration/figure/image;Siehe **Abbildung** 1.;See **Figure** (Illustration) 1.;
Abenteuer;Substantiv;neutr.;das;0;B1;238;adventure;Das war ein großes **Abenteuer**.;That was a great **adventure**.;
Abfall;Substantiv;mask.;der;0;B1;392;trash/waste/rubbish;Werfen Sie den **Abfall** in die Tonne.;Throw the **trash** into the bin.;
Abfalleimer;Substantiv;mask.;der;0;B1;11;trash can/bin;Der **Abfalleimer** ist voll.;The **trash can** is full.;
Abgas;Substantiv;neutr.;das;0;B1;56;exhaust gas/emission;**Abgase** schaden der Umwelt.;**Exhaust gases** harm the environment.;
abhangen;Verb;nan;nan;0;B1;1;to depend/hang down;Das hängt von dir ab.;That **depends** on you.;
abheben;Verb;nan;nan;0;B1;192;to withdraw (money)/lift off;Ich muss Geld vom Konto **abheben**.;I need to **withdraw** money from the account.;
abhängen;Verb;nan;nan;0;B1;266;to depend/hang up;Es hängt vom Wetter ab.;It **depends** on the weather.;
abhängig;Adjektiv;nan;nan;0;B1;507;dependent/addicted;Er ist von seinen Eltern **abhängig**.;He is **dependent** on his parents.;
Abitur;Substantiv;neutr.;das;0;B1;142;A-levels/high school graduation;Er macht dieses Jahr sein **Abitur**.;He is doing his **high school graduation** (A-levels) this year.;
ablehnen;Verb;nan;nan;0;B1;513;to reject/refuse/decline;Er hat das Angebot abgelehnt.;He **rejected** the offer.;
abmachen;Verb;nan;nan;0;B1;89;to agree/settle;Wir hatten abgemacht, dass wir uns treffen.;We had **agreed** to meet.;
abnehmen;Verb;nan;nan;0;B1;425;to lose weight/decrease;Ich möchte fünf Kilo **abnehmen**.;I want to **lose** five kilos.;
Abonnement;Substantiv;neutr.;das;0;B1;43;subscription;Ich habe ein **Abonnement** für diese Zeitschrift.;I have a **subscription** to this magazine.;
abonnieren;Verb;nan;nan;0;B1;74;to subscribe;Ich habe den Kanal abonniert.;I **subscribed** to the channel.;to
absagen;Verb;nan;nan;0;B1;180;to cancel/call off/decline;Ich muss den Termin leider **absagen**.;I unfortunately have to **cancel** the appointment.;
Abschied;Substantiv;mask.;der;0;B1;173;farewell/parting/goodbye;Der **Abschied** war sehr traurig.;The **farewell** was very sad.;
Abschluss;Substantiv;mask.;der;0;B1;425;conclusion/degree/graduation;Herzlichen Glückwunsch zum **Studienabschluss**!;Congratulations on your **graduation** (degree)!;
Abschnitt;Substantiv;mask.;der;0;B1;486;section/part/segment;Lesen Sie den nächsten **Abschnitt**.;Read the next **section**.;
abschreiben;Verb;nan;nan;0;B1;164;to copy/write off;Er hat in der Prüfung abgeschrieben.;He **copied** during the exam.;
Absenderin;Substantiv;fem.;die;0;B1;7;sender;Wer ist die **Absenderin**?;Who is the (female) **sender**?;female
absolut;Adjektiv;nan;nan;0;B1;10896;absolute/absolutely;Das ist **absolut** richtig.;That is **absolutely** right.;
abstimmen;Verb;nan;nan;0;B1;262;to vote/coordinate/tune;Wir **stimmen** über den Vorschlag **ab.**;We are **voting** on the proposal.;a-
Abt;Substantiv;mask.;der;0;B1;49;abbot;Der **Abt** leitet das Kloster.;The **abbot** leads the monastery.;
Abteilung;Substantiv;fem.;die;0;B1;453;department/section/unit;Er arbeitet in der Marketing-**Abteilung**.;He works in the marketing **department**.;
Abwart;Substantiv;mask.;der;0;B1;8;caretaker/janitor;Der **Abwart** schließt die Tür auf.;The **caretaker** unlocks the door.;male
Abwartin;Substantiv;fem.;die;0;B1;nan;caretaker/janitor;Die **Abwartin** reinigt den Flur.;The (female) **janitor** cleans the hallway.;female
abwaschen;Verb;nan;nan;0;B1;109;to wash up/wash dishes;Ich muss noch das Geschirr **abwaschen**.;I still have to **wash** the dishes.;
abwesend;Adjektiv;nan;nan;0;B1;73;absent/away;Er war gestern **abwesend**.;He was **absent** yesterday.;
abwärts;Adverb;nan;nan;0;B1;182;downward/downhill;Der Weg führt **abwärts**.;The path leads **downward**.;
achten;Verb;nan;nan;0;B1;2702;to respect/pay attention/esteem;Bitte **achten** Sie auf die Stufe.;Please **pay attention** to the step.;ac-
Aktion;Substantiv;fem.;die;0;B1;577;action;Das war eine gute **Aktion**.;That was a good **action**.;
Aktivität;Substantiv;fem.;die;0;B1;639;activity;Wir planen eine neue **Aktivität**.;We are planning a new **activity**.;a-
akzeptieren;Verb;nan;nan;0;B1;422;to accept/agree to;Ich kann das nicht **akzeptieren**.;I cannot **accept** that.;
Alarm;Substantiv;mask.;der;0;B1;93;alarm;Der **Alarm** ging los.;The **alarm** went off.;a-
Alkohol;Substantiv;mask.;der;0;B1;633;alcohol;Er trinkt keinen **Alkohol**.;He doesn't drink **alcohol**.;
aller-;Affix;nan;nan;0;B1;1;of all;Das ist das Allerbeste.;That is the best **of all**.;affix
allerbest;Adjektiv;nan;nan;0;B1;1;best of all;Das ist mein **allerbestes** Freund.;That is my **best of all** friend.;
allerdings;Adverb;nan;nan;0;B1;2034;however/certainly/though;Das Hotel war sehr schön, **allerdings** war es ein bisschen zu teuer für uns.;The hotel was very nice. **However**, it was a little too expensive for us.;a-
allerschönst;Adjektiv;nan;nan;0;B1;nan;most beautiful of all;Das war der **allerschönste** Tag.;That was the **most beautiful of all** day.;
allgemein;Adjektiv;nan;nan;0;B1;9461;general/common/generally;Das ist **allgemein** bekannt.;That is **generally** known.;
Alltag;Substantiv;mask.;der;0;B1;388;everyday life/daily routine;Der **Alltag** kann stressig sein.;**Everyday life** can be stressful.;
alltäglich;Adjektiv;nan;nan;0;B1;185;daily/common/commonplace;Das ist ein **alltägliches** Problem.;That is a **commonplace** problem.;
Alphabet;Substantiv;neutr.;das;0;B1;313;alphabet;Das **Alphabet** hat 26 Buchstaben.;The **alphabet** has 26 letters.;
Altenheim;Substantiv;neutr.;das;0;B1;37;nursing home/old people's home;Er wohnt in einem **Altenheim**.;He lives in a **nursing home**.;
alternativ;Adjektiv;nan;nan;0;B1;275;alternative;Wir suchen nach **alternativen** Lösungen.;We are looking for **alternative** solutions.;
Alternative;Substantiv;fem.;die;0;B1;628;alternative;Gibt es eine **Alternative**?;Is there an **alternative**?;
Altersheim;Substantiv;neutr.;das;0;B1;2;old people's home/nursing home;Sie arbeitet im **Altersheim**.;She works at the **old people's home**.;
Amt;Substantiv;neutr.;das;0;B1;797;office/agency/post;Er arbeitet beim **Finanzamt**.;He works at the tax **office**.;
amüsieren;Verb;nan;nan;0;B1;44;to amuse/enjoy oneself;Wir haben uns gut amüsiert.;We **enjoyed ourselves** (had fun).;
analysieren;Verb;nan;nan;0;B1;275;to analyze;Wir müssen die Daten **analysieren**.;We need to **analyze** the data.;
Anbieter;Substantiv;mask.;der;0;B1;174;provider/supplier/vendor;Wer ist Ihr Internet-**Anbieter**?;Who is your internet **provider**?;
andererseits;Adverb;nan;nan;0;B1;478;on the other hand;**Andererseits** ist es teurer.;**On the other hand**, it is more expensive.;-erer-
anderseits;Adverb;nan;nan;0;B1;19;on the other hand;Das ist **anderseits** auch wahr.;That is **on the other hand** also true.;
andrerseits;Adverb;nan;nan;0;B1;8;on the other hand;**Andrerseits** möchte ich gehen.;**On the other hand**, I want to go.;-rer-
anerkennen;Verb;nan;nan;0;B1;519;to recognize/acknowledge/accept;Sein Erfolg wurde anerkannt.;His success was **recognized**.;to acknowledge, validating
anfangs;Adverb;nan;nan;0;B1;190;at first/initially;**Anfangs** war es schwierig.;**At first** it was difficult.;
Angabe;Substantiv;fem.;die;0;B1;982;detail/statement;Bitte füllen Sie Ihre persönlichen **Angaben** aus.;Please fill in your personal **details**.;a-
angeben;Verb;nan;nan;0;B1;684;to state/show off/specify;Bitte **geben** Sie Ihren Namen **an.**;Please **state** your name.;
Angehörige;Substantiv;fem., mask.;die, der;0;B1;1268;relative/member;Er ist ein **Angehöriger** der Familie.;He is a **relative** (member) of the family.;
angenehm;Adjektiv;nan;nan;0;B1;294;pleasant/agreeable/comfortable;Das ist eine **angenehme** Überraschung.;That is a **pleasant** surprise.;
Angestellte;Substantiv;mask., fem.;der, die;0;B1;nan;employee/staff member;Er ist ein **Angestellter** der Firma.;He is an **employee** of the company.;
anhaben;Verb;nan;nan;0;B1;67;have on;Was hast du heute an?;What do you **have on** (wearing) today?;
ankündigen;Verb;nan;nan;0;B1;343;to announce/notify/herald;Der Besuch wurde angekündigt.;The visit was **announced**.;a-
Anlage;Substantiv;fem.;die;0;B1;1080;system/facility/attachment;Das ist eine moderne **Anlage**.;That is a modern **system** (facility).;
Anleitung;Substantiv;fem.;die;0;B1;125;instruction/manual/guidance;Bitte lesen Sie die **Anleitung**.;Please read the **instructions**.;
annehmen;Verb;nan;nan;0;B1;1015;to accept/assume/take on;Ich **nehme** die Einladung **an.**;I **accept** the invitation.;
Annonce;Substantiv;fem.;die;0;B1;28;advertisement/ad;Ich habe eine **Annonce** gelesen.;I read an **advertisement** (ad).;
anschaffen;Verb;nan;nan;0;B1;185;to acquire/purchase/get;Wir **schaffen** uns ein neues Auto **an.**;We are **getting** (purchasing) a new car.;
anschließen;Verb;nan;nan;0;B1;379;to connect/join/plug in;Kann ich meinen Computer **anschließen**?;Can I **connect** my computer?;
anschnallen;Verb;nan;nan;0;B1;nan;to buckle up/fasten seat belt;Bitte **schnallen** Sie sich **an.**;Please **buckle up**.;
ansprechen;Verb;nan;nan;0;B1;384;to address/speak to/appeal to;Er hat mich auf der Straße angesprochen.;He **spoke to** me on the street.;
Anspruch;Substantiv;mask.;der;0;B1;759;claim/standard;Er hat hohe **Ansprüche.**;He has high **demands** (standards).;a-
anstellen;Verb;nan;nan;0;B1;307;to employ/turn on/line up;Wir haben ihn als Gärtner angestellt.;We **employed** him as a gardener.;
anstrengen;Verb;nan;nan;0;B1;101;to strain/exert/try hard;Ich muss mich **anstrengen**.;I have to **try hard** (exert myself).;
anstrengend;partizipiales Adjektiv;nan;nan;0;B1;218;tiring/strenuous/demanding;Die Arbeit ist sehr **anstrengend**.;The work is very **strenuous**.;
Antrag;Substantiv;mask.;der;0;B1;424;application/motion/proposal;Ich habe einen **Antrag** gestellt.;I have submitted an **application**.;a-
Anwalt;Substantiv;mask.;der;0;B1;258;lawyer/attorney;Er ist ein guter **Anwalt**.;He is a good **lawyer**.;male
anwenden;Verb;nan;nan;0;B1;632;to apply/use/employ;Man muss die Regeln **anwenden**.;One must **apply** the rules.;a-
anwesend;Adjektiv;nan;nan;0;B1;201;present;Sind alle **anwesend**?;Are all **present**?;
Anwältin;Substantiv;fem.;die;0;B1;31;lawyer/attorney;Die **Anwältin** berät mich.;The (female) **lawyer** is advising me.;female
Anzahl;Substantiv;fem.;die;0;B1;1053;number/quantity/amount;Eine große **Anzahl** von Menschen war da.;A large **number** of people were there.;a-
anzeigen;Verb;nan;nan;0;B1;388;to report/display/announce;Er hat den Diebstahl angezeigt.;He **reported** the theft.;a-
Aprikose;Substantiv;fem.;die;0;B1;17;apricot;Ich mag **Aprikosen.**;I like **apricots**.;
Arbeiter;Substantiv;mask.;der;0;B1;549;worker/laborer;Er ist ein fleißiger **Arbeiter**.;He is a hard-working **worker**.;male
Arbeiterin;Substantiv;fem.;die;0;B1;83;worker/laborer;Sie arbeitet als **Arbeiterin** in der Fabrik.;She works as a **worker** in the factory.;female
Arbeitserlaubnis;Substantiv;fem.;die;0;B1;16;work permit;Haben Sie eine **Arbeitserlaubnis**?;Do you have a **work permit**?;
Arbeitslosigkeit;Substantiv;fem.;die;0;B1;97;unemployment;Die **Arbeitslosigkeit** steigt.;**Unemployment** is rising.;
Arbeitsstelle;Substantiv;fem.;die;0;B1;77;job/workplace/position;Ich suche eine neue **Arbeitsstelle**.;I am looking for a new **job**.;
Architekt;Substantiv;mask.;der;0;B1;194;architect;Der **Architekt** plant das Haus.;The **architect** is planning the house.;male
Architektin;Substantiv;fem.;die;0;B1;17;architect;Sie ist eine erfolgreiche **Architektin**.;She is a successful (female) **architect**.;female
Art;Substantiv;fem.;die;0;B1;21480;type/kind/way;Was für eine **Art** von Musik magst du?;What **kind** (type) of music do you like?;
Asyl;Substantiv;neutr.;das;0;B1;95;asylum;Er hat **Asyl** beantragt.;He has applied for **asylum**.;
Atem;Substantiv;mask.;der;0;B1;439;breath;Der **Atem** ist wichtig.;**Breath** is important.;
atmen;Verb;nan;nan;0;B1;1493;to breathe;Bitte tief **atmen**.;Please **breathe** deeply.;
Aufenthalt;Substantiv;mask.;der;0;B1;261;stay/residence/stopover;Wie war Ihr **Aufenthalt**?;How was your **stay**?;
auffallen;Verb;nan;nan;0;B1;305;to notice/attract attention/stand out;Ist dir etwas aufgefallen?;Did you **notice** anything?;a-
auffordern;Verb;nan;nan;0;B1;299;to request/call on/invite;Er forderte mich auf zu gehen.;He **requested** (called on) me to leave.;a-
Aufforderung;Substantiv;fem.;die;0;B1;208;request/invitation/summons;Das war eine freundliche **Aufforderung**.;That was a friendly **request**.;
aufführen;Verb;nan;nan;0;B1;391;to perform/list/act out;Das Stück wird heute aufgeführt.;The play is being **performed** today.;
aufgeben;Verb;nan;nan;0;B1;524;to give up;Gib niemals auf!;Never **give up**!;a-
aufhalten;Verb;nan;nan;0;B1;488;to stop/delay/stay;Niemand kann ihn **aufhalten**.;Nobody can **stop** him.;
aufheben;Verb;nan;nan;0;B1;433;to pick up/keep/abolish;Bitte **heb** das Papier **auf.**;Please **pick up** the paper.;
aufladen;Verb;nan;nan;0;B1;115;to charge/load;Ich muss mein Handy **aufladen**.;I need to **charge** my phone.;
auflösen;Verb;nan;nan;0;B1;446;to dissolve/dissolve/break up;Zucker löst sich in Wasser auf.;Sugar **dissolves** in water.;
aufmerksam;Adjektiv;nan;nan;0;B1;462;attentive/mindful/careful;Bitte hören Sie **aufmerksam** zu.;Please listen **attentively**.;
Aufnahme;Substantiv;fem.;die;0;B1;646;recording/admission/reception;Die **Aufnahme** ist sehr klar.;The **recording** is very clear.;
aufnehmen;Verb;nan;nan;0;B1;1241;to record/take in/start;Wir **nehmen** das Gespräch **auf.**;We are **recording** the conversation.;
aufschreiben;Verb;nan;nan;0;B1;127;to write down/note down;Soll ich es **aufschreiben**?;Should I **write** it **down**?;
Auftrag;Substantiv;mask.;der;0;B1;690;order/task/commission;Ich habe einen wichtigen **Auftrag**.;I have an important **task** (order).;
auftreten;Verb;nan;nan;0;B1;1308;to appear/perform/occur;Die Band tritt heute Abend auf.;The band is **performing** tonight.;a-
Auftritt;Substantiv;mask.;der;0;B1;328;performance/appearance/gig;Das war ein toller **Auftritt**!;That was a great **performance**!;a-
aufwachen;Verb;nan;nan;0;B1;146;to wake up/awaken;Wann bist du aufgewacht?;When did you **wake up**?;
aufwärts;Adverb;nan;nan;0;B1;170;upward;Es geht **aufwärts**.;Things are looking **upward** (up).;
Augenblick;Substantiv;mask.;der;0;B1;659;instant;Einen **Augenblick**, bitte.;One **moment**, please.;a-
ausbilden;Verb;nan;nan;0;B1;541;to train/educate/instruct;Wir **bilden** neue Mitarbeiter **aus.**;We are **training** new employees.;a-
Ausdruck;Substantiv;mask.;der;0;B1;1601;expression/term/printout;Das ist ein schöner **Ausdruck**.;That is a beautiful **expression**.;
ausdrucken;Verb;nan;nan;0;B1;99;to print;Kannst du das bitte **ausdrucken**?;Can you please **print** this **out**?;out
auseinander;Adverb;nan;nan;0;B1;521;apart/asunder;Wir wohnen weit **auseinander**.;We live far **apart**.;
Ausfahrt;Substantiv;fem.;die;0;B1;42;exit (highway)/driveway;Nehmen Sie die nächste **Ausfahrt**.;Take the next **exit**.;
ausfallen;Verb;nan;nan;0;B1;306;to be cancelled/drop out/fail;Der Unterricht fällt heute aus.;The class is **cancelled** today.;
Ausgabe;Substantiv;fem.;die;0;B1;859;expense/edition/output;Unsere **Ausgaben** sind hoch.;Our **expenses** are high.;
ausgezeichnet;partizipiales Adjektiv;nan;nan;0;B1;59;excellent/distinguished;Das Essen war **ausgezeichnet**.;The food was **excellent**.;
Aushilfe;Substantiv;fem.;die;0;B1;19;temporary help/assistant;Wir brauchen eine **Aushilfe**.;We need **temporary help**.;
Ausnahme;Substantiv;fem.;die;0;B1;485;exception;Das ist eine **Ausnahme**.;That is an **exception**.;
ausreichen;Verb;nan;nan;0;B1;200;to be sufficient/suffice/last;Das Geld reicht aus.;The money **is sufficient** (suffices).;
ausrichten;Verb;nan;nan;0;B1;435;to align/convey/arrange;Die Stühle müssen ausgerichtet werden.;The chairs need to be **aligned**.;
ausschließen;Verb;nan;nan;0;B1;497;to exclude;Das können wir nicht **ausschließen**.;We cannot **exclude** that.;
ausschließlich;Adverb;nan;nan;0;B1;817;exclusively/only;Das ist **ausschließlich** für dich.;That is **exclusively** for you.;
Aussprache;Substantiv;fem.;die;0;B1;221;pronunciation/discussion;Deine **Aussprache** ist sehr gut.;Your **pronunciation** is very good.;
ausstellen;Verb;nan;nan;0;B1;307;to exhibit/issue (document)/display;Die Bilder werden im Museum ausgestellt.;The pictures are being **exhibited** in the museum.;
aussuchen;Verb;nan;nan;0;B1;222;to choose/pick out/select;Du darfst dir etwas **aussuchen**.;You may **choose** (pick out) something.;
Auswahl;Substantiv;fem.;die;0;B1;327;selection/choice/assortment;Wir haben eine große **Auswahl**.;We have a large **selection**.;
auswählen;Verb;nan;nan;0;B1;313;to select/choose/pick;Bitte **wählen** Sie ein Thema **aus.**;Please **select** a topic.;
Autor;Substantiv;mask.;der;0;B1;875;author;Der **Autor** liest aus seinem Buch.;The **author** is reading from his book.;male
Autorin;Substantiv;fem.;die;0;B1;114;author;Sie ist eine bekannte **Autorin**.;She is a well-known (female) **author**.;female
außen;Adverb;nan;nan;0;B1;777;outside/external;Von **außen** sieht das Haus gut aus.;From the **outside**, the house looks good.;
Backofen;Substantiv;mask.;der;0;B1;2;oven;Schieb den Kuchen in den **Backofen**.;Put the cake in the **oven**.;
Backrohr;Substantiv;neutr.;das;0;B1;14;oven;Das Fleisch ist im **Backrohr**.;The meat is in the **oven**.;
Badewanne;Substantiv;fem.;die;0;B1;69;bathtub;Ich liege in der **Badewanne**.;I am lying in the **bathtub**.;
Ballett;Substantiv;neutr.;das;0;B1;72;ballet;Sie tanzt gerne **Ballett**.;She likes dancing **ballet**.;
Bancomat;Substantiv;mask.;der;0;B1;14;ATM/cash machine;Wo ist der nächste **Bancomat**?;Where is the nearest **ATM**?;
Bancomatkarte;Substantiv;fem.;die;0;B1;nan;ATM card/debit card;Ich habe meine **Bancomatkarte** verloren.;I lost my **ATM card**.;
Bankleitzahl;Substantiv;fem.;die;0;B1;9;bank sort code/routing number;Wie ist Ihre **Bankleitzahl**?;What is your **bank sort code**?;
Bankomat;Substantiv;mask.;der;0;B1;19;ATM/cash machine;Der **Bankomat** ist außer Betrieb.;The **ATM** is out of order.;
Bankomatkarte;Substantiv;fem.;die;0;B1;7;ATM card/cash card;Haben Sie Ihre **Bankomatkarte** dabei?;Do you have your **ATM card** with you?;
Bar;Substantiv;fem.;die;0;B1;2225;bar;Treffen wir uns in der **Bar**?;Shall we meet in the **bar**?;
Bargeld;Substantiv;neutr.;das;0;B1;116;cash;Bezahlen Sie mit **Bargeld**?;Are you paying with **cash**?;
Bart;Substantiv;mask.;der;0;B1;214;beard;Er trägt einen langen **Bart**.;He is wearing a long **beard**.;
Batterie;Substantiv;fem.;die;0;B1;219;battery;Die **Batterie** ist leer.;The **battery** is dead.;
Bau;Substantiv;mask.;der;0;B1;1132;construction/building/structure;Das Haus ist noch im **Bau**.;The house is still under **construction**.;
Bauer;Substantiv;mask.;der;0;B1;973;farmer/peasant;Der **Bauer** arbeitet auf dem Feld.;The **farmer** is working in the field.;male
Bauernhof;Substantiv;mask.;der;0;B1;126;farm;Wir machen Urlaub auf dem **Bauernhof**.;We are taking a vacation on a **farm**.;
beachten;Verb;nan;nan;0;B1;327;to pay attention/heed/notice;Bitte **beachten** Sie die Regeln.;Please **heed** (pay attention to) the rules.;be-
Beamtin;Substantiv;fem.;die;0;B1;61;civil servant/official;Die **Beamtin** hilft mir bei dem Antrag.;The (female) **official** is helping me with the application.;female
beantragen;Verb;nan;nan;0;B1;238;to apply for/request;Ich habe ein Visum beantragt.;I have **applied for** a visa.;
Bedarf;Substantiv;mask.;der;0;B1;409;need/demand/requirement;Es gibt einen großen **Bedarf** an Fachkräften.;There is a great **need** for skilled workers.;
Bedeutung;Substantiv;fem.;die;0;B1;2317;meaning/importance/significance;Was ist die **Bedeutung** dieses Wortes?;What is the **meaning** of this word?;
bedienen;Verb;nan;nan;0;B1;592;to serve/operate/wait on;Er bedient die Kunden.;He **serves** (waits on) the customers.;
Bedienungsanleitung;Substantiv;fem.;die;0;B1;15;instruction manual/user guide;Wo ist die **Bedienungsanleitung**?;Where is the **instruction manual**?;
Bedingung;Substantiv;fem.;die;0;B1;777;condition/requirement/term;Das ist meine **Bedingung**.;That is my **condition**.;be-
beeinflussen;Verb;nan;nan;0;B1;322;to influence/affect/bias;Das Wetter beeinflusst meine Laune.;The weather **influences** my mood.;
befinden;Verb;nan;nan;0;B1;2850;to be located/be found/feel;Das Museum befindet sich im Zentrum.;The museum **is located** in the center.;
befreit;partizipiales Adjektiv;nan;nan;0;B1;12;exempt/liberated/freed;Er ist von der Steuer **befreit**.;He is **exempt** from tax.;
befriedigend;partizipiales Adjektiv;nan;nan;0;B1;149;satisfactory/satisfying;Das Ergebnis ist **befriedigend**.;The result is **satisfactory**.;
begegnen;Verb;nan;nan;0;B1;1072;to meet/encounter/come across;Ich bin ihm gestern begegnet.;I **met** (encountered) him yesterday.;b-
begeistert;partizipiales Adjektiv;nan;nan;0;B1;285;enthusiastic/excited/thrilled;Ich bin **begeistert** von der Idee.;I am **enthusiastic** about the idea.;
Beginn;Substantiv;mask.;der;0;B1;1119;start/beginning/onset;Der **Beginn** der Vorstellung ist um 20 Uhr.;The **start** of the performance is at 8 PM.;b-
begleiten;Verb;nan;nan;0;B1;5397;to accompany/escort/follow;Darf ich dich **begleiten**?;May I **accompany** you?;
begrenzt;partizipiales Adjektiv;nan;nan;0;B1;186;limited/restricted/finite;Die Zeit ist **begrenzt**.;Time is **limited**.;
Begründung;Substantiv;fem.;die;0;B1;164;reason/justification/explanation;Haben Sie eine **Begründung** dafür?;Do you have a **justification** (reason) for that?;b-
begrüßen;Verb;nan;nan;0;B1;323;to greet/welcome/hail;Der Chef begrüßt die neuen Mitarbeiter.;The boss **greets** the new employees.;
behalten;Verb;nan;nan;0;B1;4810;to keep/retain/remember;Darf ich das Buch **behalten**?;May I **keep** the book?;
behandeln;Verb;nan;nan;0;B1;5423;to treat/handle/deal with;Der Arzt behandelt den Patienten.;The doctor **treats** the patient.;b-
behaupten;Verb;nan;nan;0;B1;754;to claim/assert/maintain;Er behauptet, es nicht getan zu haben.;He **claims** not to have done it.;b-
behindern;Verb;nan;nan;0;B1;325;to hinder/obstruct/hamper;Der Schnee behindert den Verkehr.;The snow **hinders** the traffic.;
Behörde;Substantiv;fem.;die;0;B1;944;authority/agency/department;Die **Behörde** hat den Antrag abgelehnt.;The **authority** (agency) rejected the application.;
beinah;Adverb;nan;nan;0;B1;nan;almost/nearly;Ich hätte es **beinah** vergessen.;I **almost** forgot it.;
beinahe;Adverb;nan;nan;0;B1;407;almost/nearly;Es ist **beinahe** fertig.;It is **almost** finished.;
Beitrag;Substantiv;mask.;der;0;B1;482;contribution/contribution/article;Vielen Dank für Ihren **Beitrag**.;Thank you for your **contribution**.;
beißen;Verb;nan;nan;0;B1;1734;to bite;Der Hund beißt nicht.;The dog does not **bite**.;
bekannt geben;Verb;nan;nan;0;B1;nan;to announce/make known;Das Ergebnis wird morgen bekannt gegeben.;The result will be **announced** tomorrow.;b-, with space
bekanntgeben;Verb;nan;nan;0;B1;187;to announce/make known;Wir werden den Gewinner bald **bekanntgeben**.;We will **announce** the winner soon.;b-, no space
Beleg;Substantiv;mask.;der;0;B1;199;receipt/proof/voucher;Bitte heben Sie den **Beleg** auf.;Please keep the **receipt**.;
beleidigen;Verb;nan;nan;0;B1;257;to offend/insult;Ich wollte dich nicht **beleidigen**.;I didn't mean to **offend** (insult) you.;
bemerken;Verb;nan;nan;0;B1;597;to notice/remark/observe;Ich habe die Änderung nicht bemerkt.;I didn't **notice** the change.;b-
bemühen;Verb;nan;nan;0;B1;1502;to strive/endeavor/bother;Er bemüht sich sehr.;He is **striving** (trying hard).;
Benzin;Substantiv;neutr., mask.;das;0;B1;205;gasoline/petrol/gas;Das Auto braucht **Benzin**.;The car needs **gasoline**.;
benötigen;Verb;nan;nan;0;B1;1050;to need/require/want;Wir **benötigen** weitere Informationen.;We **require** (need) more information.;
beobachten;Verb;nan;nan;0;B1;1046;to observe/watch/monitor;Ich beobachte die Vögel im Garten.;I am **observing** the birds in the garden.;
Beratung;Substantiv;fem.;die;0;B1;174;advice/counseling/consultation;Die **Beratung** war sehr hilfreich.;The **advice** (consultation) was very helpful.;
berechnen;Verb;nan;nan;0;B1;1512;to calculate/compute/charge;Wie berechnet man das?;How do you **calculate** that?;
Bereich;Substantiv;mask., neutr.;der;0;B1;3010;area/range/sector;Das ist nicht mein **Bereich**.;That is not my **area** (sector).;
bereit;Adjektiv;nan;nan;0;B1;3005;ready/prepared/willing;Sind Sie **bereit** für die Reise?;Are you **ready** for the trip?;b-
bereits;Adverb;nan;nan;0;B1;4391;already;Das habe ich **bereits** erledigt.;I have **already** taken care of that.;b-
Bericht;Substantiv;mask.;der;0;B1;769;report/account/coverage;Ich schreibe einen **Bericht** über den Unfall.;I am writing a **report** about the accident.;b-
beruflich;Adjektiv;nan;nan;0;B1;524;professional/vocational/work-related;Was machen Sie **beruflich**?;What do you do **professionally** (for a living)?;
berufstätig;Adjektiv;nan;nan;0;B1;56;employed/working;Sind Sie **berufstätig**?;Are you **employed**?;
beruhigen;Verb;nan;nan;0;B1;230;to calm/reassure/appease;Beruhige dich bitte.;Please **calm** down.;
beschließen;Verb;nan;nan;0;B1;489;to decide/resolve/conclude;Wir haben beschlossen zu gehen.;We have **decided** to leave.;b-
Beschreibung;Substantiv;fem.;die;0;B1;481;description/account;Geben Sie mir bitte eine **Beschreibung**.;Please give me a **description**.;
beschränken;Verb;nan;nan;0;B1;580;to limit/restrict/confine;Wir müssen uns auf das Wesentliche **beschränken**.;We must **limit** (restrict) ourselves to the essentials.;
beschädigen;Verb;nan;nan;0;B1;369;to damage/harm/mar;Die Sendung wurde beschädigt.;The shipment was **damaged**.;b-
beschäftigen;Verb;nan;nan;0;B1;3671;to employ/occupy/deal with;Er beschäftigt sich mit Kunst.;He **occupies** himself with art.;
Beschäftigung;Substantiv;fem.;die;0;B1;449;employment/occupation/activity;Was ist Ihre aktuelle **Beschäftigung**?;What is your current **occupation**?;b-
besetzen;Verb;nan;nan;0;B1;1788;to occupy/fill/cast;Die Plätze sind besetzt.;The seats are **occupied**.;
besonder;Adjektiv;nan;nan;0;B1;nan;special/particular;Das war ein **besonderer** Tag.;That was a **special** day.;
besorgen;Verb;nan;nan;0;B1;253;to get/provide/obtain;Ich muss noch etwas **besorgen**.;I still have to **get** (obtain) something.;
besprechen;Verb;nan;nan;0;B1;371;to discuss/review/talk over;Wir müssen das Problem **besprechen**.;We need to **discuss** the problem.;b-
Besprechung;Substantiv;fem.;die;0;B1;102;meeting/discussion/review;Die **Besprechung** beginnt um 9 Uhr.;The **meeting** starts at 9 AM.;
Besserung;Substantiv;fem.;die;0;B1;62;improvement/recovery;Gute **Besserung**!;Get well soon! (**Recovery**);
bestimmt;partizipiales Adjektiv;nan;nan;0;B1;14586;certain/definite/specific;Ich weiß es ganz **bestimmt**.;I know it for **certain**.;
bestrafen;Verb;nan;nan;0;B1;296;to punish/penalize/fine;Die Tat muss bestraft werden.;The act must be **punished**.;
Bestätigung;Substantiv;fem.;die;0;B1;109;confirmation/acknowledgement;Ich brauche eine schriftliche **Bestätigung**.;I need a written **confirmation**.;
beteiligen;Verb;nan;nan;0;B1;732;to involve/participate/share;Er möchte sich an dem Projekt **beteiligen**.;He wants to **participate** (be involved) in the project.;
Betrag;Substantiv;mask.;der;0;B1;287;amount/sum/value;Der **Betrag** ist zu hoch.;The **amount** (sum) is too high.;
betreuen;Verb;nan;nan;0;B1;296;to look after;Sie betreut die Kinder.;She **looks after** the children.;be-
Betreuer;Substantiv;mask.;der;0;B1;50;supervisor/caretaker/advisor;Er ist mein **Betreuer** an der Uni.;He is my **supervisor** (advisor) at the university.;male
Betreuerin;Substantiv;fem.;die;0;B1;24;supervisor/caretaker/advisor;Die **Betreuerin** hilft den Patienten.;The (female) **caretaker** helps the patients.;female
Betreuung;Substantiv;fem.;die;0;B1;171;care/supervision/guidance;Die **Betreuung** ist ausgezeichnet.;The **care** is excellent.;
Betrieb;Substantiv;mask.;der;0;B1;1119;operation/business/company;Der **Betrieb** läuft gut.;The **operation** (business) is running well.;
Betriebsrat;Substantiv;mask.;der;0;B1;64;works council/staff council;Der **Betriebsrat** vertritt die Mitarbeiter.;The **works council** represents the employees.;
Betriebsrätin;Substantiv;fem.;die;0;B1;6;works council member;Sie ist eine engagierte **Betriebsrätin**.;She is a committed (female) **works council member**.;female
betrunken;partizipiales Adjektiv;nan;nan;0;B1;439;drunk/intoxicated/tipsy;Er ist völlig **betrunken**.;He is completely **drunk**.;
betrügen;Verb;nan;nan;0;B1;106;to cheat/deceive/defraud;Er hat mich betrogen.;He **cheated** (deceived) me.;
bevor;Konjunktion;nan;nan;0;B1;1641;before;Wasch dir die Hände, **bevor** du isst.;Wash your hands **before** you eat.;
Bevölkerung;Substantiv;fem.;die;0;B1;1172;population;Die **Bevölkerung** der Stadt wächst.;The town's **population** is growing.;
Beweis;Substantiv;mask.;der;0;B1;406;proof/evidence/demonstration;Gibt es **Beweise** dafür?;Is there any **proof** for that?;
beweisen;Verb;nan;nan;0;B1;537;to prove/demonstrate/show;Können Sie das **beweisen**?;Can you **prove** that?;
Bewohner;Substantiv;mask.;der;0;B1;852;resident/inhabitant/occupant;Die **Bewohner** des Hauses sind nett.;The **residents** of the house are nice.;mas., be-
Bewohnerin;Substantiv;fem.;die;0;B1;123;resident/inhabitant/occupant;Sie ist eine neue **Bewohnerin**.;She is a new (female) **resident**.;fem., be-
Beziehung;Substantiv;fem.;die;0;B1;1165;relationship/relation/connection;Wir haben eine gute **Beziehung**.;We have a good **relationship**.;b-
bieten;Verb;nan;nan;0;B1;14544;to bid/provide;Was bietet die Firma?;What does the company **provide**?;
Bildschirm;Substantiv;mask.;der;0;B1;222;screen/monitor/display;Schau nicht so lange auf den **Bildschirm**.;Don't look at the **screen** for so long.;
Billet;Substantiv;neutr.;das;0;B1;20;ticket/note;Haben Sie Ihr **Billet** dabei?;Do you have your **ticket**?;
Billett;Substantiv;neutr.;das;0;B1;35;ticket/note;Wo kann man **Billetts** kaufen?;Where can you buy **tickets**?;
bio;Adjektiv;nan;nan;0;B1;11;organic/bio;Ich kaufe nur **bio** Obst.;I only buy **organic** fruit.;
bio-;Affix;nan;nan;0;B1;nan;bio-;Das ist ein biologisches Produkt.;That is a **biological** product.;affix
Biologie;Substantiv;fem.;die;0;B1;181;biology;**Biologie** ist mein Lieblingsfach.;**Biology** is my favorite subject.;
biologisch;Adjektiv;nan;nan;0;B1;462;biological/organic;Das ist ein **biologischer** Prozess.;That is a **biological** process.;
bisher;Adverb;nan;nan;0;B1;1241;so far/until now/hitherto;**Bisher** ist alles gut gegangen.;Everything has gone well **so far**.;
blass;Adjektiv;nan;nan;0;B1;1;pale/wan/faint;Du siehst heute **blass** aus.;You look **pale** today.;
blind;Adjektiv;nan;nan;0;B1;1369;blind;Liebe macht **blind**.;Love makes **blind**.;
Blitz;Substantiv;mask.;der;0;B1;187;lightning/flash/bolt;Der **Blitz** schlug in den Baum ein.;**Lightning** struck the tree.;
blitzen;Verb;nan;nan;0;B1;390;to flash/gleam/lightning;Es blitzt heute Nacht.;There's **lightning** tonight (It's flashing).;
bloß;Adverb;nan;nan;0;B1;662;mere/only/just;Das war **bloß** ein Witz.;That was **just** (merely) a joke.;b-
bluten;Verb;nan;nan;0;B1;452;to bleed;Die Wunde blutet stark.;The wound is **bleeding** heavily.;
blühen;Verb;nan;nan;0;B1;602;to bloom/flower/flourish;Die Blumen **blühen** im Frühling.;The flowers **bloom** in spring.;
Boden;Substantiv;mask.;der;0;B1;2450;ground/floor/soil;Der **Boden** ist nass.;The **floor** (ground) is wet.;
Boot;Substantiv;neutr.;das;0;B1;1089;boat;Wir fahren mit dem **Boot**.;We are going by **boat**.;
Botschaft;Substantiv;fem.;die;0;B1;350;embassy/message;Die **Botschaft** liegt im Zentrum.;The **embassy** is in the center.;
Braten;Substantiv;mask.;der;0;B1;5;roast/joint;Der **Braten** schmeckt gut.;The **roast** tastes good.;meat
brechen;Verb;nan;nan;0;B1;16313;to break/fracture/crack;Ich habe mir den Arm gebrochen.;I **broke** my arm.;
Bremse;Substantiv;fem.;die;0;B1;143;brake/horsefly;Die **Bremse** funktioniert nicht.;The **brake** doesn't work.;
bremsen;Verb;nan;nan;0;B1;435;to brake/slow down;Sie müssen vor der Kurve **bremsen**.;You must **brake** before the curve.;
brennen;Verb;nan;nan;0;B1;4105;to burn/sting/light;Das Feuer brennt im Kamin.;The fire is **burning** in the fireplace.;
Briefkasten;Substantiv;mask.;der;0;B1;108;mailbox/letterbox;Wirf den Brief in den **Briefkasten**.;Drop the letter into the **mailbox**.;b-
Brieftasche;Substantiv;fem.;die;0;B1;54;wallet/pocketbook;Wo ist meine **Brieftasche**?;Where is my **wallet**?;
Briefträger;Substantiv;mask.;der;0;B1;38;mailman/postman;Der **Briefträger** bringt die Post.;The **mailman** brings the mail.;male
Briefträgerin;Substantiv;fem.;die;0;B1;7;mailwoman/postwoman;Sie arbeitet als **Briefträgerin**.;She works as a (female) **mail carrier**.;female
Briefumschlag;Substantiv;mask.;der;0;B1;41;envelope;Ich brauche einen **Briefumschlag**.;I need an **envelope**.;
Broschüre;Substantiv;fem.;die;0;B1;49;brochure/pamphlet/booklet;Haben Sie eine **Broschüre** über das Hotel?;Do you have a **brochure** about the hotel?;
Brust;Substantiv;fem.;die;0;B1;25547;chest/breast/bosom;Er hat Schmerzen in der **Brust**.;He has pain in his **chest**.;
Brötli;Substantiv;neutr.;das;0;B1;nan;bread roll/bun;Möchten Sie ein **Brötli**?;Would you like a (Swiss) **bread roll**?;
Bub;Substantiv;mask.;der;0;B1;45;boy/lad;Er ist ein braver **Bub**.;He is a good **boy**.;
Buchhandlung;Substantiv;fem.;die;0;B1;73;bookstore/bookshop;Ich gehe in die **Buchhandlung**.;I'm going to the **bookstore**.;
Buffet;Substantiv;neutr.;das;0;B1;69;buffet/sideboard;Das Essen steht am **Buffet**.;The food is at the **buffet**.;
Burg;Substantiv;fem.;die;0;B1;310;castle/fortress;Die **Burg** steht auf dem Berg.;The **castle** stands on the mountain.;
Büchse;Substantiv;fem.;die;0;B1;150;can/tin/rifle;Ich öffne eine **Büchse** Erbsen.;I'm opening a **can** of peas.;
Büfett;Substantiv;neutr.;das;0;B1;37;buffet/sideboard;Das **Büfett** ist eröffnet.;The **buffet** is open.;
Bühne;Substantiv;fem.;die;0;B1;522;stage/platform;Die Schauspieler treten auf die **Bühne**.;The actors step onto the **stage**.;
Bürger;Substantiv;mask.;der;0;B1;869;citizen;Er ist ein stolzer **Bürger**.;He is a proud **citizen**.;male
Bürgerin;Substantiv;fem.;die;0;B1;100;citizen;Sie ist eine engagierte **Bürgerin**.;She is a committed (female) **citizen**.;female
Bürste;Substantiv;fem.;die;0;B1;57;brush;Ich brauche eine **Bürste**.;I need a **brush**.;
Chance;Substantiv;fem.;die;0;B1;558;chance/opportunity;Nutzen Sie die **Chance**!;Use the **chance** (opportunity)!;
chic;Adjektiv;nan;nan;0;B1;nan;chic;Das Kleid sieht sehr **chic** aus.;The dress looks very **chic**.;
Chipkarte;Substantiv;fem.;die;0;B1;nan;chip card/smart card;Bezahlen Sie mit der **Chipkarte**.;Pay with the **chip card**.;
Coiffeur;Substantiv;mask.;der;0;B1;10;hairdresser/barber;Ich habe einen Termin beim **Coiffeur**.;I have an appointment with the **hairdresser**.;male
Coiffeuse;Substantiv;fem.;die;0;B1;nan;hairdresser;Die **Coiffeuse** schneidet meine Haare.;The (female) **hairdresser** is cutting my hair.;female
Couch;Substantiv;fem.;die;0;B1;79;couch;Wir sitzen auf der **Couch**.;We are sitting on the **couch**.;
Cousin;Substantiv;mask.;der;0;B1;58;cousin;Das ist mein **Cousin** aus Berlin.;That is my **cousin** from Berlin.;male
Cousine;Substantiv;fem.;die;0;B1;75;cousin;Sie ist meine **Cousine**.;She is my (female) **cousin**.;female
Couvert;Substantiv;neutr.;das;0;B1;9;envelope;Bitte legen Sie den Brief in das **Couvert**.;Please put the letter in the **envelope**.;
Dach;Substantiv;neutr.;das;0;B1;829;roof;Das **Dach** ist rot.;The **roof** is red.;
daher;Pronominaladverb;nan;nan;0;B1;1894;therefore/hence/from there;Es regnete, **daher** blieben wir zu Hause.;It rained, **therefore** we stayed at home.;
dahin;Pronominaladverb;nan;nan;0;B1;520;there/that way;Gehen wir **dahin**?;Are we going **there**?;
damit;Konjunktion;nan;nan;0;B1;12584;to/in order to/with it;Beeil dich, **damit** wir rechtzeitig kommen.;Hurry up **so that** (in order to) we arrive on time.;
danach;Pronominaladverb;nan;nan;0;B1;1127;after that;Zuerst essen wir, **danach** gehen wir spazieren.;First we eat, **afterwards** we take a walk.;-h
dankbar;Adjektiv;nan;nan;0;B1;198;grateful/thankful;Ich bin dir sehr **dankbar**.;I am very **grateful** to you.;
darstellen;Verb;nan;nan;0;B1;1650;to represent/depict/constitute;Er stellt die Situation dar.;He **depicts** (represents) the situation.;da-
Darstellung;Substantiv;fem.;die;0;B1;1017;representation/depiction/presentation;Die **Darstellung** ist sehr realistisch.;The **depiction** (representation) is very realistic.;da-
dasselbe;Demonstrativpronomen;neutr.;nan;0;B1;502;the same;Wir haben **dasselbe** Ziel.;We have **the same** goal.;thing
Daten;Substantiv;nan;nan;1;B1;39;data/information;Wir müssen die **Daten** speichern.;We need to save the **data**.;-n
Dauer;Substantiv;fem.;die;0;B1;521;duration/period/length;Die **Dauer** des Films ist zwei Stunden.;The **duration** of the film is two hours.;
dauernd;partizipiales Adjektiv;nan;nan;0;B1;375;constant/continuous/all the time;Er redet **dauernd**.;He's talking **all the time** (constantly).;d-
Decke;Substantiv;fem.;die;0;B1;646;blanket/ceiling/cover;Die **Decke** ist hoch.;The **ceiling** is high.;
dekorieren;Verb;nan;nan;0;B1;240;to decorate;Wir **dekorieren** das Haus für das Fest.;We are **decorating** the house for the party.;
Denkmal;Substantiv;neutr.;das;0;B1;169;monument/memorial;Das ist ein berühmtes **Denkmal**.;That is a famous **monument**.;
derselbe;Demonstrativpronomen;mask.;nan;0;B1;2137;the same;Er ist **derselbe** Mann von gestern.;He is **the same** man from yesterday.;man/thing
Dessert;Substantiv;neutr.;das;0;B1;86;dessert;Möchten Sie ein **Dessert**?;Would you like a **dessert**?;
desto;Konjunktion;nan;nan;0;B1;394;Je mehr du lernst; **desto** besser.;The more you learn, **the** better.;
deswegen;Konjunktion;nan;nan;0;B1;381;therefore/that's why;Es war kalt, **deswegen** blieb ich zu Hause.;It was cold, **that's why** I stayed at home.;
Detail;Substantiv;neutr.;das;0;B1;311;detail;Bitte erklären Sie das im **Detail**.;Please explain that in **detail**.;d-
Dialekt;Substantiv;mask.;der;0;B1;659;dialect;Er spricht einen starken **Dialekt**.;He speaks a strong **dialect**.;
Dialog;Substantiv;mask.;der;0;B1;161;dialogue/conversation;Wir üben den **Dialog**.;We are practicing the **dialogue**.;
dicht;Adjektiv;nan;nan;0;B1;25181;dense/thick/close;Der Nebel ist sehr **dicht**.;The fog is very **dense**.;
Dieb;Substantiv;mask.;der;0;B1;386;thief;Der **Dieb** hat das Geld gestohlen.;The **thief** stole the money.;male
dienen;Verb;nan;nan;0;B1;21848;to serve/be of use;Wem dient diese Information?;Whom does this information **serve**?;
Dienst;Substantiv;mask.;der;0;B1;2023;service/duty/post;Er ist heute im **Dienst**.;He is on **duty** today.;d-
dies;Demonstrativpronomen;neutr.;nan;0;B1;nan;this;**Dies** ist ein Test.;**This** is a test.;
diese;Demonstrativpronomen;fem.;nan;0;B1;nan;this/these;**Diese** Frau kenne ich.;I know **this** woman.;
dieselbe;Demonstrativpronomen;fem.;nan;0;B1;nan;the same;Sie trägt **dieselbe** Jacke wie ich.;She is wearing **the same** jacket as me.;
dieser;Demonstrativpronomen;mask.;nan;0;B1;56606;this/these;**Dieser** Mann hilft mir.;**This** man is helping me.;
dieses;Demonstrativpronomen;neutr.;nan;0;B1;nan;this/these;**Dieses** Haus ist sehr schön.;**This** house is very beautiful.;
diesmal;Adverb;nan;nan;0;B1;353;this time;**Diesmal** klappt es bestimmt.;**This time** it will surely work.;
digital;Adjektiv;nan;nan;0;B1;162;digital;Er hat eine **digitale** Kamera.;He has a **digital** camera.;
Diplom;Substantiv;neutr.;das;0;B1;12;diploma/degree/certificate;Er hat sein **Diplom** erhalten.;He received his **diploma**.;
Direktor;Substantiv;mask.;der;0;B1;253;director/principal/manager;Der **Direktor** begrüßt die Gäste.;The **director** greets the guests.;male
Direktorin;Substantiv;fem.;die;0;B1;39;director/principal/manager;Die **Direktorin** leitet die Schule.;The (female) **principal** leads the school.;female
Diskothek;Substantiv;fem.;die;0;B1;53;disco/nightclub;Wir gehen am Wochenende in die **Diskothek**.;We are going to the **disco** on the weekend.;
Diskussion;Substantiv;fem.;die;0;B1;537;discussion/debate;Das war eine interessante **Diskussion**.;That was an interesting **discussion**.;
Distanz;Substantiv;fem.;die;0;B1;263;distance;Die **Distanz** ist zu groß.;The **distance** is too great.;d-
Diät;Substantiv;fem.;die;0;B1;104;diet;Ich mache eine **Diät**.;I am on a **diet**.;
Doktorin;Substantiv;fem.;die;0;B1;14;doctor/PhD;Die **Doktorin** untersucht den Patienten.;The (female) **doctor** examines the patient.;female
Dokument;Substantiv;neutr.;das;0;B1;571;document/paper;Bitte unterschreiben Sie das **Dokument**.;Please sign the **document**.;d-
Donner;Substantiv;mask.;der;0;B1;32;thunder;Man kann den **Donner** hören.;You can hear the **thunder**.;
donnern;Verb;nan;nan;0;B1;654;to thunder;Es donnert draußen.;It's **thundering** outside.;
doppel-;Affix;nan;nan;0;B1;nan;double-;Das ist ein Doppelzimmer.;That is a **double** room.;affix
doppelt;Adjektiv;nan;nan;0;B1;5855;double/twice;Ich nehme die **doppelte** Portion.;I'll take the **double** portion.;
Dose;Substantiv;fem.;die;0;B1;242;can/tin/box;Eine **Dose** Cola, bitte.;A **can** of cola, please.;
Dreck;Substantiv;mask.;der;0;B1;287;dirt/mud/trash;Der Schuh ist voller **Dreck**.;The shoe is full of **dirt**.;
drehen;Verb;nan;nan;0;B1;12618;to turn/film/shoot;**Drehen** Sie sich bitte um.;Please **turn** around.;
drin;Pronominaladverb;nan;nan;0;B1;139;inside/in it;Was ist in der Kiste **drin**?;What is **inside** (in) the box?;
Droge;Substantiv;fem.;die;0;B1;433;drug;**Drogen** sind gefährlich.;**Drugs** are dangerous.;
Drogerie;Substantiv;fem.;die;0;B1;19;drugstore/chemist's;Ich kaufe Shampoo in der **Drogerie**.;I'm buying shampoo at the **drugstore**.;
Druck;Substantiv;mask.;der;0;B1;2886;pressure/print;Er steht unter großem **Druck**.;He is under great **pressure**.;
durcheinander;Adverb;nan;nan;0;B1;188;confused/messy/chaotic;Alles ist **durcheinander**.;Everything is **confused** (messy).;
Durchschnitt;Substantiv;mask.;der;0;B1;238;average/mean;Das ist über dem **Durchschnitt**.;That is above **average**.;
durchschnittlich;Adjektiv;nan;nan;0;B1;441;average/on average;Das ist ein **durchschnittlicher** Wert.;That is an **average** value.;
durstig;Adjektiv;nan;nan;0;B1;120;thirsty;Bist du **durstig**?;Are you **thirsty**?;
duzen;Verb;nan;nan;0;B1;78;"to address as ""du""/be on first-name terms";Wollen wir uns **duzen**?;"Shall we **be on first-name terms** (address as ""du"")?";
eben;Adverb;nan;nan;0;B1;1508;just/even/flat;Ich bin **eben** erst gekommen.;I **just** arrived.;e-
ebenfalls;Konjunktion;nan;nan;0;B1;1360;as well/also/likewise;Ich wünsche Ihnen **ebenfalls** einen schönen Tag.;I wish you a nice day **as well**.;
ebenso;Adverb;nan;nan;0;B1;1571;just as/as well/likewise;Er ist **ebenso** groß wie sein Bruder.;He is **just as** tall as his brother.;
EC-Karte;Substantiv;fem.;die;0;B1;nan;debit card/EC card;Kann ich mit **EC-Karte** bezahlen?;Can I pay with **EC card** (debit card)?;
Eck;Substantiv;neutr.;das;0;B1;108;corner;Das Geschäft ist gleich um das **Eck**.;The shop is just around the **corner**.;neu.
eckig;Adjektiv;nan;nan;0;B1;141;angular/square/cornered;Der Tisch ist **eckig**.;The table is **square** (angular).;
Ehe;Substantiv;fem.;die;0;B1;498;marriage/matrimony;Sie führen eine glückliche **Ehe**.;They have a happy **marriage**.;
Ehepaar;Substantiv;neutr.;das;0;B1;119;married couple;Das **Ehepaar** wohnt nebenan.;The **married couple** lives next door.;
eher;Komparativ;nan;nan;0;B1;1674;rather/sooner/earlier;Ich gehe **eher** nach Hause.;I'm going home **rather** (sooner).;e-
ehrlich;Adjektiv;nan;nan;0;B1;707;honest/sincere/frank;Sei bitte **ehrlich** zu mir.;Please be **honest** with me.;
eignen;Verb;nan;nan;0;B1;1800;to be suitable/fit/suit;Das Buch eignet sich für Anfänger.;The book **is suitable** for beginners.;
Eile;Substantiv;fem.;die;0;B1;205;hurry/haste/rush;Ich habe es sehr in **Eile**.;I am in a great **hurry**.;
eilen;Verb;nan;nan;0;B1;3204;to hurry/rush/be urgent;Es eilt nicht.;It's not **urgent** (doesn't hurry).;
ein paar;Indefinitpronomen;nan;nan;0;B1;nan;a few/a couple of;Ich habe **ein paar** Freunde eingeladen.;I invited **a few** (a couple of) friends.;
Einbahnstraße;Substantiv;fem.;die;0;B1;12;one-way street;Das ist eine **Einbahnstraße**.;That is a **one-way street**.;
einbrechen;Verb;nan;nan;0;B1;173;to break in/collapse/cave in;Jemand ist in das Haus eingebrochen.;Someone **broke into** the house.;
Einbrecher;Substantiv;mask.;der;0;B1;70;burglar/housebreaker;Der **Einbrecher** wurde gefasst.;The **burglar** was caught.;male
Einbrecherin;Substantiv;fem.;die;0;B1;11;burglar/housebreaker;Die **Einbrecherin** ist entkommen.;The (female) **burglar** escaped.;female
Einbruch;Substantiv;mask.;der;0;B1;158;burglary/break-in/collapse;Es gab einen **Einbruch** im Laden.;There was a **burglary** in the shop.;
eindeutig;Adjektiv;nan;nan;0;B1;667;unique/unambiguous;Das ist ein **eindeutiges** Ergebnis.;That is a **clear** (unambiguous) result.;-d-
Eindruck;Substantiv;mask.;der;0;B1;652;impression/impact/mark;Er macht einen guten **Eindruck**.;He makes a good **impression**.;
einerseits;Adverb;nan;nan;0;B1;358;on the one hand;**Einerseits** ist es gut.;**On the one hand**, it is good.;
Einfahrt;Substantiv;fem.;die;0;B1;87;entrance/driveway/gateway;Die **Einfahrt** ist versperrt.;The **entrance** (driveway) is blocked.;
Einfall;Substantiv;mask.;der;0;B1;91;idea/notion/brainwave;Das war ein guter **Einfall**.;That was a good **idea**.;
einfallen;Verb;nan;nan;0;B1;144;to come to mind/occur/collapse;Mir fällt nichts dazu ein.;Nothing **comes to mind**.;e-
Einfluss;Substantiv;mask.;der;0;B1;648;influence/impact/inflow;Er hat großen **Einfluss** auf mich.;He has a great **influence** on me.;
einfügen;Verb;nan;nan;0;B1;247;to insert/paste/fit in;Bitte **fügen** Sie den Text hier **ein.**;Please **insert** the text here.;
einführen;Verb;nan;nan;0;B1;666;to introduce/import/guide;Wir **führen** **ein** neues System **ein.**;We are **introducing** a new system.;e-
Einführung;Substantiv;fem.;die;0;B1;389;introduction/launch/import;Das ist eine kurze **Einführung**.;This is a short **introduction**.;e-
einheitlich;Adjektiv;nan;nan;0;B1;488;uniform/consistent/standard;Wir tragen **einheitliche** Kleidung.;We wear **uniform** (consistent) clothing.;
einigen;Verb;nan;nan;0;B1;1494;to agree/unite/settle;Wir konnten uns auf einen Preis **einigen**.;We were able to **agree** on a price.;
Einkauf;Substantiv;mask.;der;0;B1;153;purchase/shopping/buying;Ich mache meine Einkäufe am Samstag.;I do my **shopping** on Saturday.;
Einkommen;Substantiv;neutr.;das;0;B1;407;income;Sein **Einkommen** ist gestiegen.;His **income** has increased.;
Einnahme;Substantiv;fem.;die;0;B1;324;intake;Meine monatlichen **Einnahmen** betragen 3.000 Euro.;My monthly **income** is 3,000 euros.;
einnehmen;Verb;nan;nan;0;B1;602;to take (in)/occupy/capture;Er nimmt die Medikamente regelmäßig ein.;He **takes** the medicine regularly.;
einrichten;Verb;nan;nan;0;B1;553;to set up/establish/furnish;Ich möchte meine Wohnung neu **einrichten**.;I want to **furnish** (set up) my apartment anew.;
Einrichtung;Substantiv;fem.;die;0;B1;1108;facility/institution/furniture;Das ist eine soziale **Einrichtung**.;That is a social **institution** (facility).;
einsam;Adjektiv;nan;nan;0;B1;221;lonely/alone/solitary;Fühlst du dich **einsam**?;Do you feel **lonely**?;
einschalten;Verb;nan;nan;0;B1;229;to turn on/switch on/involve;**Schalte** bitte das Licht **ein.**;Please **turn on** the light.;
einschließlich;Präposition;nan;nan;0;B1;259;including/inclusive of;Der Preis ist **einschließlich** Versandkosten.;The price is **including** shipping costs.;
Einschreiben;Substantiv;neutr.;das;0;B1;165;registered letter/registration;Ich schicke den Brief als **Einschreiben**.;I'm sending the letter as a **registered letter**.;
einsetzen;Verb;nan;nan;0;B1;1999;to use/deploy/insert;Die Lehrerin setzt viele Spiele ein.;The teacher **uses** many games.;e-
einstellen;Verb;nan;nan;0;B1;727;to set/adjust/hire;Wir **stellen** neue Mitarbeiter **ein.**;We are **hiring** new employees.;
eintreten;Verb;nan;nan;0;B1;595;to enter/join;Darf ich **eintreten**?;May I **enter**?;
Einwohner;Substantiv;mask.;der;0;B1;908;inhabitant/resident;Die Stadt hat many **Einwohner**.;The city has many **inhabitants**.;mak., ei-
Einwohnerin;Substantiv;fem.;die;0;B1;131;inhabitant/resident;Sie ist eine **Einwohnerin** von Berlin.;She is an **inhabitant** of Berlin.;fem., ei-
einzahlen;Verb;nan;nan;0;B1;106;to deposit/pay in;Ich möchte Geld auf mein Konto **einzahlen**.;I want to **deposit** money into my account.;
Einzahlung;Substantiv;fem.;die;0;B1;11;deposit/payment;Die **Einzahlung** wurde bestätigt.;The **deposit** (payment) was confirmed.;
einzel-;Affix;nan;nan;0;B1;nan;single/individual;Das ist ein Einzelzimmer.;That is a **single** room.;affix
Einzelheit;Substantiv;fem.;die;0;B1;173;detail/particular;Erzählen Sie mir alle **Einzelheiten.**;Tell me all the **details**.;e-
einzig;Adjektiv;nan;nan;0;B1;1655;only/single/unique;Das war meine **einzige** Chance.;That was my **only** chance.;e-
Eisenbahn;Substantiv;fem.;die;0;B1;218;railway/railroad;Wir fahren mit der **Eisenbahn**.;We are going by **railway**.;
elegant;Adjektiv;nan;nan;0;B1;243;elegant;Sie trägt ein **elegantes** Kleid.;She is wearing an **elegant** dress.;
elektr-;Affix;nan;nan;0;B1;nan;electr-;Ist das elektrisch?;Is that **electric**?;affix
elektrisch;Adjektiv;nan;nan;0;B1;4220;electric/electrical;Das Auto hat **elektrische** Fensterheber.;The car has **electric** windows.;
elektro-;Affix;nan;nan;0;B1;nan;electro-;Er ist ein Elektroingenieur.;He is an **electrical** engineer.;affix
elektronisch;Adjektiv;nan;nan;0;B1;1130;electronic;Ich habe eine **elektronische** Nachricht erhalten.;I received an **electronic** message.;
Empfang;Substantiv;mask.;der;0;B1;278;reception/receipt/greeting;Die Gäste wurden am **Empfang** begrüßt.;The guests were greeted at the **reception**.;
empfangen;Verb;nan;nan;0;B1;469;to receive/welcome/welcome;Wir haben das Paket **empfangen**.;We have **received** the package.;em-
Empfehlung;Substantiv;fem.;die;0;B1;170;recommendation/reference;Haben Sie eine **Empfehlung** für ein Restaurant?;Do you have a **recommendation** for a restaurant?;
endgültig;Adjektiv;nan;nan;0;B1;362;final/definitive/ultimate;Das ist meine **endgültige** Entscheidung.;That is my **final** decision.;
Energie;Substantiv;fem.;die;0;B1;1205;energy/power;Wir müssen **Energie** sparen.;We need to save **energy**.;
Enkel;Substantiv;mask.;der;0;B1;125;grandson/grandchild;Mein **Enkel** besucht mich.;My **grandson** is visiting me.;male
Enkelin;Substantiv;fem.;die;0;B1;41;granddaughter/grandchild;Sie ist meine liebste **Enkelin**.;She is my favorite **granddaughter**.;female
entdecken;Verb;nan;nan;0;B1;2816;to discover/detect/find;Kolumbus hat Amerika entdeckt.;Columbus **discovered** America.;
entfernen;Verb;nan;nan;0;B1;1890;to remove/delete/withdraw;Bitte **entfernen** Sie den Fleck.;Please **remove** the stain.;
Entfernung;Substantiv;fem.;die;0;B1;669;distance/removal;Die **Entfernung** ist zu groß.;The **distance** is too great.;e-
entgegenkommen;Verb;nan;nan;0;B1;124;to approach/meet halfway/accommodate;Können Sie mir beim Preis **entgegenkommen**?;Can you **meet** me **halfway** on the price?;
enthalten;Verb;nan;nan;0;B1;4391;to contain/include/hold;Das Buch enthält viele Bilder.;The book **contains** many pictures.;
entlang;nan;nan;nan;0;B1;837;along;Gehen Sie die Straße **entlang**.;Go **along** the street.;
entlassen;Verb;nan;nan;0;B1;289;to dismiss/fire/release;Er wurde **entlassen**.;He was **dismissed** (fired).;
Entlassung;Substantiv;fem.;die;0;B1;124;dismissal/discharge/release;Die **Entlassung** war ein Schock.;The **dismissal** (firing) was a shock.;
entscheiden;Verb;nan;nan;0;B1;6821;to decide/determine/resolve;Das müssen Sie **entscheiden**.;You have to **decide** that.;e-
Entscheidung;Substantiv;fem.;die;0;B1;1045;decision/determination;Das war eine gute **Entscheidung**.;That was a good **decision**.;
entschließen;Verb;nan;nan;0;B1;92;to decide/resolve/make up one's mind;Ich konnte mich nicht **entschließen**.;I couldn't **make up my mind** (decide).;-ß-
entschlossen;partizipiales Adjektiv;nan;nan;0;B1;331;determined/resolute;Er ist sehr **entschlossen**.;He is very **determined**.;particle adjective
entsorgen;Verb;nan;nan;0;B1;226;to dispose of/get rid of;Wo kann ich den Müll **entsorgen**?;Where can I **dispose of** the trash?;
entspannen;Verb;nan;nan;0;B1;230;to relax/unwind/ease;Ich möchte mich **entspannen**.;I want to **relax**.;
entstehen;Verb;nan;nan;0;B1;3193;to arise/emerge;Hier entsteht ein neues Haus.;A new house is **arising** (emerging) here.;
enttäuschen;Verb;nan;nan;0;B1;241;to disappoint/let down;Ich wollte dich nicht **enttäuschen**.;I didn't mean to **disappoint** you.;
Enttäuschung;Substantiv;fem.;die;0;B1;107;disappointment/letdown;Das war eine große **Enttäuschung**.;That was a great **disappointment**.;
entweder;Konjunktion;nan;nan;0;B1;1575;either;**Entweder** jetzt oder nie.;**Either** now or never.;
entwickeln;Verb;nan;nan;0;B1;11447;to develop/evolve/create;Wir **entwickeln** eine neue App.;We are **developing** a new app.;
Entwickelung;Substantiv;fem.;die;0;B1;10;development/evolution;Die **Entwickelung** des Kindes ist gut.;The **development** of the child is good.;
Entwicklung;Substantiv;fem.;die;0;B1;1709;development/evolution/progress;Die technische **Entwicklung** geht schnell.;Technical **development** is fast.;
Erdapfel;Substantiv;mask.;der;0;B1;10;potato;Ich esse gerne Erdäpfel.;I like eating **potatoes**.;
Erde;Substantiv;fem.;die;0;B1;2130;earth;Die **Erde** ist rund.;The **earth** is round.;
ereignen;Verb;nan;nan;0;B1;217;to happen/take place;Ein Unfall hat sich ereignet.;An accident has **happened**.;e-
Ereignis;Substantiv;neutr.;das;0;B1;1178;event/occurrence/incident;Das war ein wichtiges **Ereignis**.;That was an important **event**.;
erfahren;Verb;nan;nan;0;B1;1057;to experience/learn/find out;Ich habe davon gestern **erfahren**.;I **found out** (learned) about it yesterday.;-f-
erfinden;Verb;nan;nan;0;B1;442;to invent/fabricate/devise;Wer hat das Telefon erfunden?;Who **invented** the telephone?;
Erfindung;Substantiv;fem.;die;0;B1;267;invention/fabrication;Das ist eine nützliche **Erfindung**.;That is a useful **invention**.;
Erfolg;Substantiv;mask.;der;0;B1;1019;success/achievement/hit;Viel **Erfolg**!;Good luck! (**Success**);
erfolgreich;Adjektiv;nan;nan;0;B1;976;successful/prosperous;Er ist ein **erfolgreicher** Geschäftsmann.;He is a **successful** businessman.;
erforderlich;Adjektiv;nan;nan;0;B1;589;necessary/required/requisite;Vorkenntnisse sind nicht **erforderlich**.;Previous knowledge is not **necessary** (required).;e-
erfordern;Verb;nan;nan;0;B1;381;to require;Das erfordert viel Geduld.;That **requires** a lot of patience.;
erfüllen;Verb;nan;nan;0;B1;1031;to fulfill/satisfy/comply with;Er erfüllt alle Bedingungen.;He **fulfills** all conditions.;
ergänzen;Verb;nan;nan;0;B1;367;to complete/supplement/add;Bitte **ergänzen** Sie den Text.;Please **complete** (supplement) the text.;
erhalten;Verb;nan;nan;0;B1;9205;to receive/get/maintain;Ich habe Ihren Brief **erhalten**.;I **received** your letter.;er-
erholen;Verb;nan;nan;0;B1;222;to recover/relax/rest;Er muss sich von der Arbeit **erholen**.;He needs to **recover** (rest) from work.;
Erholung;Substantiv;fem.;die;0;B1;129;recovery/recreation/relaxation;Ruhe ist gut für die **Erholung**.;Rest is good for **recovery**.;
erhöhen;Verb;nan;nan;0;B1;1016;to increase/raise/heighten;Die Preise wurden erhöht.;The prices were **increased**.;e-
Erhöhung;Substantiv;fem.;die;0;B1;256;increase/rise/heightening;Es gab eine **Erhöhung** der Gebühren.;There was an **increase** in fees.;
Erinnerung;Substantiv;fem.;die;0;B1;581;memory/remembrance/reminder;Das ist eine schöne **Erinnerung**.;That is a beautiful **memory**.;
erkennen;Verb;nan;nan;0;B1;8685;to recognize/realize/see;Ich habe ihn sofort erkannt.;I **recognized** him immediately.;perceiving, being aware
Erklärung;Substantiv;fem.;die;0;B1;532;explanation/declaration/statement;Können Sie mir das **erklären?**;Can you give me an **explanation**?;
erkundigen;Verb;nan;nan;0;B1;120;to inquire/ask/check;Ich möchte mich nach dem Preis **erkundigen**.;I want to **inquire** about the price.;
erkälten;Verb;nan;nan;0;B1;112;to catch a cold;Ich habe mich erkältet.;I **caught a cold**.;
Erkältung;Substantiv;fem.;die;0;B1;96;cold;Er hat eine starke **Erkältung**.;He has a bad **cold**.;
erleben;Verb;nan;nan;0;B1;2857;to experience/witness/undergo;Wir haben viel erlebt.;We have **experienced** (witnessed) a lot.;-l-
Erlebnis;Substantiv;neutr.;das;0;B1;288;experience/adventure;Das war ein tolles **Erlebnis**.;That was a great **experience**.;-l-
erledigen;Verb;nan;nan;0;B1;498;to take care of/settle/finish;Ich muss noch etwas **erledigen**.;I still have to **take care of** something.;e-
erleichtern;Verb;nan;nan;0;B1;413;to facilitate/ease/lighten;Das erleichtert die Arbeit.;That **facilitates** (eases) the work.;
ernst;Adjektiv;nan;nan;0;B1;3121;serious/earnest/grave;Das ist eine **ernste** Angelegenheit.;That is a **serious** matter.;
ernsthaft;Adjektiv;nan;nan;0;B1;230;serious/earnest/sincerely;Er meint es **ernsthaft**.;He means it **seriously**.;
Ernte;Substantiv;fem.;die;0;B1;243;harvest/crop;Die **Ernte** war dieses Jahr gut.;The **harvest** was good this year.;
ernähren;Verb;nan;nan;0;B1;691;to feed/nourish/support;Obst ist gesund für die Ernährung.;Fruit is healthy for **nutrition** (nourishing).;e-
Ernährung;Substantiv;fem.;die;0;B1;266;nutrition/diet/feeding;Gesunde **Ernährung** ist wichtig.;Healthy **nutrition** (diet) is important.;
Ersatz;Substantiv;mask.;der;0;B1;183;replacement/substitute/spare;Wir brauchen einen **Ersatz** für das Teil.;We need a **replacement** for the part.;
erschrecken;Verb;nan;nan;0;B1;166;to be frightened/scare/startle;Du hast mich erschreckt!;You **frightened** (scared) me!;
erschöpft;partizipiales Adjektiv;nan;nan;0;B1;5;exhausted/worn out/depleted;Ich bin völlig **erschöpft**.;I am completely **exhausted**.;
ersetzen;Verb;nan;nan;0;B1;841;to replace/substitute/compensate;Wir müssen die Glühbirne **ersetzen**.;We need to **replace** the light bulb.;
erstellen;Verb;nan;nan;0;B1;479;to create/prepare/generate;Ich erstelle eine Liste.;I am **creating** (preparing) a list.;
erwachsen;partizipiales Adjektiv;nan;nan;0;B1;164;adult/grown-up;Er ist jetzt **erwachsen**.;He is **adult** (grown-up) now.;
erwarten;Verb;nan;nan;0;B1;2300;to expect/wait for/await;Wir **erwarten** Ihren Besuch.;We are **expecting** your visit.;
erziehen;Verb;nan;nan;0;B1;393;to bring up/educate/raise;Sie erzieht ihre Kinder alleine.;She's **bringing up** her children alone.;
Erziehung;Substantiv;fem.;die;0;B1;200;upbringing/education/raising;Die **Erziehung** ist wichtig.;**Upbringing** (Education) is important.;
Erzählung;Substantiv;fem.;die;0;B1;340;story/narrative/tale;Das ist eine schöne **Erzählung**.;That is a beautiful **story**.;
eröffnen;Verb;nan;nan;0;B1;1193;to open/inaugurate/disclose;Das Geschäft wird morgen eröffnet.;The shop **opens** (is inaugurated) tomorrow.;
Eröffnung;Substantiv;fem.;die;0;B1;227;opening/inauguration/disclosure;Die **Eröffnung** war ein großer Erfolg.;The **opening** was a great success.;
Essig;Substantiv;mask.;der;0;B1;2;vinegar;Ich brauche **Essig** für den Salat.;I need **vinegar** for the salad.;
Etage;Substantiv;fem.;die;0;B1;141;floor/story/deck;Ich wohne in der ersten **Etage**.;I live on the first **floor**.;
etwa;Adverb;nan;nan;0;B1;5239;about/approximately/for example;Es sind **etwa** zehn Kilometer.;It's **about** (approximately) ten kilometers.;e-
eventuell;Adjektiv;nan;nan;0;B1;313;possible/possibly/potential;Wir kommen **eventuell** später.;We **possibly** (potentially) will come later.;e-
ewig;Adjektiv;nan;nan;0;B1;2329;eternal/forever/everlasting;Das hat **ewig** gedauert.;That took **forever** (eternal).;
Experte;Substantiv;mask.;der;0;B1;488;expert;Er ist ein **Experte** auf seinem Gebiet.;He is an **expert** in his field.;male
Export;Substantiv;mask.;der;0;B1;159;export;Der **Export** ist für die Wirtschaft wichtig.;**Export** is important for the economy.;
extra;Adverb;nan;nan;0;B1;244;extra;Das kostet **extra**.;That costs **extra**.;
extrem;Adjektiv;nan;nan;0;B1;780;extreme/extremely;Das ist ein **extremes** Beispiel.;That is an **extreme** example.;
Fabrik;Substantiv;fem.;die;0;B1;293;factory/plant/mill;Er arbeitet in der **Fabrik**.;He works in the **factory**.;
Fachfrau;Substantiv;fem.;die;0;B1;38;expert/specialist;Sie ist eine **Fachfrau** für Computer.;She is a (female) **expert** for computers.;female
Fachleute;Substantiv;nan;nan;1;B1;146;experts/specialists/professionals;Die **Fachleute** diskutieren das Problem.;The **experts** are discussing the problem.;
Fachmann;Substantiv;mask.;der;0;B1;121;expert/specialist;Fragen Sie einen **Fachmann**.;Ask an **expert**.;male
Fahrbahn;Substantiv;fem.;die;0;B1;212;lane/roadway/carriageway;Bitte bleiben Sie auf der **Fahrbahn**.;Please stay on the **lane** (roadway).;
Fahrzeug;Substantiv;neutr.;das;0;B1;1671;vehicle/craft;Das **Fahrzeug** ist geparkt.;The **vehicle** is parked.;
fair;Adjektiv;nan;nan;0;B1;168;fair;Das war ein **fairer** Kampf.;That was a **fair** fight.;
Faktor;Substantiv;mask.;der;0;B1;436;factor;Das ist ein wichtiger **Faktor**.;That is an important **factor**.;
Fall;Substantiv;mask.;der;0;B1;3631;case/fall/instance;In diesem **Fall** haben Sie recht.;In this **case**, you are right.;
falls;Konjunktion;nan;nan;0;B1;747;if/in case/provided that;**Falls** es regnet;In **case** it rains, I will stay here.;f-
fangen;Verb;nan;nan;0;B1;2570;to catch/capture/trap;Der Junge fängt den Ball.;The boy **catches** the ball.;
Fantasie;Substantiv;fem.;die;0;B1;89;fantasy/imagination;Du hast viel **Fantasie**.;You have a lot of **imagination** (fantasy).;
farbig;Adjektiv;nan;nan;0;B1;228;colored/colorful;Ich möchte ein **farbiges** Bild.;I want a **colored** picture.;f-
Faschierte;Substantiv;neutr.;das;0;B1;4;minced meat;Möchten Sie **Faschiertes?**;Would you like **minced meat**?;
Fasching;Substantiv;mask.;der;0;B1;57;carnival;Wir feiern **Fasching**.;We are celebrating **carnival**.;
Fasnacht;Substantiv;fem.;die;0;B1;6;carnival;An **Fasnacht** tragen wir Masken.;We wear masks at **carnival**.;
fassen;Verb;nan;nan;0;B1;4183;to grasp/touch/seize;Ich kann es nicht **fassen**.;I can't **grasp** (believe) it.;
faulenzen;Verb;nan;nan;0;B1;8;to laze around/idle/lounge;Er faulenzt gerne am Sonntag.;He likes to **laze around** on Sunday.;
Fauteuil;Substantiv;mask.;der;0;B1;20;armchair;Er sitzt im **Fauteuil**.;He is sitting in the **armchair**.;
Feber;Substantiv;mask.;der;0;B1;21;February;Im **Feber** ist es oft kalt.;It's often cold in **February**.;
Feld;Substantiv;neutr.;das;0;B1;1076;field/court/panel;Die Kühe stehen auf dem **Feld**.;The cows are in the **field**.;
Fernbedienung;Substantiv;fem.;die;0;B1;48;remote control;Wo ist die **Fernbedienung**?;Where is the **remote control**?;
Fernsehen;Substantiv;neutr.;das;0;B1;472;television/TV;Ich schaue gerne **Fernsehen**.;I like watching **television**.;
Fernseher;Substantiv;mask.;der;0;B1;204;television set/TV;Der **Fernseher** ist kaputt.;The **TV** (television set) is broken.;
fest;Adjektiv;nan;nan;0;B1;6501;firm/solid/fixed;Der Boden ist **fest**.;The ground is **firm**.;
festhalten;Verb;nan;nan;0;B1;547;to hold on/record/detain;Bitte **halte** dich **fest.**;Please **hold on**.;
festlegen;Verb;nan;nan;0;B1;558;to determine/set/define;Wir müssen einen Termin **festlegen**.;We need to **set** (determine) a date.;-gen
festnehmen;Verb;nan;nan;0;B1;156;to arrest/detain/apprehend;Die Polizei hat ihn festgenommen.;The police **arrested** him.;
Festplatte;Substantiv;fem.;die;0;B1;70;hard drive/hard disk;Die **Festplatte** ist voll.;The **hard drive** is full.;
festsetzen;Verb;nan;nan;0;B1;237;to stipulate/fix/set;Der Preis wurde festgesetzt.;The price was **fixed** (set).;
feststehen;Verb;nan;nan;0;B1;103;to be certain/be fixed/stand firm;Der Termin steht fest.;The date **is certain** (fixed).;f-
feststellen;Verb;nan;nan;0;B1;870;to determine/establish/remark;Er stellte fest;He **determined** that it was too late.;-len
Fett;Substantiv;neutr.;das;0;B1;1686;fat/grease;Das Essen enthält viel **Fett**.;The food contains a lot of **fat**.;
feucht;Adjektiv;nan;nan;0;B1;1810;damp/moist/humid;Das Gras ist noch **feucht**.;The grass is still **damp**.;
Feuerwehr;Substantiv;fem.;die;0;B1;277;fire department/fire brigade;Rufen Sie die **Feuerwehr**!;Call the **fire department**!;
Feuerzeug;Substantiv;neutr.;das;0;B1;63;lighter;Haben Sie ein **Feuerzeug**?;Do you have a **lighter**?;
Figur;Substantiv;fem.;die;0;B1;997;figure/character/shape;Sie hat eine gute **Figur**.;She has a good **figure**.;
finanziell;Adjektiv;nan;nan;0;B1;664;financial;Das ist ein **finanzielles** Problem.;That is a **financial** problem.;
finanzieren;Verb;nan;nan;0;B1;1419;to finance/fund;Wie wollen Sie das **finanzieren**?;How do you want to **finance** that?;
Finger;Substantiv;mask.;der;0;B1;1706;finger;Er hat sich in den **Finger** geschnitten.;He cut his **finger**.;
flach;Adjektiv;nan;nan;0;B1;657;flat/shallow/level;Das Land ist hier sehr **flach**.;The land is very **flat** here.;
Fleck;Substantiv;mask.;der;0;B1;199;stain/spot/patch;Ich habe einen **Fleck** auf dem Hemd.;I have a **stain** on my shirt.;
Fleischhauer;Substantiv;mask.;der;0;B1;12;butcher;Wir kaufen Fleisch beim **Fleischhauer**.;We buy meat at the **butcher's**.;
flexibel;Adjektiv;nan;nan;0;B1;226;flexible;Wir müssen **flexibel** sein.;We have to be **flexible**.;
fliehen;Verb;nan;nan;0;B1;1055;to flee/escape/run away;Die Gefangenen sind geflohen.;The prisoners **fled** (escaped).;
fließen;Verb;nan;nan;0;B1;12489;to flow/run/stream;Der Fluss fließt ins Meer.;The river **flows** into the sea.;
fließend;partizipiales Adjektiv;nan;nan;0;B1;179;fluent/flowing;Er spricht **fließend** Deutsch.;He speaks **fluent** German.;
Flucht;Substantiv;fem.;die;0;B1;466;escape/flight/alignment;Die **Flucht** gelang.;The **escape** (flight) succeeded.;
Flur;Substantiv;mask.;der;0;B1;224;hallway;Wir lassen die Schuhe im **Flur**.;We leave the shoes in the **hallway**.;
Fläche;Substantiv;fem.;die;0;B1;1126;area/surface/space;Die **Fläche** ist groß.;The **area** (surface) is large.;
Flöte;Substantiv;fem.;die;0;B1;54;flute;Sie spielt **Flöte**.;She plays the **flute**.;
Flüssigkeit;Substantiv;fem.;die;0;B1;813;liquid/fluid;Trinken Sie viel **Flüssigkeit**.;Drink plenty of **liquid**.;
Folge;Substantiv;fem.;die;0;B1;2324;consequence/episode/series;Das hat fatale **Folgen.**;That has fatal **consequences**.;
folgen;Verb;nan;nan;0;B1;6112;to follow/ensue/obey;Bitte **folgen** Sie mir.;Please **follow** me.;
folgend;partizipiales Adjektiv;nan;nan;0;B1;1253;following/subsequent;Beachten Sie die **folgenden** Regeln.;Heed the **following** rules.;
fordern;Verb;nan;nan;0;B1;8285;to demand;Er fordert eine Erklärung.;He **demands** an explanation.;f-, forceful
Forderung;Substantiv;fem.;die;0;B1;460;demand;Die **Forderung** ist berechtigt.;The **demand** is justified.;
Form;Substantiv;fem.;die;0;B1;18100;form;Das Brot hat eine runde **Form**.;The bread has a round **shape** (form).;
Forschung;Substantiv;fem.;die;0;B1;555;research/study/investigation;Er arbeitet in der **Forschung**.;He works in **research**.;
Fortbildung;Substantiv;fem.;die;0;B1;64;further education/training;Ich mache eine **Fortbildung**.;I'm doing **further education** (training).;
Fortschritt;Substantiv;mask.;der;0;B1;334;progress/advancement;Wir machen gute **Fortschritte.**;We are making good **progress**.;
fortsetzen;Verb;nan;nan;0;B1;371;to continue/proceed/resume;Wir setzen die Arbeit morgen fort.;We will **continue** the work tomorrow.;
Fortsetzung;Substantiv;fem.;die;0;B1;120;continuation/sequel/follow-up;Die **Fortsetzung** folgt.;The **continuation** follows (To be continued).;
Forum;Substantiv;neutr.;das;0;B1;119;forum/message board;Ich lese oft im **Forum**.;I often read in the **forum**.;
Fotograf;Substantiv;mask.;der;0;B1;121;photographer;Der **Fotograf** macht ein Bild.;The **photographer** is taking a picture.;male
Fotografie;Substantiv;fem.;die;0;B1;172;photography;Er interessiert sich für **Fotografie**.;He is interested in **photography**.;
frech;Adjektiv;nan;nan;0;B1;68;cheeky/naughty/impudent;Sei nicht so **frech**!;Don't be so **cheeky**!;
Freiheit;Substantiv;fem.;die;0;B1;576;freedom/liberty;**Freiheit** ist wichtig.;**Freedom** is important.;
Fremdsprache;Substantiv;fem.;die;0;B1;35;foreign language;Welche **Fremdsprachen** sprichst du?;Which **foreign languages** do you speak?;
fressen;Verb;nan;nan;0;B1;2339;to eat (animals)/devour;Der Hund frisst sein Futter.;The dog **eats** its food.;
Freude;Substantiv;fem.;die;0;B1;663;joy/delight/pleasure;Das ist eine große **Freude**.;That is a great **joy**.;
Freundschaft;Substantiv;fem.;die;0;B1;208;friendship;Unsere **Freundschaft** ist mir wichtig.;Our **friendship** is important to me.;
Friede;Substantiv;mask.;der;0;B1;172;peace;**Friede** sei mit dir.;**Peace** be with you.;
Frieden;Substantiv;mask.;der;0;B1;489;peace/tranquility;Wir wollen in **Frieden** leben.;We want to live in **peace**.;
frieren;Verb;nan;nan;0;B1;536;to freeze/be cold/feel chilly;Ich friere an den Händen.;My hands are **freezing** (I'm cold in my hands).;
Friseur;Substantiv;mask.;der;0;B1;71;hairdresser/barber;Ich muss zum **Friseur**.;I have to go to the **hairdresser**.;male
Frist;Substantiv;fem.;die;0;B1;130;deadline/period/term;Die **Frist** läuft morgen ab.;The **deadline** expires tomorrow.;
Frisur;Substantiv;fem.;die;0;B1;141;haircut/hairstyle;Deine neue **Frisur** sieht gut aus.;Your new **haircut** looks good.;
Frisör;Substantiv;mask.;der;0;B1;15;hairdresser/barber;Wo ist der **Frisör**?;Where is the **hairdresser**?;male
Frucht;Substantiv;fem.;die;0;B1;970;fruit/crop/product;Die **Frucht** ist reif.;The **fruit** is ripe.;f-
fröhlich;Adjektiv;nan;nan;0;B1;316;happy/cheerful/joyful;Sie ist ein **fröhlicher** Mensch.;She is a **cheerful** person.;
Fundbüro;Substantiv;neutr.;das;0;B1;12;lost and found office;Ich gehe zum **Fundbüro**.;I'm going to the **lost and found office**.;
funktionieren;Verb;nan;nan;0;B1;1230;to function/work;Das Gerät funktioniert nicht.;The device is not **working** (functioning).;
Fußgänger;Substantiv;mask.;der;0;B1;155;pedestrian;Achtung, **Fußgänger**!;Watch out, **pedestrians**!;male
Fußgängerin;Substantiv;fem.;die;0;B1;10;pedestrian;Die **Fußgängerin** überquert die Straße.;The (female) **pedestrian** is crossing the street.;female
Fußgängerzone;Substantiv;fem.;die;0;B1;43;pedestrian zone/area;Das ist eine **Fußgängerzone**.;This is a **pedestrian zone**.;
Fähigkeit;Substantiv;fem.;die;0;B1;1073;ability/skill/capability;Er hat die **Fähigkeit** dazu.;He has the **ability** to do it.;
Fähre;Substantiv;fem.;die;0;B1;19;ferry;Wir nehmen die **Fähre**.;We are taking the **ferry**.;
fällig;Adjektiv;nan;nan;0;B1;112;due/payable;Die Rechnung ist **fällig**.;The bill is **due**.;
färbig;Adjektiv;nan;nan;0;B1;104;colored/colourful;Das ist ein **färbiges** Foto.;That is a **colored** photo.;
fördern;Verb;nan;nan;0;B1;1165;to promote/encourage/support;Wir **fördern** junge Talente.;We **promote** (support) young talents.;
führen;Verb;nan;nan;0;B1;241353;to lead/guide/conduct;Er führt uns durch die Stadt.;He **leads** (guides) us through the city.;f-
Führerausweis;Substantiv;mask.;der;0;B1;10;driver's license;Zeigen Sie Ihren **Führerausweis**.;Show your **driver's license**.;
fürchten;Verb;nan;nan;0;B1;464;to fear/be afraid;Du brauchst dich nicht zu **fürchten**.;You don't need to **be afraid** (fear).;
füttern;Verb;nan;nan;0;B1;726;to feed;Hast du die Katze gefüttert?;Have you **fed** the cat?;f-
Galerie;Substantiv;fem.;die;0;B1;141;gallery;Wir besuchen eine **Galerie**.;We are visiting a **gallery**.;
Gang;Substantiv;mask.;der;0;B1;772;aisle;Der **Gang** ist sehr lang.;The **aisle** is very long.;
gar;Adverb;nan;nan;0;B1;10814;even/at all/quite;Ich weiß **gar** nichts.;I know nothing **at all**.;
Garantie;Substantiv;fem.;die;0;B1;59;guarantee/warranty;Das Gerät hat zwei Jahre **Garantie**.;The device has a two-year **warranty**.;
garantieren;Verb;nan;nan;0;B1;319;to guarantee/warrant;Ich garantiere für ihn.;I **guarantee** for him.;
Garderobe;Substantiv;fem.;die;0;B1;80;cloakroom/wardrobe;Geben Sie den Mantel an der **Garderobe** ab.;Leave your coat at the **cloakroom**.;
Gas;Substantiv;neutr.;das;0;B1;1329;gas;Wir heizen mit **Gas**.;We heat with **gas**.;
Gasthaus;Substantiv;neutr.;das;0;B1;92;inn/guesthouse/pub;Wir essen im **Gasthaus**.;We eat at the **inn**.;
Gaststätte;Substantiv;fem.;die;0;B1;112;restaurant/inn;Die **Gaststätte** ist heute geschlossen.;The **restaurant** (inn) is closed today.;
Gebiet;Substantiv;neutr.;das;0;B1;2706;area/region/field;Das ist ein großes **Gebiet**.;That is a large **area**.;
Gebirge;Substantiv;neutr.;das;0;B1;258;mountain range/mountains;Wir wandern im **Gebirge**.;We're hiking in the **mountains** (mountain range).;
gebrauchen;Verb;nan;nan;0;B1;218;to use/employ/make use of;Ich kann das Werkzeug gut **gebrauchen**.;I can **use** the tool well.;g-
Gebrauchsanweisung;Substantiv;fem.;die;0;B1;22;operating instructions/user manual;Lies die **Gebrauchsanweisung**.;Read the **operating instructions**.;
Geburt;Substantiv;fem.;die;0;B1;582;birth;Herzlichen Glückwunsch zur **Geburt**!;Congratulations on the **birth**!;
Gebäck;Substantiv;neutr.;das;0;B1;170;pastries/biscuits/cookies;Möchten Sie etwas **Gebäck**?;Would you like some **pastries**?;
Gebäude;Substantiv;neutr.;das;0;B1;2092;building/structure;Das **Gebäude** ist sehr alt.;The **building** is very old.;
Gebühr;Substantiv;fem.;die;0;B1;250;fee/charge;Die **Gebühr** beträgt 10 Euro.;The **fee** is 10 euros.;
Gedanke;Substantiv;mask.;der;0;B1;1934;thought/idea/notion;Das ist ein interessanter **Gedanke**.;That is an interesting **thought**.;
Gedicht;Substantiv;neutr.;das;0;B1;389;poem;Er schreibt ein **Gedicht**.;He is writing a **poem**.;
Geduld;Substantiv;fem.;die;0;B1;137;patience;Haben Sie etwas **Geduld**.;Have some **patience**.;
geeignet;partizipiales Adjektiv;nan;nan;0;B1;263;suitable/appropriate/fit;Das Buch ist für Kinder **geeignet**.;The book is **suitable** for children.;
Gefahr;Substantiv;fem.;die;0;B1;1930;danger/risk/hazard;Es besteht keine **Gefahr**.;There is no **danger**.;
Gefängnis;Substantiv;neutr.;das;0;B1;505;prison/jail;Er ist im **Gefängnis**.;He is in **prison**.;
Gefühl;Substantiv;neutr.;das;0;B1;1376;feeling/emotion/sensation;Ich habe ein gutes **Gefühl**.;I have a good **feeling**.;
Gegend;Substantiv;fem.;die;0;B1;635;region/area/neighborhood;Die **Gegend** hier ist schön.;The **area** (region) here is beautiful.;
Gegensatz;Substantiv;mask.;der;0;B1;1097;opposite/contrast/contrary;Im **Gegensatz** dazu ist es hier warm.;In **contrast** to that, it's warm here.;
Gegenstand;Substantiv;mask.;der;0;B1;2229;object/item/subject;Auf dem Tisch liegen many **Gegenstände.**;There are many **objects** (items) on the table.;
Gegner;Substantiv;mask.;der;0;B1;832;opponent/enemy/adversary;Er ist ein starker **Gegner**.;He is a strong **opponent**.;male
geheim;Adjektiv;nan;nan;0;B1;2656;secret/confidential/private;Das ist eine **geheime** Information.;That is **secret** (confidential) information.;g-
Geheimnis;Substantiv;neutr.;das;0;B1;273;secret;Kannst du ein **Geheimnis** bewahren?;Can you keep a **secret**?;
Gehsteig;Substantiv;mask.;der;0;B1;42;pavement/sidewalk;Bleib auf dem **Gehsteig**.;Stay on the **sidewalk** (pavement).;
Geldautomat;Substantiv;mask.;der;0;B1;33;ATM/cash machine;Wo ist der **Geldautomat**?;Where is the **ATM**?;
Gelegenheit;Substantiv;fem.;die;0;B1;960;opportunity/occasion/chance;Das war eine gute **Gelegenheit**.;That was a good **opportunity**.;
gelingen;Verb;nan;nan;0;B1;2234;to succeed/work out/manage;Es ist mir gelungen.;I **succeeded** (managed).;
gelten;Verb;nan;nan;0;B1;7391;to be valid/apply/count;Die Regeln **gelten** für alle.;The rules **apply** to everyone.;
gemeinsam;Adjektiv;nan;nan;0;B1;2610;together/common/joint;Wir essen **gemeinsam**.;We eat **together**.;g-
Gemeinschaft;Substantiv;fem.;die;0;B1;527;community/fellowship/association;Wir leben in einer **Gemeinschaft**.;We live in a **community**.;
gemütlich;Adjektiv;nan;nan;0;B1;284;cozy/comfortable/snug;Das Wohnzimmer ist sehr **gemütlich**.;The living room is very **cozy**.;
genauso;Adverb;nan;nan;0;B1;434;exactly the same/just as;Es ist **genauso** teuer.;It is **exactly the same** price (just as expensive).;
genehmigen;Verb;nan;nan;0;B1;134;to approve/permit/allow;Der Antrag wurde genehmigt.;The application was **approved**.;
Generation;Substantiv;fem.;die;0;B1;2470;generation;Das ist ein Problem der jungen **Generation**.;This is a problem of the young **generation**.;
genießen;Verb;nan;nan;0;B1;373;to enjoy/savor/relish;**Genießen** Sie Ihren Urlaub!;**Enjoy** your vacation!;
genügen;Verb;nan;nan;0;B1;351;to suffice/be enough/satisfy;Das genügt mir.;That **suffices** me (is enough).;
gerecht;Adjektiv;nan;nan;0;B1;337;just/fair/equitable;Das ist eine **gerechte** Strafe.;That is a **just** (fair) punishment.;g-
gering;Adjektiv;nan;nan;0;B1;35050;low/small/slight;Das Risiko ist **gering**.;The risk is **low** (small).;
gesamt;Adjektiv;nan;nan;0;B1;1589;whole/total/entire;Der **gesamte** Tag war schön.;The **whole** (entire) day was nice.;ge-
geschehen;Verb;nan;nan;0;B1;7617;to happen/take place;Was ist **geschehen**?;What **happened**?;g-
geschieden;partizipiales Adjektiv;nan;nan;0;B1;1;divorced;Er ist seit zwei Jahren **geschieden**.;He is **divorced** since two years.;
Geschlecht;Substantiv;neutr.;das;0;B1;752;gender/sex/lineage;Bitte geben Sie Ihr **Geschlecht** an.;Please state your **gender**.;
Geschmack;Substantiv;mask.;der;0;B1;572;taste/flavor/liking;Der Kuchen hat einen guten **Geschmack**.;The cake has a good **taste**.;
Geschwindigkeit;Substantiv;fem.;die;0;B1;624;speed/velocity/pace;Halten Sie die **Geschwindigkeit** ein.;Maintain the **speed**.;
Geschwindigkeitsbeschränkung;Substantiv;fem.;die;0;B1;9;speed limit;Hier gilt eine **Geschwindigkeitsbeschränkung**.;There is a **speed limit** here.;
Gesellschaft;Substantiv;fem.;die;0;B1;1739;society/company/party;Wir leben in einer modernen **Gesellschaft**.;We live in a modern **society**.;
Gesetz;Substantiv;neutr.;das;0;B1;4406;law/act/statute;Das **Gesetz** muss befolgt werden.;The **law** must be followed.;
gespannt;partizipiales Adjektiv;nan;nan;0;B1;274;curious/anxious/tense;Ich bin **gespannt** auf das Ergebnis.;I am **curious** (anxious) about the result.;g-
getrennt;partizipiales Adjektiv;nan;nan;0;B1;96;separate/separated/apart;Wir zahlen **getrennt**.;We're paying **separately**.;
Gewalt;Substantiv;fem.;die;0;B1;822;violence/force/power;**Gewalt** ist keine Lösung.;**Violence** is no solution.;
Gewerkschaft;Substantiv;fem.;die;0;B1;262;union/trade union/labor union;Er ist Mitglied der **Gewerkschaft**.;He is a member of the **union**.;
Gewinn;Substantiv;mask.;der;0;B1;8296;profit/gain/win;Die Firma hat einen hohen **Gewinn** gemacht.;The company made a high **profit**.;
Gewissen;Substantiv;neutr.;das;0;B1;147;conscience;Er hat ein schlechtes **Gewissen**.;He has a bad **conscience**.;
Gewohnheit;Substantiv;fem.;die;0;B1;177;habit/custom/practice;Das ist eine alte **Gewohnheit**.;That is an old **habit**.;
gewohnt;partizipiales Adjektiv;nan;nan;0;B1;83;usual/customary/accustomed;Ich bin das nicht **gewohnt**.;I'm not **accustomed** to that.;
gewöhnen;Verb;nan;nan;0;B1;1051;to get used to/accustom;Ich muss mich an das Wetter **gewöhnen**.;I need to **get used to** the weather.;
gewöhnlich;Adjektiv;nan;nan;0;B1;724;usual/ordinary/common;Das ist ein **gewöhnlicher** Tag.;That is an **ordinary** (usual) day.;
Gewürz;Substantiv;neutr.;das;0;B1;269;spice/seasoning/condiment;Welche **Gewürze** brauche ich?;Which **spices** do I need?;
gießen;Verb;nan;nan;0;B1;1702;to water/pour/cast;Vergiss nicht, die Blumen zu **gießen**.;Don't forget to **water** the flowers.;
Gift;Substantiv;neutr.;das;0;B1;671;poison/toxin/venom;Das ist ein starkes **Gift**.;That is a strong **poison**.;
giftig;Adjektiv;nan;nan;0;B1;376;poisonous/toxic/venomous;Die Schlange ist **giftig**.;The snake is **poisonous**.;
Girokonto;Substantiv;neutr.;das;0;B1;27;checking account/current account;Er hat ein neues **Girokonto** eröffnet.;He opened a new **checking account**.;
Glace;Substantiv;fem., neutr.;die;0;B1;10;ice cream/ice;Möchten Sie eine **Glace**?;Would you like an **ice cream**?;Swiss
Glacé;Substantiv;fem., neutr.;die;0;B1;2;ice cream/ice;In der Schweiz sagt man **Glacé**.;In Switzerland, they say **Glacé** (ice cream).;Swiss
glatt;Adjektiv;nan;nan;0;B1;1104;smooth/slippery/slick;Der Boden ist **glatt**.;The floor is **slippery** (smooth).;
gleichberechtigt;Adjektiv;nan;nan;0;B1;88;equal/having equal rights;Frauen und Männer sind **gleichberechtigt**.;Women and men are **equal** (have equal rights).;
gleichfalls;Konjunktion;nan;nan;0;B1;84;likewise/same to you;Danke, **gleichfalls**!;Thanks, **likewise** (same to you)!;
gleichzeitig;Adjektiv;nan;nan;0;B1;1244;simultaneous/at the same time;Wir sind **gleichzeitig** angekommen.;We arrived **at the same time**.;
Gold;Substantiv;neutr.;das;0;B1;5892;gold;Die Kette ist aus **Gold**.;The necklace is made of **gold**.;
Golf;Substantiv;neutr.;das;0;B1;4705;golf/gulf;Er spielt gerne **Golf**.;He likes playing **golf**.;
Gott;Substantiv;mask.;der;0;B1;6298;God;An **Gott** glauben many Menschen.;Many people believe in **God**.;
Grafik;Substantiv;fem.;die;0;B1;105;graphic/chart/diagram;Die **Grafik** zeigt die Entwicklung.;The **graphic** (chart) shows the development.;
Graphik;Substantiv;fem.;die;0;B1;23;graphic;Er studiert **Graphik**.;He is studying **graphics**.;
Gras;Substantiv;neutr.;das;0;B1;47;grass;Das **Gras** ist grün.;The **grass** is green.;
gratis;Adverb;nan;nan;0;B1;58;free of charge/gratis;Der Service ist **gratis**.;The service is **free of charge**.;
Gratulation;Substantiv;fem.;die;0;B1;20;congratulations;Herzliche **Gratulation** zum Geburtstag!;Warm **congratulations** on your birthday!;
greifen;Verb;nan;nan;0;B1;12272;to reach for/grab/grasp;Er greift nach dem Glas.;He **reaches for** the glass.;
Grenze;Substantiv;fem.;die;0;B1;1748;border/limit/boundary;Wir haben die **Grenze** überquert.;We crossed the **border**.;
Grill;Substantiv;mask.;der;0;B1;86;grill/barbecue;Wir werfen den **Grill** an.;We're starting up the **grill**.;
grillieren;Verb;nan;nan;0;B1;27;to grill/barbecue;Am Abend **grillieren** wir.;We're **grilling** in the evening.;Swiss
Grund;Substantiv;mask.;der;0;B1;5987;reason/cause/ground;Was ist der **Grund** dafür?;What is the **reason** for that?;g-
Grundstück;Substantiv;neutr.;das;0;B1;395;plot of land/property;Sie haben ein **Grundstück** gekauft.;They bought a **plot of land** (property).;
gründen;Verb;nan;nan;0;B1;726;to found/establish/base;Er hat eine Firma gegründet.;He **founded** a company.;
gründlich;Adjektiv;nan;nan;0;B1;384;thorough/careful/complete;Wir müssen das **gründlich** besprechen.;We need to discuss this **thoroughly**.;
grüßen;Verb;nan;nan;0;B1;451;to greet/say hello;**Grüßen** Sie ihn von mir!;**Greet** him for me!;
gucken;Verb;nan;nan;0;B1;3027;to look/watch/peek;Guck mal da!;**Look** at that!;g-
Gymnastik;Substantiv;fem.;die;0;B1;26;gymnastics/exercise;**Gymnastik** ist gut für den Körper.;**Gymnastics** (Exercise) is good for the body.;
Hackfleisch;Substantiv;neutr.;das;0;B1;1;minced meat/ground meat;Ich brauche **Hackfleisch** für die Sauce.;I need **minced meat** for the salad.;
Hafen;Substantiv;mask.;der;0;B1;589;port/harbor;Das Schiff läuft in den **Hafen** ein.;The ship is entering the **port** (harbor).;
hageln;Verb;nan;nan;0;B1;67;to hail;Es hat heute kurz gehagelt.;It **hailed** briefly today.;
halbtags;Adverb;nan;nan;0;B1;3;part-time;Sie arbeitet **halbtags**.;She works **part-time**.;
Hallenbad;Substantiv;neutr.;das;0;B1;22;indoor swimming pool;Wir gehen im Winter ins **Hallenbad**.;We go to the **indoor swimming pool** in winter.;
Halt;Substantiv;mask.;der;0;B1;5785;stop/hold/support;Der nächste **Halt** ist Frankfurt.;The next **stop** is Frankfurt.;
halt;Partikel;nan;nan;0;B1;10800;just/simply;So ist es **halt**.;That's **just** (simply) how it is.;h-
haltbar;Adjektiv;nan;nan;0;B1;223;durable/long-lasting/shelf-stable;Die Milch ist lange **haltbar**.;The milk is **long-lasting** (shelf-stable).;
Hammer;Substantiv;mask.;der;0;B1;387;hammer;Ich brauche einen **Hammer**.;I need a **hammer**.;
Handel;Substantiv;mask.;der;0;B1;706;trade/commerce/business;Der **Handel** mit China wächst.;**Trade** with China is growing.;
handeln;Verb;nan;nan;0;B1;16069;to act/trade/deal;Wir müssen jetzt **handeln**.;We must **act** now.;
Handwerker;Substantiv;mask.;der;0;B1;288;craftsman/artisan/handyman;Der **Handwerker** repariert das Dach.;The **craftsman** is repairing the roof.;male
hassen;Verb;nan;nan;0;B1;64;to hate/detest;Ich hasse lügen.;I **hate** lying.;
haupt-;Affix;nan;nan;0;B1;nan;main/chief/principal;Das ist mein Hauptproblem.;This is my **main** problem.;affix
Hauptbahnhof;Substantiv;mask.;der;0;B1;116;central station/main station;Wir treffen uns am **Hauptbahnhof**.;We're meeting at the **central station**.;
Hausmeister;Substantiv;mask.;der;0;B1;64;caretaker/janitor/building manager;Der **Hausmeister** schließt die Tür auf.;The **caretaker** (janitor) unlocks the door.;male
Hausmeisterin;Substantiv;fem.;die;0;B1;9;caretaker/janitor;Die **Hausmeisterin** kümmert sich ums Haus.;The (female) **caretaker** looks after the house.;female
Haustier;Substantiv;neutr.;das;0;B1;84;pet;Hast du ein **Haustier**?;Do you have a **pet**?;
Haut;Substantiv;fem.;die;0;B1;1310;skin;Die Sonne ist gut für die **Haut**.;The sun is good for the **skin**.;
heben;Verb;nan;nan;0;B1;10635;to lift/raise/hold;Kannst du das Paket **heben**?;Can you **lift** the package?;
Heim;Substantiv;neutr.;das;0;B1;205;home/hostel/institution;Das ist ein schönes **Heim**.;That is a beautiful **home**.;
heim;Adverb;nan;nan;0;B1;nan;home/homeward;Ich gehe jetzt **heim**.;I'm going **home** now.;
heimlich;Adjektiv;nan;nan;0;B1;494;secret/clandestine/covert;Das war ein **heimliches** Treffen.;That was a **secret** (clandestine) meeting.;h-
Heimweh;Substantiv;neutr.;das;0;B1;25;homesickness;Ich habe **Heimweh** nach Deutschland.;I have **homesickness** for Germany.;
heizen;Verb;nan;nan;0;B1;732;to heat;Wir **heizen** mit Holz.;We **heat** with wood.;
Held;Substantiv;mask.;der;0;B1;325;hero;Er ist mein **Held**.;He is my **hero**.;
Heldin;Substantiv;fem.;die;0;B1;26;heroine/female hero;Sie ist eine echte **Heldin**.;She is a real **heroine**.;
Henderl;Substantiv;neutr.;das;0;B1;nan;chicken;Ich esse heute ein **Henderl**.;I'm eating a **chicken** today.;Austrian
Hendl;Substantiv;neutr.;das;0;B1;27;chicken;Möchtest du ein **Hendl**?;Would you like a (roasted) **chicken**?;Austrian/Bavarian
herausfinden;Verb;nan;nan;0;B1;343;to find out/discover/figure out;Wir müssen die Adresse **herausfinden**.;We need to **find out** the address.;
Herausforderung;Substantiv;fem.;die;0;B1;267;challenge;Das ist eine große **Herausforderung**.;That is a great **challenge**.;
herein-;Affix;nan;nan;0;B1;1;in/inside;Komm herein!;Come **in**!;
Herkunft;Substantiv;fem.;die;0;B1;568;origin/background/descent;Was ist deine **Herkunft**?;What is your **origin** (background)?;
Hersteller;Substantiv;mask.;der;0;B1;356;manufacturer/producer/maker;Fragen Sie beim **Hersteller** nach.;Ask the **manufacturer**.;
herunterfahren;Verb;nan;nan;0;B1;96;to shut down/power down;Ich fahre den Computer herunter.;I'm **shutting down** the computer.;
Herz;Substantiv;neutr.;das;0;B1;1066;heart;Mein **Herz** schlägt schnell.;My **heart** is beating fast.;
hieher;Pronominaladverb;nan;nan;0;B1;nan;here/hither;Komm **hieher**.;Come **here**.;
hierher;Pronominaladverb;nan;nan;0;B1;159;here/hither;Gehen wir **hierher**.;Let's go **here**.;
hinter-;Affix;nan;nan;0;B1;nan;behind/rear;Der Hintereingang ist offen.;The **rear** (behind) entrance is open.;
hinterher;Adverb;nan;nan;0;B1;207;afterwards/behind/after;Er rannte **hinterher**.;He ran **after** (behind).;h-
hinterlassen;Verb;nan;nan;0;B1;442;to leave (behind)/bequeath;Er hat eine Nachricht **hinterlassen**.;He **left** a message.;
Hinweis;Substantiv;mask.;der;0;B1;569;hint/clue/tip/pointer;Das ist ein wichtiger **Hinweis**.;That is an important **hint** (clue).;
hinweisen;Verb;nan;nan;0;B1;438;to point out/indicate/refer;Er hat auf den Fehler hingewiesen.;He **pointed out** the error.;
historisch;Adjektiv;nan;nan;0;B1;2609;historical/historic;Das ist ein **historisches** Gebäude.;That is a **historical** building.;
Hitze;Substantiv;fem.;die;0;B1;473;heat;Die **Hitze** ist unerträglich.;The **heat** is unbearable.;
hochladen;Verb;nan;nan;0;B1;94;to upload;Ich lade die Fotos hoch.;I'm **uploading** the photos.;
Hof;Substantiv;mask.;der;0;B1;2385;courtyard/yard/court;Die Kinder spielen im **Hof**.;The children are playing in the **courtyard**.;h-
Hoffnung;Substantiv;fem.;die;0;B1;527;hope;Wir haben noch **Hoffnung**.;We still have **hope**.;
Holz;Substantiv;neutr.;das;0;B1;5513;wood/timber/lumber;Der Tisch ist aus **Holz**.;The table is made of **wood**.;
Honig;Substantiv;mask.;der;0;B1;211;honey;Ich mag **Honig** im Tee.;I like **honey** in my tea.;
Humor;Substantiv;mask.;der;0;B1;155;humor;Er hat viel **Humor**.;He has a lot of **humor**.;
hungrig;Adjektiv;nan;nan;0;B1;189;hungry;Bist du **hungrig**?;Are you **hungry**?;
hupen;Verb;nan;nan;0;B1;63;to honk/beep;Hup nicht so laut!;Don't **honk** so loud!;horn
Husten;Substantiv;mask.;der;0;B1;2;cough/coughing;Er hat einen starken **Husten**.;He has a bad **cough**.;
Hut;Substantiv;mask.;der;0;B1;701;hat;Er trägt einen **Hut**.;He is wearing a **hat**.;
Hälfte;Substantiv;fem.;die;0;B1;945;half;Ich möchte die **Hälfte**.;I want **half**.;-ä-
Händler;Substantiv;mask.;der;0;B1;310;dealer/trader/merchant;Der **Händler** verkauft Autos.;The **dealer** sells cars.;male
Händlerin;Substantiv;fem.;die;0;B1;18;dealer/trader/merchant;Sie ist eine erfahrene **Händlerin**.;She is an experienced (female) **trader**.;female
häufig;Adjektiv;nan;nan;0;B1;2933;frequent/common/often;Das kommt **häufig** vor.;That happens **frequently**.;
höchstens;Adverb;nan;nan;0;B1;229;at most;Es kostet **höchstens** 10 Euro.;It costs **at most** 10 euros.;
höflich;Adjektiv;nan;nan;0;B1;218;polite/courteous/civil;Das war sehr **höflich**.;That was very **polite**.;
Höhe;Substantiv;fem.;die;0;B1;1556;height/altitude/amount;Das Haus hat eine **Höhe** von 10 Metern.;The house has a **height** of 10 meters.;
Hörer;Substantiv;mask.;der;0;B1;191;listener/receiver/earpiece;Die **Hörer** schalteten ein.;The **listeners** tuned in.;male
Hörerin;Substantiv;fem.;die;0;B1;11;listener;Die **Hörerin** rief an.;The (female) **listener** called.;female
hübsch;Adjektiv;nan;nan;0;B1;4217;pretty/handsome/lovely;Das ist ein **hübsches** Kleid.;That is a **pretty** dress.;
Hügel;Substantiv;mask.;der;0;B1;398;hill;Wir wandern über den **Hügel**.;We're hiking over the **hill**.;
Hühnchen;Substantiv;neutr.;das;0;B1;3;chicken;Ich esse gerne **Hühnchen**.;I like eating **chicken**.;
Hütte;Substantiv;fem.;die;0;B1;327;hut/cabin/cottage;Wir schlafen in einer **Hütte**.;We are sleeping in a **hut**.;
ideal;Adjektiv;nan;nan;0;B1;622;ideal/perfect;Das ist das **ideale** Wetter.;This is the **ideal** weather.;
illegal;Adjektiv;nan;nan;0;B1;522;illegal;Das ist **illegal**.;That is **illegal**.;
Imbiss;Substantiv;mask.;der;0;B1;61;snack/snack bar;Wir holen uns einen **Imbiss**.;We're getting a **snack**.;
Import;Substantiv;mask.;der;0;B1;109;import;Der **Import** von Waren ist wichtig.;The **import** of goods is important.;
indem;Konjunktion;nan;nan;0;B1;1704;by/while/as;Er spart Geld, **indem** er zu Fuß geht.;He saves money **by** walking.;
individuell;Adjektiv;nan;nan;0;B1;546;individual;Jeder Mensch hat **individuelle** Bedürfnisse.;Every person has **individual** needs.;
Industrie;Substantiv;fem.;die;0;B1;457;industry;Die **Industrie** spielt eine wichtige Rolle.;**Industry** plays an important role.;
Infektion;Substantiv;fem.;die;0;B1;423;infection;Er hat eine schwere **Infektion**.;He has a serious **infection**.;
Ingenieur;Substantiv;mask.;der;0;B1;220;engineer;Er arbeitet als **Ingenieur** bei Siemens.;He works as an **engineer** at Siemens.;male
Inhalt;Substantiv;mask.;der;0;B1;912;content;Der **Inhalt** des Buches ist spannend.;The **content** of the book is exciting.;
inklusive;Präposition;nan;nan;0;B1;149;including/inclusive of;Der Preis ist **inklusive** Versandkosten.;The price is **including** shipping costs.;
innen;Adverb;nan;nan;0;B1;524;inside;Die Tür ist von **innen** verschlossen.;The door is locked from the **inside**.;
inner;Adjektiv;nan;nan;0;B1;2399;inner/internal/interior;Er spürt eine **innere** Ruhe.;He feels an **inner** peace.;
innerhalb;Präposition;nan;nan;0;B1;2037;within/inside;Bitte antworten Sie **innerhalb** einer Woche.;Please reply **within** a week.;
Inserat;Substantiv;neutr.;das;0;B1;25;advertisement/ad;Ich habe ein **Inserat** in der Zeitung gelesen.;I read an **advertisement** (ad) in the newspaper.;
insgesamt;Adverb;nan;nan;0;B1;952;altogether/in total;Das kostet **insgesamt** 50 Euro.;That costs 50 euros **in total** (altogether).;i-
installieren;Verb;nan;nan;0;B1;260;to install/set up;Ich installiere das neue Programm.;I'm **installing** the new program.;
Institut;Substantiv;neutr.;das;0;B1;558;institute;Er arbeitet an einem wissenschaftlichen **Institut**.;He works at a scientific **institute**.;
Integration;Substantiv;fem.;die;0;B1;172;integration;Die **Integration** neuer Mitarbeiter ist wichtig.;The **integration** of new employees is important.;
integrieren;Verb;nan;nan;0;B1;349;to integrate;Er hat sich schnell integriert.;He **integrated** quickly.;
Intelligenz;Substantiv;fem.;die;0;B1;208;intelligence;Sie besitzt eine hohe **Intelligenz**.;She possesses high **intelligence**.;
intensiv;Adjektiv;nan;nan;0;B1;720;intense/intensive;Wir haben **intensiv** geübt.;We practiced **intensively** (intensely).;
Intensivkurs;Substantiv;mask.;der;0;B1;9;intensive course;Ich besuche einen **Intensivkurs** für Deutsch.;I'm attending an **intensive course** for German.;
interessant;Adjektiv;nan;nan;0;B1;339;interesting;Das ist ein sehr **interessantes** Buch.;That is a very **interesting** book.;
interessiert;partizipiales Adjektiv;nan;nan;0;B1;387;interested;Bist du an dem Job **interessiert**?;Are you **interested** in the job?;
interkulturell;Adjektiv;nan;nan;0;B1;52;intercultural/cross-cultural;Das ist ein **interkulturelles** Projekt.;This is an **intercultural** (cross-cultural) project.;
inzwischen;Adverb;nan;nan;0;B1;1044;in the meantime/meanwhile;Ich bin **inzwischen** fertig geworden.;I have finished **in the meantime**.;i-
irgendein;Indefinitpronomen;nan;nan;0;B1;158;any/some;Hast du **irgendeine** Idee?;Do you have **any** (some) idea?;
irgendwann;Adverb;nan;nan;0;B1;362;sometime/eventually;**Irgendwann** werde ich dich besuchen.;**Sometime** (Eventually) I will visit you.;
irren;Verb;nan;nan;0;B1;380;to be mistaken/err/wander;Ich glaube, Sie **irren** sich.;I think you **are mistaken**.;
Jause;Substantiv;fem.;die;0;B1;15;snack/break;Wir machen jetzt eine kurze **Jause**.;We're having a quick **snack** now.;Austrian
je;Konjunktion;nan;nan;0;B1;3799;each/per/depending on;**Je** mehr ich lerne, desto besser.;__ mehr ich lerne, desto besser.;
jederzeit;Adverb;nan;nan;0;B1;193;at any time/anytime;Sie können mich **jederzeit** anrufen.;You can call me **anytime**.;
jedes Mal;Adverb;nan;nan;0;B1;nan;every time;**Jedes Mal**;**Every time** I see him, he laughs.;
jedoch;Konjunktion;nan;nan;0;B1;3029;however/though/yet;Es war kalt, **jedoch** schien die Sonne.;It was cold, **however** the sun was shining.;j-
jemals;Adverb;nan;nan;0;B1;251;ever;Hast du **jemals** einen Löwen gesehen?;Have you **ever** seen a lion?;
jeweils;Adverb;nan;nan;0;B1;852;each/at a time/respectively;Die Kinder bekamen **jeweils** einen Apfel.;The children **each** got an apple.;
Journalist;Substantiv;mask.;der;0;B1;396;journalist;Er arbeitet als **Journalist**.;He works as a **journalist**.;male
Journalistin;Substantiv;fem.;die;0;B1;65;journalist;Die **Journalistin** stellte viele Fragen.;The (female) **journalist** asked many questions.;female
Jugend;Substantiv;fem.;die;0;B1;448;youth/adolescence;Er spricht oft über seine **Jugend**.;He often talks about his **youth**.;
Kabel;Substantiv;neutr.;das;0;B1;241;cable/wire;Das **Kabel** ist zu kurz.;The **cable** is too short.;
Kabine;Substantiv;fem.;die;0;B1;121;cabin/booth/cubicle;In der **Kabine** können Sie sich umziehen.;You can change in the **cabin** (booth).;
Kaffeehaus;Substantiv;neutr.;das;0;B1;45;coffee house/café;Wir treffen uns im **Kaffeehaus**.;We're meeting at the **coffee house**.;
Kakao;Substantiv;mask.;der;0;B1;75;cocoa/hot chocolate;Möchtest du eine Tasse **Kakao**?;Would you like a cup of **cocoa**?;
Kampf;Substantiv;mask.;der;0;B1;967;fight/battle/struggle;Es war ein harter **Kampf**.;It was a hard **fight** (struggle).;
Kanal;Substantiv;mask.;der;0;B1;361;canal/sewer/channel;Welchen **Kanal** schauen wir?;Which **channel** are we watching?;
Kandidat;Substantiv;mask.;der;0;B1;303;candidate;Er ist ein starker **Kandidat**.;He is a strong **candidate**.;male
Kanne;Substantiv;fem.;die;0;B1;98;pot/jug/can;Eine **Kanne** Kaffee, bitte.;A **pot** of coffee, please.;
Kantine;Substantiv;fem.;die;0;B1;58;canteen/cafeteria;Wir essen in der **Kantine**.;We eat in the **canteen**.;
Kapitel;Substantiv;neutr.;das;0;B1;357;chapter;Das Buch hat zehn **Kapitel**.;The book has ten **chapters**.;
kaputt machen;Verb;nan;nan;0;B1;nan;to break/ruin/destroy;Mach mein Spielzeug nicht kaputt!;Don't **break** my toy!;
kaputtgehen;Verb;nan;nan;0;B1;6;to break/fall apart/break down;Die Uhr ist kaputtgegangen.;The watch **broke** (fell apart).;
kaputtmachen;Verb;nan;nan;0;B1;1;to break/ruin/destroy;Wer hat die Vase kaputtgemacht?;Who **broke** the vase?;
Karneval;Substantiv;mask.;der;0;B1;131;carnival;Wir feiern **Karneval**.;We are celebrating **carnival**.;
Karotte;Substantiv;fem.;die;0;B1;15;carrot;Ich mag rohe **Karotten.**;I like raw **carrots**.;
Karriere;Substantiv;fem.;die;0;B1;342;career;Sie macht **Karriere** bei der Bank.;She is making a **career** at the bank.;k-
Kassette;Substantiv;fem.;die;0;B1;66;cassette/tape;Ich habe noch alte **Kassetten.**;I still have old **cassettes**.;
Kasten;Substantiv;mask.;der;0;B1;219;box/case/cupboard;Der **Kasten** ist voller Bücher.;The **box** (case) is full of books.;
Katalog;Substantiv;mask.;der;0;B1;87;catalog;Schau mal in den **Katalog**.;Look in the **catalog**.;
Katastrophe;Substantiv;fem.;die;0;B1;253;catastrophe/disaster;Das war eine echte **Katastrophe**.;That was a real **catastrophe**.;
Kauf;Substantiv;mask.;der;0;B1;537;purchase/buying;Der **Kauf** war eine gute Entscheidung.;The **purchase** was a good decision.;
kaum;Adverb;nan;nan;0;B1;2692;hardly/barely/scarcely;Ich kann dich **kaum** hören.;I can **hardly** hear you.;
Kellner;Substantiv;mask.;der;0;B1;220;waiter;Der **Kellner** bringt die Rechnung.;The **waiter** is bringing the bill.;male
Kellnerin;Substantiv;fem.;die;0;B1;60;waitress;Die **Kellnerin** ist sehr freundlich.;The **waitress** is very friendly.;female
Kennzeichen;Substantiv;neutr.;das;0;B1;274;license plate/mark/characteristic;Das **Kennzeichen** ist verschmutzt.;The **license plate** is dirty.;
Kerze;Substantiv;fem.;die;0;B1;267;candle;Zünde bitte die **Kerze** an.;Please light the **candle**.;
Kindheit;Substantiv;fem.;die;0;B1;292;childhood;Ich hatte eine schöne **Kindheit**.;I had a beautiful **childhood**.;
Kissen;Substantiv;neutr.;das;0;B1;133;pillow/cushion;Mein **Kissen** ist sehr weich.;My **pillow** is very soft.;
Kiste;Substantiv;fem.;die;0;B1;96;box/crate/chest;Die **Kiste** ist schwer.;The **box** (crate) is heavy.;
klagen;Verb;nan;nan;0;B1;835;to complain/lament/sue;Er klagt über Kopfschmerzen.;He **complains** about headaches.;k-
klasse;Adjektiv;nan;nan;0;B1;nan;great/excellent;Das war eine **klasse** Leistung!;That was a **great** performance!;adjective
Klassenarbeit;Substantiv;fem.;die;0;B1;40;class test/exam;Wir schreiben morgen eine **Klassenarbeit**.;We are writing a **class test** tomorrow.;
kleben;Verb;nan;nan;0;B1;1985;to stick/glue;Das Etikett klebt nicht mehr.;The label doesn't **stick** anymore.;k-
klettern;Verb;nan;nan;0;B1;5007;to climb;Wir **klettern** auf den Berg.;We are **climbing** the mountain.;
Klick;Substantiv;mask., neutr.;der, das;0;B1;57;click;Nur ein **Klick** genügt.;Only one **click** is enough.;
klicken;Verb;nan;nan;0;B1;195;to click;**Klicken** Sie auf den Button.;**Click** on the button.;
Klima;Substantiv;neutr.;das;0;B1;519;climate;Das **Klima** hier ist sehr angenehm.;The **climate** here is very pleasant.;
Klimaanlage;Substantiv;fem.;die;0;B1;77;air conditioning/air conditioner;Schalte bitte die **Klimaanlage** ein.;Please turn on the **air conditioning**.;
Klingel;Substantiv;fem.;die;0;B1;58;bell/doorbell;Hast du die **Klingel** gehört?;Did you hear the **bell**?;
klingeln;Verb;nan;nan;0;B1;645;to ring;Es klingelt an der Tür.;Someone is **ringing** at the door.;
klingen;Verb;nan;nan;0;B1;4103;to sound/ring;Das klingt nach einer guten Idee.;That **sounds** like a good idea.;
Klinik;Substantiv;fem.;die;0;B1;259;clinic/hospital;Er arbeitet in einer **Privatklinik**.;He works in a private **clinic**.;
klopfen;Verb;nan;nan;0;B1;997;to knock/beat/throb;Jemand klopft an die Tür.;Someone is **knocking** at the door.;
Kloß;Substantiv;mask.;der;0;B1;22;dumpling/lump;Ich esse gerne Klöße.;I like eating **dumplings**.;
klären;Verb;nan;nan;0;B1;777;to clarify/clear up/resolve;Wir müssen das Missverständnis **klären**.;We must **clarify** (clear up) the misunderstanding.;
knapp;Adjektiv;nan;nan;0;B1;1027;scarce/tight/just/almost;Das Geld ist **knapp**.;Money is **scarce** (tight).;
Kneipe;Substantiv;fem.;die;0;B1;207;pub/bar;Wir gehen in die **Kneipe**.;We are going to the **pub**.;
Knie;Substantiv;neutr.;das;0;B1;699;knee;Mein **Knie** tut weh.;My **knee** hurts.;
Knochen;Substantiv;mask.;der;0;B1;554;bone;Der Hund kaut einen **Knochen**.;The dog is chewing a **bone**.;
Knopf;Substantiv;mask.;der;0;B1;128;button/knob;Der **Knopf** ist abgefallen.;The **button** fell off.;
Knödel;Substantiv;mask.;der;0;B1;39;dumpling;Möchtest du noch einen **Knödel**?;Would you like another **dumpling**?;
Koch;Substantiv;mask.;der;0;B1;340;cook/chef;Er ist ein ausgezeichneter **Koch**.;He is an excellent **cook**.;male
Kommunikation;Substantiv;fem.;die;0;B1;446;communication;Gute **Kommunikation** ist wichtig.;Good **communication** is important.;
komplett;Adjektiv;nan;nan;0;B1;473;complete/entirely/total;Die Wohnung ist **komplett** renoviert.;The apartment is **completely** renovated.;k-
kompliziert;partizipiales Adjektiv;nan;nan;0;B1;368;complicated/complex;Das ist eine **komplizierte** Aufgabe.;This is a **complicated** task.;
Kompromiss;Substantiv;mask., neutr.;der;0;B1;83;compromise;Wir haben einen **Kompromiss** gefunden.;We found a **compromise**.;
Konferenz;Substantiv;fem.;die;0;B1;211;conference;Die **Konferenz** findet in Berlin statt.;The **conference** is taking place in Berlin.;
Konfitüre;Substantiv;fem.;die;0;B1;23;jam/marmalade;Ich mag **Konfitüre** auf dem Brot.;I like **jam** on my bread.;
Konflikt;Substantiv;mask.;der;0;B1;606;conflict/clash;Es gibt einen **Konflikt** zwischen ihnen.;There is a **conflict** between them.;
Konkurrenz;Substantiv;fem.;die;0;B1;218;competition/rivalry;Die **Konkurrenz** ist sehr groß.;The **competition** is very great.;
Konsulat;Substantiv;neutr.;das;0;B1;58;consulate;Ich muss zum **Konsulat** gehen.;I have to go to the **consulate**.;
Konsum;Substantiv;mask.;der;0;B1;194;consumption;Der **Konsum** von Tabak ist gesundheitsschädlich.;The **consumption** of tobacco is harmful to health.;
konsumieren;Verb;nan;nan;0;B1;216;to consume/use;Wir **konsumieren** zu viel Energie.;We **consume** too much energy.;
Kontrolle;Substantiv;fem.;die;0;B1;632;control;Die **Kontrolle** verlief reibungslos.;The **check** (inspection) went smoothly.;
konzentrieren;Verb;nan;nan;0;B1;481;to concentrate/focus;Ich muss mich auf die Arbeit **konzentrieren**.;I need to **concentrate** on work.;
Kopie;Substantiv;fem.;die;0;B1;181;copy/photocopy/duplicate;Kannst du mir eine **Kopie** machen?;Can you make me a **copy**?;
kopieren;Verb;nan;nan;0;B1;161;to copy/photocopy;Ich muss dieses Dokument **kopieren**.;I need to **copy** this document.;
Kopierer;Substantiv;mask.;der;0;B1;18;copier/photocopier;Der **Kopierer** ist im Moment kaputt.;The **copier** is broken at the moment.;
korrekt;Adjektiv;nan;nan;0;B1;349;correct/right/properly;Ihre Antwort ist absolut **korrekt**.;Your answer is absolutely **correct**.;
Korridor;Substantiv;mask.;der;0;B1;95;corridor;Der **Korridor** führt zum Ausgang.;The **corridor** (hallway) leads to the exit.;
korrigieren;Verb;nan;nan;0;B1;181;to correct/marking/adjust;Der Lehrer korrigiert die Prüfungen.;The teacher is **correcting** the exams.;
Kosten;Substantiv;nan;nan;1;B1;6450;costs/expense/price;Die **Kosten** für die Reise sind hoch.;The **costs** for the trip are high.;
Kostüm;Substantiv;neutr.;das;0;B1;129;costume/suit;Sie trägt ein schönes **Kostüm**.;She is wearing a beautiful **costume** (suit).;women
Kraft;Substantiv;fem.;die;0;B1;1684;strength/power/force;Er hat viel **Kraft** in den Armen.;He has a lot of **strength** in his arms.;
Kraftfahrzeug;Substantiv;neutr.;das;0;B1;293;motor vehicle;Das Parken von **Kraftfahrzeugen** ist hier verboten.;Parking of **motor vehicles** is prohibited here.;
Kraftwerk;Substantiv;neutr.;das;0;B1;169;power plant/station;Das **Kraftwerk** liefert Strom für die Stadt.;The **power plant** provides electricity for the city.;
Kranke;Substantiv;fem., mask.;die, der;0;B1;306;sick person/patient;Die **Krankenhäuser** kümmern sich um die **Kranken.**;The hospitals take care of the **sick**.;
Krankenpfleger;Substantiv;mask.;der;0;B1;24;male nurse;Er arbeitet als **Krankenpfleger**.;He works as a **male nurse**.;
Krankenschwester;Substantiv;fem.;die;0;B1;84;nurse;Die **Krankenschwester** misst das Fieber.;The **nurse** is taking the temperature.;
Krankenwagen;Substantiv;mask.;der;0;B1;3;ambulance;Rufen Sie schnell einen **Krankenwagen**!;Call an **ambulance** quickly!;
kreativ;Adjektiv;nan;nan;0;B1;175;creative;Kinder sind oft sehr **kreativ**.;Children are often very **creative**.;
Kreis;Substantiv;mask.;der;0;B1;1247;circle/district;Zeichnen Sie bitte einen **Kreis**.;Please draw a **circle**.;
Kreuz;Substantiv;neutr.;das;0;B1;919;cross;Auf dem Gipfel steht ein großes **Kreuz**.;There is a large **cross** at the peak.;
Krieg;Substantiv;mask.;der;0;B1;12769;war;Der **Krieg** dauerte viele Jahre.;The **war** lasted many years.;
Kriminalpolizei;Substantiv;fem.;die;0;B1;45;criminal investigation department;Die **Kriminalpolizei** untersucht den Fall.;The **criminal investigation department** is investigating the case.;Kripo
Krise;Substantiv;fem.;die;0;B1;433;crisis;Wir befinden uns in einer wirtschaftlichen **Krise**.;We are in an economic **crisis**.;
Kritik;Substantiv;fem.;die;0;B1;559;criticism/review;Er kann keine **Kritik** vertragen.;He cannot handle **criticism**.;
kritisch;Adjektiv;nan;nan;0;B1;698;critical;Die Lage ist momentan sehr **kritisch**.;The situation is very **critical** at the moment.;
kritisieren;Verb;nan;nan;0;B1;497;to criticize/find fault with;Es ist leicht, andere zu **kritisieren**.;It is easy to **criticize** others.;
kräftig;Adjektiv;nan;nan;0;B1;650;strong/powerful/robust;Er gab mir einen **kräftigen** Händedruck.;He gave me a **strong** handshake.;k-
Kuli;Substantiv;mask.;der;0;B1;28;ballpoint pen/pen;Hast du einen **Kuli** für mich?;Do you have a **ballpoint pen** for me?;
Kunststoff;Substantiv;mask.;der;0;B1;576;synthetic material;Die Flasche ist aus **Kunststoff**.;The bottle is made of **plastic**.;
Kursleiter;Substantiv;mask.;der;0;B1;7;course instructor;Der **Kursleiter** erklärt die Grammatik.;The **course instructor** explains the grammar.;male
Kursleiterin;Substantiv;fem.;die;0;B1;7;course instructor;Unsere **Kursleiterin** ist sehr kompetent.;Our (female) **course instructor** is very competent.;female
Kurve;Substantiv;fem.;die;0;B1;362;curve/bend/turn;Fahren Sie vorsichtig in der **Kurve**.;Drive carefully on the **curve** (bend).;
Kuss;Substantiv;mask.;der;0;B1;68;kiss;Sie gab ihm einen **Kuss** auf die Wange.;She gave him a **kiss** on the cheek.;
Kuvert;Substantiv;neutr.;das;0;B1;26;envelope;Ich brauche ein **Kuvert** für den Brief.;I need an **envelope** for the letter.;
Kälte;Substantiv;fem.;die;0;B1;370;cold/chilliness;Ich mag die **Kälte** im Winter nicht.;I don't like the **cold** in winter.;
kämpfen;Verb;nan;nan;0;B1;7612;to fight/struggle;Wir müssen für unsere Rechte **kämpfen**.;We must **fight** for our rights.;
Käufer;Substantiv;mask.;der;0;B1;179;buyer/customer;Es gibt viele **Käufer** für das Haus.;There are many **buyers** for the house.;male
Käuferin;Substantiv;fem.;die;0;B1;16;buyer/customer;Sie ist eine **Stammkäuferin** hier.;She is a regular (female) **customer** (buyer) here.;female
Köchin;Substantiv;fem.;die;0;B1;88;cook/chef;Die **Köchin** bereitet das Abendessen vor.;The (female) **cook** is preparing dinner.;female
König;Substantiv;mask.;der;0;B1;1346;king;Der **König** begrüßt sein Volk.;The **king** greets his people.;
körperlich;Adjektiv;nan;nan;0;B1;1463;physical/bodily;Regelmäßige Bewegung ist gut für die **körperliche** Gesundheit.;Regular exercise is good for **physical** health.;
Kündigung;Substantiv;fem.;die;0;B1;107;notice/termination/resignation;Ich habe meine **Kündigung** eingereicht.;I have submitted my **resignation** (notice).;
Künstler;Substantiv;mask.;der;0;B1;635;artist;Er ist ein bekannter **Künstler**.;He is a well-known **artist**.;male
Künstlerin;Substantiv;fem.;die;0;B1;95;artist;Die **Künstlerin** stellt ihre Bilder aus.;The (female) **artist** is exhibiting her paintings.;female
künstlich;Adjektiv;nan;nan;0;B1;1358;artificial/man-made;Die Blumen sind **künstlich**.;The flowers are **artificial**.;
kürzlich;Adjektiv;nan;nan;0;B1;297;recently/lately;Ich habe ihn erst **kürzlich** gesehen.;I only saw him **recently**.;
küssen;Verb;nan;nan;0;B1;109;to kiss;Sie **küssen** sich zum Abschied.;They **kiss** each other goodbye.;
Küste;Substantiv;fem.;die;0;B1;647;coast/shore;Wir machen Urlaub an der **Küste**.;We are going on vacation to the **coast**.;
Lage;Substantiv;fem.;die;0;B1;1404;situation/location/position;Das Hotel hat eine ruhige **Lage**.;The hotel has a quiet **location**.;l-
Lager;Substantiv;neutr.;das;0;B1;1542;warehouse/camp/storage;Die Waren liegen im **Lager**.;The goods are in the **warehouse**.;
landen;Verb;nan;nan;0;B1;1138;to land/alight;Das Flugzeug wird bald **landen**.;The plane will **land** soon.;
Landung;Substantiv;fem.;die;0;B1;123;landing;Die **Landung** war sehr sanft.;The **landing** was very smooth.;
Landwirtschaft;Substantiv;fem.;die;0;B1;464;agriculture/farming;In dieser Region ist die **Landwirtschaft** wichtig.;**Agriculture** is important in this region.;
Langeweile;Substantiv;fem.;die;0;B1;72;boredom;Mir ist vor **Langeweile** fast eingeschlafen.;I almost fell asleep out of **boredom**.;
Langweile;Substantiv;fem.;die;0;B1;nan;boredom;Er klagt oft über **Langweile**.;He often complains of **boredom**.;variant
langweilen;Verb;nan;nan;0;B1;60;to bore/be bored;Der Film langweilt mich.;The movie **bores** me.;
Laster;Substantiv;mask.;der;0;B1;103;truck/vice;Der **Laster** versperrt die Straße.;The **truck** (lorry) is blocking the road.;lorry
Laufwerk;Substantiv;neutr.;das;0;B1;32;drive/disk drive;Legen Sie die CD in das **Laufwerk**.;Put the CD in the **drive**.;
Laune;Substantiv;fem.;die;0;B1;171;mood/temper;Heute habe ich gute **Laune**.;Today I am in a good **mood**.;la-
Lautsprecher;Substantiv;mask.;der;0;B1;128;loudspeaker/speaker;Die Musik kommt aus den **Lautsprechern.**;The music is coming from the **loudspeakers**.;
Lebenslauf;Substantiv;mask.;der;0;B1;65;CV/resume/curriculum vitae;Bitte schicken Sie uns Ihren **Lebenslauf**.;Please send us your **CV** (resume).;
lecker;Adjektiv;nan;nan;0;B1;201;delicious/tasty;Das Essen war sehr **lecker**.;The food was very **delicious**.;
Leder;Substantiv;neutr.;das;0;B1;371;leather;Die Schuhe sind aus echtem **Leder**.;The shoes are made of real **leather**.;
Lehre;Substantiv;fem.;die;0;B1;798;apprenticeship/lesson/theory;Er macht eine **Lehre** als Mechatroniker.;He is doing an **apprenticeship** as a mechatronics technician.;
Lehrerin;Substantiv;fem.;die;0;B1;260;teacher;Unsere **Lehrerin** ist sehr geduldig.;Our (female) **teacher** is very patient.;female
Lehrling;Substantiv;mask.;der;0;B1;115;apprentice/trainee;Der neue **Lehrling** beginnt heute.;The new **apprentice** starts today.;male
Lehrstelle;Substantiv;fem.;die;0;B1;22;apprenticeship position;Er sucht eine **Lehrstelle** als Koch.;He is looking for an **apprenticeship position** as a cook.;
leiden;Verb;nan;nan;0;B1;2083;to suffer/endure;Er leidet an einer Allergie.;He **suffers** from an allergy.;
leisten;Verb;nan;nan;0;B1;1982;to afford/achieve/perform;Das kann ich mir nicht **leisten**.;I cannot **afford** that.;
Leistung;Substantiv;fem.;die;0;B1;1218;performance/achievement/benefit;Das war eine hervorragende **Leistung**.;That was an outstanding **performance**.;l-
leiten;Verb;nan;nan;0;B1;10132;to lead/manage/conduct;Wer leitet die Abteilung?;Who **leads** (manages) the department?;l-
Leiter;Substantiv;mask.;der;0;B1;601;manager/conductor/ladder;Er ist der **Leiter** des Projekts.;He is the **manager** (leader) of the project.;male
Leiterin;Substantiv;fem.;die;0;B1;149;manager/leader;Frau Schmidt ist die neue **Leiterin**.;Ms. Schmidt is the new (female) **manager**.;female
Leitung;Substantiv;fem.;die;0;B1;498;management/pipe/lead;Die **Leitung** der Firma ist zufrieden.;The **management** of the company is satisfied.;
Lerner;Substantiv;mask.;der;0;B1;21;learner/student;Er ist ein fleißiger **Lerner**.;He is a hard-working **learner**.;male
Lernerin;Substantiv;fem.;die;0;B1;6;learner/student;Sie ist eine begeisterte **Lernerin**.;She is an enthusiastic (female) **learner**.;female
Leser;Substantiv;mask.;der;0;B1;439;reader;Der Artikel hat viele **Leser**.;The article has many **readers**.;male
Leserin;Substantiv;fem.;die;0;B1;21;reader;Sie ist eine treue **Leserin** unserer Zeitung.;She is a loyal (female) **reader** of our newspaper.;female
Lexikon;Substantiv;neutr.;das;0;B1;139;lexicon/encyclopedia;Ich schlage das Wort im **Lexikon** nach.;I'm looking up the word in the **lexicon** (encyclopedia).;
Lieferung;Substantiv;fem.;die;0;B1;164;delivery/supply;Die **Lieferung** erfolgt innerhalb von drei Tagen.;**Delivery** takes place within three days.;
Lift;Substantiv;mask.;der;0;B1;60;lift/elevator;Der **Lift** ist außer Betrieb.;The **lift** (elevator) is out of order.;
Limonade;Substantiv;fem.;die;0;B1;69;lemonade;Möchten Sie eine kühle **Limonade**?;Would you like a cool **lemonade**?;
Linie;Substantiv;fem.;die;0;B1;1125;line/route/file;Ziehen Sie eine gerade **Linie**.;Draw a straight **line**.;l-
link;Adjektiv;nan;nan;0;B1;109;left;Mein **linker** Arm tut weh.;My **left** arm hurts.;
Lippe;Substantiv;fem.;die;0;B1;431;lip;Ich habe mir auf die **Lippe** gebissen.;I bit my **lip**.;
Liste;Substantiv;fem.;die;0;B1;608;list;Dein Name steht auf der **Liste**.;Your name is on the **list**.;
Literatur;Substantiv;fem.;die;0;B1;684;literature;Er studiert deutsche **Literatur**.;He is studying German **literature**.;
loben;Verb;nan;nan;0;B1;815;to praise;Der Chef lobt seine Mitarbeiter.;The boss **praises** his employees.;
Loch;Substantiv;neutr.;das;0;B1;1315;hole;In meiner Socke ist ein **Loch**.;There is a **hole** in my sock.;
locker;Adjektiv;nan;nan;0;B1;993;loose/relaxed/casual;Die Schraube ist **locker**.;The screw is **loose**.;
Lohn;Substantiv;mask.;der;0;B1;265;wage/salary/reward;Er bekommt einen guten **Lohn**.;He gets a good **wage**.;
lohnen;Verb;nan;nan;0;B1;193;to be worth it/pay;Es lohnt sich nicht zu warten.;It's not **worth it** to wait.;
los;Adverb;nan;nan;0;B1;2560;off/going on/loose;Was ist hier **los**?;What is **going on** here?;
losfahren;Verb;nan;nan;0;B1;74;to set off/drive off;Wir müssen jetzt **losfahren**.;We have to **set off** (drive off) now.;
Luft;Substantiv;fem.;die;0;B1;4926;air;Ich brauche frische **Luft**.;I need fresh **air**.;
lächeln;Verb;nan;nan;0;B1;911;to smile;Sie lächelt mich immer an.;She always **smiles** at me.;
Länge;Substantiv;fem.;die;0;B1;666;length/duration;Die **Länge** des Tisches ist zwei Meter.;The **length** of the table is two meters.;
längst;Adverb;nan;nan;0;B1;772;long ago/for a long time;Das wusste ich schon **längst**.;I knew that **long ago**.;
Lärm;Substantiv;mask.;der;0;B1;309;noise;Der **Lärm** auf der Straße ist laut.;The **noise** on the street is loud.;
löschen;Verb;nan;nan;0;B1;770;to delete/extinguish/put out;Bitte **löschen** Sie die Datei.;Please **delete** the file.;
lösen;Verb;nan;nan;0;B1;7611;to solve/loosen/buy;Wir müssen das Rätsel **lösen**.;We must **solve** the puzzle.;ticket
Magazin;Substantiv;neutr.;das;0;B1;148;magazine/warehouse/periodical;Ich lese dieses **Magazin** jede Woche.;I read this **magazine** every week.;m-
mager;Adjektiv;nan;nan;0;B1;308;lean/thin/skinny;Das Fleisch ist sehr **mager**.;The meat is very **lean**.;
Mahlzeit;Substantiv;fem.;die;0;B1;253;meal/lunchtime;Lass uns eine gemeinsame **Mahlzeit** einnehmen.;Let's have a **meal** together.;
Mahnung;Substantiv;fem.;die;0;B1;60;reminder/warning/formal notice;Ich habe eine **Mahnung** erhalten.;I received a **formal notice** (reminder).;
Mal;Substantiv;neutr.;das;0;B1;234;time/mark;Wir sehen uns beim nächsten **Mal**.;We'll see each other next **time**.;
Maler;Substantiv;mask.;der;0;B1;271;painter/artist;Der **Maler** streicht die Wände.;The **painter** is painting the walls.;male
Malerin;Substantiv;fem.;die;0;B1;26;painter/artist;Sie ist eine begabte **Malerin**.;She is a gifted (female) **painter**.;female
Mangel;Substantiv;mask.;der;0;B1;508;lack/shortage/deficiency;Es herrscht ein **Mangel** an Fachkräften.;There is a **lack** of skilled workers.;
Mappe;Substantiv;fem.;die;0;B1;96;folder/briefcase/portfolio;Stecken Sie die Unterlagen in die **Mappe**.;Put the documents into the **folder**.;
Margarine;Substantiv;fem.;die;0;B1;30;margarine;Ich benutze **Margarine** statt Butter.;I use **margarine** instead of butter.;
Marille;Substantiv;fem.;die;0;B1;30;apricot;Ich mag Kuchen mit **Marillen.**;I like cake with **apricots**.;Austrian
Marke;Substantiv;fem.;die;0;B1;581;brand/mark/stamp;Welche **Marke** bevorzugst du?;Which **brand** do you prefer?;
markieren;Verb;nan;nan;0;B1;382;to mark/highlight;**Markieren** Sie bitte die wichtigsten Stellen.;Please **mark** (highlight) the most important parts.;
Marmelade;Substantiv;fem.;die;0;B1;119;jam/marmalade;Ich esse gerne Brot mit **Marmelade**.;I like eating bread with **jam**.;
Material;Substantiv;neutr.;das;0;B1;1574;material/substance;Aus welchem **Material** ist das?;What **material** is this made of?;m-
Matura;Substantiv;fem.;die;0;B1;27;graduation;Nach der **Matura** will er studieren.;He wants to study after **graduation** (Matura).;Austria/Swiss equivalent to Abitur
Mauer;Substantiv;fem.;die;0;B1;729;wall;Die **Mauer** ist sehr alt.;The **wall** is very old.;m-
maximal;Adjektiv;nan;nan;0;B1;332;maximum/maximal;Die **maximale** Geschwindigkeit beträgt 50 km/h.;The **maximum** speed is 50 km/h.;
Mechaniker;Substantiv;mask.;der;0;B1;64;mechanic;Der **Mechaniker** repariert das Auto.;The **mechanic** is repairing the car.;male
Mechanikerin;Substantiv;fem.;die;0;B1;6;mechanic;Sie ist eine erfahrene **Mechanikerin**.;She is an experienced (female) **mechanic**.;female
Medium;Substantiv;neutr.;das;0;B1;1196;medium;Das Internet ist ein wichtiges **Medium**.;The internet is an important **medium**.;
Medizin;Substantiv;fem.;die;0;B1;397;medicine;Sie studiert **Medizin** in Berlin.;She is studying **medicine** in Berlin.;
Mehl;Substantiv;neutr.;das;0;B1;328;flour;Ich brauche **Mehl** für den Kuchen.;I need **flour** for the cake.;
mehrere;Indefinitpronomen;nan;nan;0;B1;7630;several/multiple;Ich habe **mehrere** Fragen.;I have **several** questions.;
Mehrheit;Substantiv;fem.;die;0;B1;446;majority/bulk;Die **Mehrheit** stimmte dafür.;The **majority** voted in favor.;
Mehrwertsteuer;Substantiv;fem.;die;0;B1;55;value added tax;Der Preis ist inklusive **Mehrwertsteuer**.;The price includes **VAT**.;VAT
meinetwegen;Pronominaladverb;nan;nan;0;B1;19;for my sake/as far as I'm concerned;**Meinetwegen** können wir gehen.;**As far as I'm concerned**, we can go.;
Meister;Substantiv;mask.;der;0;B1;470;master/champion;Er ist ein **Meister** seines Fachs.;He is a **master** of his trade.;male
melden;Verb;nan;nan;0;B1;3939;to report/register/get in touch;Bitte **melden** Sie sich im Büro.;Please **report** to the office.;m-
Meldung;Substantiv;fem.;die;0;B1;182;report/message/notification;Wir haben die **Meldung** erhalten.;We received the **report**.;m-
Mensa;Substantiv;fem.;die;0;B1;99;cafeteria/refectory;Wir essen in der **Mensa**.;We eat in the **cafeteria**.;university
menschlich;Adjektiv;nan;nan;0;B1;6846;human;Das ist ein **menschliches** Versagen.;That is a **human** error.;
Menü;Substantiv;neutr.;das;0;B1;80;menu;Was steht heute auf dem **Menü**?;What is on the **menu** today?;m-
merkwürdig;Adjektiv;nan;nan;0;B1;286;strange/odd/peculiar;Das ist ein **merkwürdiger** Zufall.;That is a **strange** coincidence.;m-
messen;Verb;nan;nan;0;B1;2457;to measure/compare;Ich muss die Länge **messen**.;I need to **measure** the length.;
Metall;Substantiv;neutr.;das;0;B1;855;metal;Der Tisch ist aus **Metall**.;The table is made of **metal**.;
Methode;Substantiv;fem.;die;0;B1;958;method/way;Welche **Methode** ist am besten?;Which **method** is best?;
Metropole;Substantiv;fem.;die;0;B1;130;metropolis;Berlin ist eine internationale **Metropole**.;Berlin is an international **metropolis**.;
Metzger;Substantiv;mask.;der;0;B1;95;butcher;Ich kaufe das Fleisch beim **Metzger**.;I buy the meat at the **butcher's**.;
Mieter;Substantiv;mask.;der;0;B1;191;tenant/renter;Der **Mieter** bezahlt pünktlich.;The **tenant** pays on time.;male
Mieterin;Substantiv;fem.;die;0;B1;19;tenant/renter;Die **Mieterin** ist ausgezogen.;The (female) **tenant** has moved out.;female
Migrant;Substantiv;mask.;der;0;B1;135;migrant;Er ist ein **Migrant** aus Italien.;He is a **migrant** from Italy.;male
Migrantin;Substantiv;fem.;die;0;B1;7;migrant;Sie arbeitet mit **Migrantinnen.**;She works with (female) **migrants**.;female
Migration;Substantiv;fem.;die;0;B1;76;migration;**Migration** ist ein weltweites Phänomen.;**Migration** is a worldwide phenomenon.;
mild;Adjektiv;nan;nan;0;B1;179;mild/gentle/mild;Das Wetter ist heute **mild**.;The weather is **mild** today.;weather
Minderheit;Substantiv;fem.;die;0;B1;216;minority;Die Rechte der **Minderheiten** müssen geschützt werden.;The rights of **minorities** must be protected.;
minimal;Adjektiv;nan;nan;0;B1;388;minimal;Der Aufwand ist **minimal**.;The effort is **minimal**.;
mischen;Verb;nan;nan;0;B1;2820;to mix;**Mischen** Sie alle Zutaten.;**Mix** all the ingredients.;
miss-;Affix;nan;nan;0;B1;1;mis-/dis-;Er hat mich missverstanden.;He **mis**understood me.;
Mitarbeiterin;Substantiv;fem.;die;0;B1;114;employee/coworker;Sie ist eine fleißige **Mitarbeiterin**.;She is a hard-working (female) **employee**.;female
miteinander;Adverb;nan;nan;0;B1;1984;with each other;Wir müssen **miteinander** reden.;We must talk **together** (with each other).;
Mitglied;Substantiv;neutr.;das;0;B1;1691;member;Er ist ein **Mitglied** des Vereins.;He is a **member** of the club.;
mitteilen;Verb;nan;nan;0;B1;522;to inform/communicate/tell;Bitte **teilen** Sie mir Ihre Entscheidung **mit.**;Please **inform** (tell) me of your decision.;m-
mitten;Adverb;nan;nan;0;B1;530;in the middle;Das Haus steht **mitten** im Wald.;The house is **in the middle** of the forest.;
mittler;Adjektiv;nan;nan;0;B1;89;middle/average/central;Er hat eine **mittlere** Reife.;He has a **middle** school certificate.;
mittlerweile;Adverb;nan;nan;0;B1;634;meanwhile/by now;**Mittlerweile** ist es dunkel.;**Meanwhile** (By now), it has become dark.;m-
mobil;Adjektiv;nan;nan;0;B1;132;mobile;Wir müssen beruflich **mobil** sein.;We need to be **mobile** professionally.;
Mobilbox;Substantiv;fem.;die;0;B1;nan;voicemail/answering machine;Bitte sprechen Sie auf meine **Mobilbox**.;Please leave a message on my **voicemail**.;
Mobilität;Substantiv;fem.;die;0;B1;73;mobility;Die **Mobilität** in der Stadt ist wichtig.;**Mobility** in the city is important.;
Modell;Substantiv;neutr.;das;0;B1;708;model;Das ist ein neues **Modell**.;This is a new **model**.;
Mond;Substantiv;mask.;der;0;B1;413;moon;Der **Mond** scheint hell.;The **moon** is shining brightly.;
Monitor;Substantiv;mask.;der;0;B1;85;monitor/screen;Ich brauche einen größeren **Monitor**.;I need a larger **monitor**.;
Motorrad;Substantiv;neutr.;das;0;B1;168;motorcycle/motorbike;Er fährt gerne **Motorrad**.;He likes riding a **motorcycle**.;
musikalisch;Adjektiv;nan;nan;0;B1;301;musical;Sie ist sehr **musikalisch**.;She is very **musical**.;
Musiker;Substantiv;mask.;der;0;B1;335;musician;Er ist ein professioneller **Musiker**.;He is a professional **musician**.;male
Musikerin;Substantiv;fem.;die;0;B1;27;musician;Sie ist eine bekannte **Musikerin**.;She is a well-known (female) **musician**.;female
Muskel;Substantiv;mask.;der;0;B1;416;muscle;Er trainiert seine **Muskeln.**;He is training his **muscles**.;
Mut;Substantiv;mask.;der;0;B1;275;courage/confidence;Man braucht **Mut** für diese Aufgabe.;You need **courage** for this task.;
mutig;Adjektiv;nan;nan;0;B1;223;brave/courageous;Das war eine **mutige** Entscheidung.;That was a **brave** decision.;
Muttersprache;Substantiv;fem.;die;0;B1;207;native language/mother tongue;Was ist deine **Muttersprache**?;What is your **native language**?;
Märchen;Substantiv;neutr.;das;0;B1;183;fairy tale;Erzähl mir ein **Märchen**.;Tell me a **fairy tale**.;
möbliert;partizipiales Adjektiv;nan;nan;0;B1;nan;furnished;Ich suche ein **möbliertes** Zimmer.;I'm looking for a **furnished** room.;
möglicherweise;Adverb;nan;nan;0;B1;402;possibly/maybe;**Möglicherweise** kommen wir später.;**Possibly** (Maybe) we will come later.;
Möglichkeit;Substantiv;fem.;die;0;B1;1568;possibility/opportunity/chance;Gibt es eine andere **Möglichkeit**?;Is there another **possibility**?;
möglichst;Adverb;nan;nan;0;B1;852;as... as possible;Komm bitte **möglichst** bald.;Please come **as** soon **as possible**.;
Möhre;Substantiv;fem.;die;0;B1;nan;carrot;Hasen fressen gerne **Möhren.**;Rabbits like eating **carrots**.;
Müesli;Substantiv;neutr.;das;0;B1;10;muesli/granola;Ich esse **Müesli** zum Frühstück.;I eat **muesli** for breakfast.;Swiss
Mühe;Substantiv;fem.;die;0;B1;489;effort/trouble;Das hat viel **Mühe** gekostet.;That took a lot of **effort**.;
Müllabfuhr;Substantiv;fem.;die;0;B1;35;garbage collection;Wann kommt die **Müllabfuhr**?;When does the **garbage collection** come?;
Mülltonne;Substantiv;fem.;die;0;B1;19;garbage can/dustbin;Die **Mülltonne** ist voll.;The **garbage can** (dustbin) is full.;
mündlich;Adjektiv;nan;nan;0;B1;220;oral/verbal;Wir haben eine **mündliche** Prüfung.;We have an **oral** exam.;
Münze;Substantiv;fem.;die;0;B1;539;coin;Ich habe eine **Münze** gefunden.;I found a **coin**.;
Müsli;Substantiv;neutr.;das;0;B1;29;muesli/cereal;Möchtest du **Müsli**?;Would you like some **muesli** (cereal)?;
nachdem;Konjunktion;nan;nan;0;B1;2085;after;**Nachdem** er gegessen hatte, ging er.;**After** he had eaten, he left.;
nachdenken;Verb;nan;nan;0;B1;344;to think/ponder/reflect;Ich muss darüber **nachdenken**.;I need to **think** (ponder) about it.;
Nachfrage;Substantiv;fem.;die;0;B1;363;demand/inquiry;Die **Nachfrage** nach Bio-Produkten steigt.;The **demand** for organic products is increasing.;f-
nachher;Adverb;nan;nan;0;B1;164;afterwards/later;Wir sehen uns **nachher**.;We'll see each other **afterwards** (later).;n-
Nachhilfe;Substantiv;fem.;die;0;B1;31;tutoring/extra assistance;Er gibt **Nachhilfe** in Mathematik.;He gives **tutoring** in mathematics.;
nachschlagen;Verb;nan;nan;0;B1;122;to look up/consult;**Schlag** das Wort im Wörterbuch **nach.**;**Look up** the word in the dictionary.;
Nachspeise;Substantiv;fem.;die;0;B1;46;dessert;Was gibt es als **Nachspeise**?;What is for **dessert**?;
Nacht;Substantiv;fem.;die;0;B1;3524;night;In der **Nacht** ist es kühl.;It is cool at **night**.;
Nachteil;Substantiv;mask.;der;0;B1;264;disadvantage/drawback;Das ist ein großer **Nachteil**.;That is a major **disadvantage**.;
Nachwuchs;Substantiv;mask.;der;0;B1;132;offspring/children/young talent;Die Familie hat **Nachwuchs** bekommen.;The family has had an **offspring** (children).;
Nadel;Substantiv;fem.;die;0;B1;223;needle/pin;Ich brauche eine **Nadel** und einen Faden.;I need a **needle** and a thread.;
Nagel;Substantiv;mask.;der;0;B1;195;nail;Schlag den **Nagel** in die Wand.;Hit the **nail** into the wall.;
nah;Adjektiv;nan;nan;0;B1;4514;near/close;Das Geschäft ist ganz **nah**.;The shop is very **near** (close).;
nahe;Adjektiv;nan;nan;0;B1;1;near/close;Er wohnt ganz **nahe** bei mir.;He lives very **near** (close) to me.;
Nahrungsmittel;Substantiv;neutr.;das;0;B1;314;food/foodstuff;Gesunde **Nahrungsmittel** sind wichtig.;Healthy **food** is important.;
Nase;Substantiv;fem.;die;0;B1;859;nose;Meine **Nase** läuft.;My **nose** is running.;
national;Adjektiv;nan;nan;0;B1;2162;national;Das ist ein **nationales** Problem.;That is a **national** problem.;
Nebel;Substantiv;mask.;der;0;B1;300;fog/mist;Im **Nebel** sieht man kaum etwas.;You can hardly see anything in the **fog**.;
nebenbei;Adverb;nan;nan;0;B1;115;incidentally/by the way/on the side;Er erwähnte es nur **nebenbei**.;He only mentioned it **incidentally**.;
Neffe;Substantiv;mask.;der;0;B1;41;nephew;Mein **Neffe** ist sieben Jahre alt.;My **nephew** is seven years old.;
negativ;Adjektiv;nan;nan;0;B1;1007;negative;Das Ergebnis war **negativ**.;The result was **negative**.;
Nerv;Substantiv;mask.;der;0;B1;992;nerve;Er hat starke **Nerven.**;He has strong **nerves**.;
Netz;Substantiv;neutr.;das;0;B1;648;net/network/web;Die Fischer werfen ihre **Netze** aus.;The fishermen are throwing out their **nets**.;
Netzwerk;Substantiv;neutr.;das;0;B1;317;network;Das soziale **Netzwerk** wächst schnell.;The social **network** is growing quickly.;
neugierig;Adjektiv;nan;nan;0;B1;222;curious/inquisitive;Kinder sind oft sehr **neugierig**.;Children are often very **curious**.;n-
Neuigkeit;Substantiv;fem.;die;0;B1;79;news/novelty;Ich habe eine gute **Neuigkeit** für dich.;I have some good **news** for you.;
neulich;Adverb;nan;nan;0;B1;96;the other day/recently/lately;Ich habe ihn **neulich** getroffen.;I met him **the other day**.;
Nichte;Substantiv;fem.;die;0;B1;nan;niece;Meine **Nichte** studiert in Wien.;My **niece** is studying in Vienna.;
Nichtraucher;Substantiv;mask., neutr.;der, das;0;B1;28;non-smoker;Das ist ein Abteil für **Nichtraucher**.;This is a compartment for **non-smokers**.;
Nichtraucherin;Substantiv;fem.;die;0;B1;7;non-smoker;Sie ist eine überzeugte **Nichtraucherin**.;She is a convinced (female) **non-smoker**.;female
niedrig;Adjektiv;nan;nan;0;B1;1060;low;Der Tisch ist sehr **niedrig**.;The table is very **low**.;
nirgendwo;Adverb;nan;nan;0;B1;106;nowhere;Ich konnte meinen Schlüssel **nirgendwo** finden.;I couldn't find my key **nowhere** (anywhere).;
noch mal;Adverb;nan;nan;0;B1;nan;once more/again;Kannst du das **noch mal** sagen?;Can you say that **once more**?;
nochmal;Adverb;nan;nan;0;B1;95;again/once more;Ich versuche es **nochmal**.;I'll try **again**.;
nochmals;Adverb;nan;nan;0;B1;159;once again/once more;Vielen Dank **nochmals**!;Thank you **once again**!;
Nordsee;Eigenname;fem.;die;0;B1;175;North Sea;Wir machen Urlaub an der **Nordsee**.;We're going on vacation to the **North Sea**.;
normalerweise;Adverb;nan;nan;0;B1;407;normally/usually;**Normalerweise** trinke ich Tee.;**Normally** I drink tea.;
Not;Substantiv;fem.;die;0;B1;899;need/emergency/distress;In der **Not** erkennt man seine Freunde.;You recognize your friends in times of **need**.;
Notaufnahme;Substantiv;fem.;die;0;B1;27;emergency room/ER;Er wurde in die **Notaufnahme** gebracht.;He was taken to the **emergency room**.;
Notausgang;Substantiv;mask.;der;0;B1;22;emergency exit;Wo ist der **Notausgang**?;Where is the **emergency exit**?;
Notfall;Substantiv;mask.;der;0;B1;112;emergency;Rufen Sie im **Notfall** den Arzt.;In an **emergency**, call the doctor.;
Notruf;Substantiv;mask.;der;0;B1;46;emergency call/number;Die Nummer für den **Notruf** ist 112.;The **emergency** number is 112.;
nun;Adverb;nan;nan;0;B1;9830;now;**Nun** ist es zu spät.;**Now** it is too late.;n-
nutzen;Verb;nan;nan;0;B1;6220;to use/utilize/benefit;Wir **nutzen** jede Gelegenheit.;We **use** every opportunity.;nu-
nähen;Verb;nan;nan;0;B1;491;to sew;Meine Mutter kann gut **nähen**.;My mother can **sew** well.;
nähern;Verb;nan;nan;0;B1;806;to approach/get closer;Wir **nähern** uns dem Ziel.;We are **approaching** the goal.;
nämlich;Konjunktion;nan;nan;0;B1;1225;namely/specifically/after all;Er kam zu spät;"He came late; he had overslept, **after all**.";
nötig;Adjektiv;nan;nan;0;B1;2079;necessary/needed;Das ist nicht **nötig**.;That is not **necessary**.;nö-
nützen;Verb;nan;nan;0;B1;316;to be useful/benefit/use;Das nützt mir gar nichts.;That's of no **use** to me at all.;-ü-
ob;Konjunktion;nan;nan;0;B1;8437;if/whether;Frag ihn **ob** er kommt.;Ask him **if** (whether) he's coming.;o-
Ober;Substantiv;mask.;der;0;B1;246;waiter;Herr **Ober**, die Rechnung bitte!;**Waiter**, the bill please!;male
ober-;Affix;nan;nan;0;B1;2;upper/top/superior;Das Obergeschoss ist renoviert.;The **upper** floor is renovated.;
Obers;Substantiv;neutr.;das;0;B1;1;cream;Möchten Sie **Obers** zum Kaffee?;Would you like **cream** with your coffee?;Austrian
obwohl;Konjunktion;nan;nan;0;B1;1671;although/though/even though;Er kam **obwohl** er krank war.;He came **although** he was sick.;
Ofen;Substantiv;mask.;der;0;B1;287;oven/stove/furnace;Der Kuchen ist im **Ofen**.;The cake is in the **oven**.;
offenbar;Adjektiv;nan;nan;0;B1;1095;obvious/apparent/evidently;Er hat **offenbar** keine Zeit.;He **evidently** (apparently) has no time.;
offiziell;Adjektiv;nan;nan;0;B1;1044;official;Das ist die **offizielle** Version.;That is the **official** version.;
Onkel;Substantiv;mask.;der;0;B1;384;uncle;Mein **Onkel** lebt in Berlin.;My **uncle** lives in Berlin.;
Oper;Substantiv;fem.;die;0;B1;247;opera;Wir gehen heute in die **Oper**.;We're going to the **opera** today.;
Operation;Substantiv;fem.;die;0;B1;490;operation/surgery;Die **Operation** ist gut verlaufen.;The **operation** went well.;
operieren;Verb;nan;nan;0;B1;1112;to operate/perform surgery;Der Arzt muss ihn **operieren**.;The doctor has to **operate** on him.;
Opfer;Substantiv;neutr.;das;0;B1;1050;victim/sacrifice;Es gab viele **Opfer** beim Unfall.;There were many **victims** in the accident.;
optimistisch;Adjektiv;nan;nan;0;B1;154;optimistic;Ich bin **optimistisch** für die Zukunft.;I am **optimistic** about the future.;
Orchester;Substantiv;neutr.;das;0;B1;202;orchestra;Das **Orchester** spielt sehr gut.;The **orchestra** plays very well.;
ordentlich;Adjektiv;nan;nan;0;B1;504;tidy/neat/orderly;Sein Zimmer ist immer **ordentlich**.;His room is always **tidy**.;
Ordination;Substantiv;fem.;die;0;B1;26;doctor's surgery/practice;Die **Ordination** ist heute geschlossen.;The **surgery** (practice) is closed today.;Austrian
ordnen;Verb;nan;nan;0;B1;2581;to organize/arrange/order;Bitte **ordnen** Sie die Dokumente.;Please **organize** (arrange) the documents.;-d-
Ordner;Substantiv;mask.;der;0;B1;12;folder/file/binder;Die Unterlagen liegen im **Ordner**.;The documents are in the **folder**.;
Organisation;Substantiv;fem.;die;0;B1;1229;organization;Sie arbeitet für eine internationale **Organisation**.;She works for an international **organization**.;
Original;Substantiv;neutr.;das;0;B1;302;original;Das ist kein **Original**, sondern eine Kopie.;This is not an **original**, but a copy.;o-
original;Adjektiv;nan;nan;0;B1;29;original;Das ist eine **originale** Verpackung.;This is an **original** package.;o-
Ostsee;Eigenname;fem.;die;0;B1;269;Baltic Sea;Wir fahren an die **Ostsee**.;We are going to the **Baltic Sea**.;
Ozean;Substantiv;mask.;der;0;B1;372;ocean;Der **Ozean** ist sehr tief.;The **ocean** is very deep.;
Panne;Substantiv;fem.;die;0;B1;76;breakdown/flat tire/glitch;Wir hatten eine **Panne** mit dem Auto.;We had a **breakdown** with the car.;
Paradeiser;Substantiv;mask.;der;0;B1;3;tomato;Ich kaufe frische **Paradeiser**.;I am buying fresh **tomatoes**.;Austrian
parallel;Adjektiv;nan;nan;0;B1;374;parallel;Die beiden Straßen verlaufen **parallel**.;The two streets run **parallel**.;
parkieren;Verb;nan;nan;0;B1;63;to park;Wo kann ich hier **parkieren**?;Where can I **park** here?;Swiss
Passagier;Substantiv;mask.;der;0;B1;304;passenger;Die **Passagiere** verlassen das Flugzeug.;The **passengers** are leaving the plane.;male
Passagierin;Substantiv;fem.;die;0;B1;38;passenger;Die **Passagierin** wartet am Gate.;The (female) **passenger** is waiting at the gate.;female
passiv;Adjektiv;nan;nan;0;B1;646;passive;Er verhält sich sehr **passiv**.;He is acting very **passive**.;
Patient;Substantiv;mask.;der;0;B1;2465;patient;Der **Patient** braucht Ruhe.;The **patient** needs rest.;male
Patientin;Substantiv;fem.;die;0;B1;102;patient;Die **Patientin** wird morgen entlassen.;The (female) **patient** will be discharged tomorrow.;female
pauschal;Adjektiv;nan;nan;0;B1;153;all-inclusive/flat/lump-sum;Wir haben eine **Pauschalreise** gebucht.;We booked an **all-inclusive** trip.;
Pech;Substantiv;neutr.;das;0;B1;109;bad luck/misfortune;So ein **Pech**!;What **bad luck**!;
peinlich;Adjektiv;nan;nan;0;B1;278;embarrassing/awkward;Das war mir sehr **peinlich**.;That was very **embarrassing** for me.;
Pension;Substantiv;fem.;die;0;B1;130;retirement/pension/guesthouse;Er geht bald in **Pension**.;He is retiring (going on **pension**) soon.;
pensionieren;Verb;nan;nan;0;B1;88;to retire/pension off;Er wurde letztes Jahr pensioniert.;He was **retired** last year.;
Pensionist;Substantiv;mask.;der;0;B1;25;pensioner/retiree;Er ist jetzt **Pensionist**.;He is a **pensioner** now.;male
Pensionistin;Substantiv;fem.;die;0;B1;11;pensioner/retiree;Die **Pensionistin** geht gerne spazieren.;The (female) **pensioner** likes going for walks.;female
per;Präposition;nan;nan;0;B1;7623;via/by/per;Ich schicke es **per** E-Mail.;I'll send it **via** e-mail.;
perfekt;Adjektiv;nan;nan;0;B1;347;perfect;Ihre Arbeit war absolut **perfekt**.;Your work was absolutely **perfect**.;
Perron;Substantiv;mask., neutr.;der;0;B1;17;platform;Der Zug fährt auf **Perron** 3 ein.;The train is arriving at **platform** 3.;Swiss
Personal;Substantiv;neutr.;das;0;B1;872;staff/personnel;Das **Personal** ist sehr freundlich.;The **staff** (personnel) is very friendly.;
Personalie;Substantiv;fem.;die;0;B1;28;personal details/particulars;Bitte geben Sie Ihre **Personalien** an.;Please state your **personal details**.;
Personenstand;Substantiv;mask.;der;0;B1;22;civil status/marital status;Wie ist Ihr **Personenstand**?;What is your **civil status**?;
persönlich;Adjektiv;nan;nan;0;B1;3835;personal/in person;Das ist meine **persönliche** Meinung.;That is my **personal** opinion.;
Pfanne;Substantiv;fem.;die;0;B1;nan;pan/frying pan;Der Fisch liegt in der **Pfanne**.;The fish is in the **pan**.;
Pfeffer;Substantiv;mask.;der;0;B1;164;pepper;Möchten Sie Salz und **Pfeffer**?;Would you like salt and **pepper**?;
pflanzen;Verb;nan;nan;0;B1;552;to plant;Wir **pflanzen** neue Bäume.;We are **planting** new trees.;
Pflaster;Substantiv;neutr.;das;0;B1;185;plaster/band-aid/pavement;Ich brauche ein **Pflaster** für die Wunde.;I need a **plaster** (band-aid) for the wound.;
Pflaume;Substantiv;fem.;die;0;B1;21;plum;Die **Pflaume** ist sehr süß.;The **plum** is very sweet.;
pflegen;Verb;nan;nan;0;B1;1238;to nurse/maintain/care for;Sie pflegt ihre kranke Mutter.;She is **nursing** (caring for) her sick mother.;
Pfleger;Substantiv;mask.;der;0;B1;63;nurse/caregiver;Der **Pfleger** hilft dem Patienten.;The **caregiver** (nurse) helps the patient.;male
Pflegerin;Substantiv;fem.;die;0;B1;24;nurse/caregiver;Die **Pflegerin** arbeitet im Krankenhaus.;The (female) **nurse** works in the hospital.;female
Pflicht;Substantiv;fem.;die;0;B1;503;duty/obligation;Das ist meine **Pflicht**.;That is my **duty**.;p-
Phantasie;Substantiv;fem.;die;0;B1;126;imagination/fantasy;Kinder haben viel **Phantasie**.;Children have a lot of **imagination**.;
Photograph;Substantiv;mask.;der;0;B1;19;photographer;Der **Photograph** macht ein Porträt.;The **photographer** is taking a portrait.;male
Photographie;Substantiv;fem.;die;0;B1;42;photography;Sie interessiert sich für **Photographie**.;She is interested in **photography**.;
Picknick;Substantiv;neutr.;das;0;B1;51;picnic;Wir machen ein **Picknick** im Park.;We're having a **picnic** in the park.;
Pille;Substantiv;fem.;die;0;B1;173;pill/tablet;Er muss täglich eine **Pille** nehmen.;He has to take a **pill** every day.;
Pilz;Substantiv;mask.;der;0;B1;722;mushroom/fungus;Sind diese **Pilze** essbar?;Are these **mushrooms** edible?;
Planung;Substantiv;fem.;die;0;B1;296;planning;Die **Planung** für das Fest läuft.;**Planning** for the festival is underway.;
Plastik;Substantiv;neutr., mask.;das, der;0;B1;338;plastic;Die Tüte ist aus **Plastik**.;The bag is made of **plastic**.;
Politik;Substantiv;fem.;die;0;B1;1008;politics/policy;Er interessiert sich für **Politik**.;He is interested in **politics**.;
Politiker;Substantiv;mask.;der;0;B1;761;politician;Er ist ein bekannter **Politiker**.;He is a well-known **politician**.;male
Politikerin;Substantiv;fem.;die;0;B1;95;politician;Sie ist eine erfolgreiche **Politikerin**.;She is a successful (female) **politician**.;female
politisch;Adjektiv;nan;nan;0;B1;12902;political;Das ist eine **politische** Entscheidung.;That is a **political** decision.;
Polizist;Substantiv;mask.;der;0;B1;531;policeman/police officer;Der **Polizist** regelt den Verkehr.;The **policeman** is directing traffic.;
Polizistin;Substantiv;fem.;die;0;B1;36;policewoman/police officer;Die **Polizistin** kontrolliert die Ausweise.;The (female) **police officer** is checking the IDs.;female
populär;Adjektiv;nan;nan;0;B1;231;popular;Fußball ist in Deutschland sehr **populär**.;Soccer is very **popular** in Germany.;
Portemonnaie;Substantiv;neutr.;das;0;B1;59;wallet/purse;Ich habe mein **Portemonnaie** vergessen.;I forgot my **wallet**.;
Portmonee;Substantiv;neutr.;das;0;B1;10;wallet/purse;Wo ist mein **Portmonee**?;Where is my **wallet**?;orthographic variant
positiv;Adjektiv;nan;nan;0;B1;6771;positive;Denken Sie **positiv**!;Think **positive**!;
Poulet;Substantiv;neutr.;das;0;B1;2;chicken;Darf ich Ihnen noch etwas **Poulet** anbieten?;May I offer you some more **chicken**?;Swiss
Praktikant;Substantiv;mask.;der;0;B1;30;intern;Der **Praktikant** lernt viel im Büro.;The **intern** is learning a lot in the office.;male
Praktikantin;Substantiv;fem.;die;0;B1;18;intern;Die neue **Praktikantin** beginnt am Montag.;The new (female) **intern** start on Monday.;female
prima;Adjektiv;nan;nan;0;B1;80;excellent/great/fine;Das ist eine **prima** Idee!;That's an **excellent** (great) idea!;
Produktion;Substantiv;fem.;die;0;B1;687;production;Die **Produktion** wurde gesteigert.;The **production** has been increased.;
produzieren;Verb;nan;nan;0;B1;1756;to produce/manufacture/make;Wir **produzieren** hochwertige Möbel.;We **produce** (manufacture) high-quality furniture.;p-
Professor;Substantiv;mask.;der;0;B1;609;professor;Der **Professor** hält eine Vorlesung.;The **professor** is giving a lecture.;male
Professorin;Substantiv;fem.;die;0;B1;90;professor;Die **Professorin** berät die Studenten.;The (female) **professor** advises the students.;female
Profi;Substantiv;mask.;der;0;B1;169;professional/pro;Er spielt Fußball wie ein **Profi**.;He plays soccer like a **professional**.;
Profisportler;Substantiv;mask.;der;0;B1;14;professional athlete;Er ist ein erfolgreicher **Profisportler**.;He is a successful **professional athlete**.;male
Profisportlerin;Substantiv;fem.;die;0;B1;9;professional athlete;Sie ist eine bekannte **Profisportlerin**.;She is a well-known (female) **professional athlete**.;female
prost;Interjektion;nan;nan;0;B1;nan;cheers;**Prost**! Auf die Gesundheit!;**Cheers**! To health!;
Protest;Substantiv;mask.;der;0;B1;306;protest;Der **Protest** war lautstark.;The **protest** was vocal.;
protestieren;Verb;nan;nan;0;B1;180;to protest;Die Leute **protestieren** gegen die Reform.;The people are **protesting** against the reform.;
Prozess;Substantiv;mask.;der;0;B1;672;process/trial/lawsuit;Der **Prozess** dauert schon lange.;The **process** (trial) has been going on for a long time.;
Präsentation;Substantiv;fem.;die;0;B1;112;presentation;Die **Präsentation** war sehr informativ.;The **presentation** was very informative.;
präsentieren;Verb;nan;nan;0;B1;572;to present/showcase;Wir **präsentieren** heute die Ergebnisse.;We are **presenting** the results today.;
Publikum;Substantiv;neutr.;das;0;B1;596;audience;Das **Publikum** klatschte begeistert.;The **audience** clapped enthusiastically.;p-
Punkt;Substantiv;mask.;der;0;B1;2918;point/dot/period;Das ist ein wichtiger **Punkt**.;That is an important **point**.;
Puppe;Substantiv;fem.;die;0;B1;183;doll/puppet;Das Kind spielt mit seiner **Puppe**.;The child is playing with its **doll**.;
Qualifikation;Substantiv;fem.;die;0;B1;128;qualification;Er hat die nötigen **Qualifikationen.**;He has the necessary **qualifications**.;
Quartier;Substantiv;neutr.;das;0;B1;203;district/quarters/accommodation;Wir haben ein schönes **Quartier** gefunden.;We found nice **accommodation**.;
quer;Adverb;nan;nan;0;B1;317;across/crosswise/diagonal;Fahren Sie **quer** durch die Stadt.;Drive **across** the city.;
Quittung;Substantiv;fem.;die;0;B1;39;receipt;Brauchen Sie eine **Quittung**?;Do you need a **receipt**?;
Rabatt;Substantiv;mask.;der;0;B1;78;discount/rebate;Gibt es einen **Rabatt** für Studenten?;Is there a **discount** for students?;
Radfahrer;Substantiv;mask.;der;0;B1;97;cyclist/biker;Achtung, ein **Radfahrer** kommt von rechts!;Watch out, a **cyclist** is coming from the right!;male
Radfahrerin;Substantiv;fem.;die;0;B1;12;cyclist/biker;Die **Radfahrerin** trägt einen Helm.;The (female) **cyclist** is wearing a helmet.;female
Rahm;Substantiv;mask.;der;0;B1;56;cream;Möchten Sie **Rahm** in den Kaffee?;Would you like **cream** in your coffee?;
Rand;Substantiv;mask.;der;0;B1;928;edge/rim/margin;Setzen Sie sich an den **Rand**.;Sit down at the **edge**.;
Rasen;Substantiv;mask.;der;0;B1;66;lawn/grass;Betreten des **Rasens** verboten!;Don't walk on the **lawn**!;
rasieren;Verb;nan;nan;0;B1;354;to shave;Er rasiert sich jeden Morgen.;He **shaves** every morning.;
Rat;Substantiv;mask.;der;0;B1;1067;advice/council;Haben Sie einen guten **Rat** für mich?;Do you have some good **advice** for me?;
Ratschlag;Substantiv;mask.;der;0;B1;125;advice/tip;Folge meinem **Ratschlag**.;Follow my **advice**.;
Raucher;Substantiv;mask., neutr.;der, das;0;B1;72;smoker;Sind Sie **Raucher**?;Are you a **smoker**?;male
Raucherin;Substantiv;fem.;die;0;B1;10;smoker;Sie ist eine starke **Raucherin**.;She is a heavy (female) **smoker**.;female
rauf;Adverb;nan;nan;0;B1;nan;up;Komm schnell **rauf**!;Come **up** quickly!;
rauf-;Affix;nan;nan;0;B1;nan;up-;Er ist die Treppe raufgelaufen.;He ran **up** the stairs.;
raus-;Affix;nan;nan;0;B1;1;out-;Geh bitte raus.;Please go **out**.;
reagieren;Verb;nan;nan;0;B1;1484;to react/respond;Er hat nicht auf meine Frage reagiert.;He didn't **react** (respond) to my question.;
Reaktion;Substantiv;fem.;die;0;B1;776;reaction/response;Seine **Reaktion** war überraschend.;His **reaction** was surprising.;
realisieren;Verb;nan;nan;0;B1;314;to realize/implement/carry out;Wir wollen das Projekt **realisieren**.;We want to **realize** (implement) the project.;
realistisch;Adjektiv;nan;nan;0;B1;160;realistic;Sei bitte **realistisch**.;Please be **realistic**.;
Realität;Substantiv;fem.;die;0;B1;366;reality;Das ist fern der **Realität**.;That is far from **reality**.;
Recherche;Substantiv;fem.;die;0;B1;106;research/inquiry;Die **Recherche** hat viel Zeit gekostet.;The **research** took a lot of time.;
Rechner;Substantiv;mask.;der;0;B1;198;computer/calculator;Mein **Rechner** ist sehr schnell.;My **computer** is very fast.;
Recht;Substantiv;neutr.;das;0;B1;23706;right/law/justice;Jeder hat das **Recht** auf Freiheit.;Everyone has the **right** to freedom.;
rechtlich;Adjektiv;nan;nan;0;B1;359;legal/judicial;Wir brauchen **rechtlichen** Beistand.;We need **legal** assistance.;
rechtzeitig;Adjektiv;nan;nan;0;B1;344;on time/in time/timely;Er kam **rechtzeitig** zum Termin.;He arrived **on time** for the appointment.;
Rede;Substantiv;fem.;die;0;B1;1596;speech/talk/address;Die **Rede** war sehr beeindruckend.;The **speech** was very impressive.;
reduzieren;Verb;nan;nan;0;B1;533;to reduce/decrease;Der Preis wurde reduziert.;The price has been **reduced**.;
Referat;Substantiv;neutr.;das;0;B1;82;presentation/report/department;Er hält ein **Referat** über Geschichte.;He's giving a **presentation** on history.;r-
Reform;Substantiv;fem.;die;0;B1;259;reform;Die Regierung plant eine **Reform**.;The government is planning a **reform**.;
Regal;Substantiv;neutr.;das;0;B1;233;shelf/rack/bookcase;Das Buch steht im **Regal**.;The book is on the **shelf**.;
Regel;Substantiv;fem.;die;0;B1;2195;rule/regulation/period;Man muss die **Regeln** beachten.;You have to follow the **rules**.;
regelmäßig;Adjektiv;nan;nan;0;B1;2429;regular/regularly;Er treibt **regelmäßig** Sport.;He exercises **regularly**.;
regeln;Verb;nan;nan;0;B1;572;to regulate/control/settle;Wir müssen das Problem **regeln**.;We need to **settle** (regulate) the problem.;
Region;Substantiv;fem.;die;0;B1;1762;region;In dieser **Region** regnet es oft.;It often rains in this **region**.;
regional;Adjektiv;nan;nan;0;B1;225;regional;Wir kaufen **regionale** Produkte.;We buy **regional** products.;
reichen;Verb;nan;nan;0;B1;23054;to reach/be enough/pass;Das Geld muss bis Ende des Monats **reichen**.;The money must **be enough** until the end of the month.;
reif;Adjektiv;nan;nan;0;B1;775;ripe;Die Äpfel sind schon **reif**.;The apples are already **ripe**.;
Reihenfolge;Substantiv;fem.;die;0;B1;264;order/sequence;In welcher **Reihenfolge** sollen wir gehen?;In what **order** should we go?;
reinigen;Verb;nan;nan;0;B1;541;to clean/purify;Ich muss das Zimmer **reinigen**.;I have to **clean** the room.;
Reklame;Substantiv;fem.;die;0;B1;35;advertisement/advertising/publicity;Die **Reklame** ist überall.;The **advertisement** (advertising) is everywhere.;
Rekord;Substantiv;mask.;der;0;B1;142;record;Er hat einen neuen **Rekord** aufgestellt.;He set a new **record**.;
relativ;Adjektiv;nan;nan;0;B1;985;relative/relatively;Die Prüfung war **relativ** einfach.;The exam was **relatively** easy.;
Religion;Substantiv;fem.;die;0;B1;711;religion;Er studiert verschiedene **Religionen.**;He is studying different **religions**.;
rennen;Verb;nan;nan;0;B1;8449;to run/race;Die Kinder **rennen** um die Wette.;The children are **running** a race.;
Rente;Substantiv;fem.;die;0;B1;191;pension/retirement;Mein opa bekommt seine **Rente**.;My grandpa is getting his **pension**.;
Reportage;Substantiv;fem.;die;0;B1;56;reportage/report/documentary;Ich habe eine interessante **Reportage** gesehen.;I saw an interesting **reportage** (documentary).;
Reporter;Substantiv;mask.;der;0;B1;157;reporter;Der **Reporter** berichtet live.;The **reporter** is reporting live.;male
Reporterin;Substantiv;fem.;die;0;B1;23;reporter;Die **Reporterin** stellt Fragen.;The (female) **reporter** is asking questions.;female
Reservierung;Substantiv;fem.;die;0;B1;25;reservation/booking;Ich habe eine **Reservierung** auf meinen Namen.;I have a **reservation** in my name.;
Respekt;Substantiv;mask.;der;0;B1;1600;respect;**Respekt** ist sehr wichtig.;**Respect** is very important.;
retten;Verb;nan;nan;0;B1;901;to save/rescue;Die Feuerwehr konnte alle **retten**.;The fire department was able to **save** everyone.;
Richter;Substantiv;mask.;der;0;B1;514;judge;Der **Richter** verkündet das Urteil.;The **judge** announces the verdict.;male
Richterin;Substantiv;fem.;die;0;B1;39;judge;Sie ist eine strenge **Richterin**.;She is a strict (female) **judge**.;female
Richtung;Substantiv;fem.;die;0;B1;2094;direction;Fahren Sie in diese **Richtung**.;Drive in this **direction**.;
riesig;Adjektiv;nan;nan;0;B1;579;huge/enormous/giant;Das Haus ist einfach **riesig**!;The house is just **huge**!;
Risiko;Substantiv;neutr.;das;0;B1;569;risk/hazard;Das **Risiko** ist zu groß.;The **risk** is too great.;
roh;Adjektiv;nan;nan;0;B1;385;raw/crude/unprocessed;Ich mag kein **rohes** Fleisch.;I don't like **raw** meat.;
Rohr;Substantiv;neutr.;das;0;B1;307;pipe/tube/duct;Das Wasser fließt durch das **Rohr**.;The water flows through the **pipe**.;
Rolle;Substantiv;fem.;die;0;B1;2967;role/roll/part;Er spielt eine wichtige **Rolle**.;He plays an important **role**.;
Roman;Substantiv;mask.;der;0;B1;750;novel;Ich lese gerade einen spannenden **Roman**.;I am reading an exciting **novel**.;
Rufnummer;Substantiv;fem.;die;0;B1;30;phone number/telephone number;Wie ist Ihre **Rufnummer**?;What is your **phone number**?;
Runde;Substantiv;fem.;die;0;B1;1362;round/lap;Ich laufe noch eine **Runde**.;I'm running one more **round** (lap).;
Rundfahrt;Substantiv;fem.;die;0;B1;20;tour/round trip/sightseeing tour;Wir machen eine **Rundfahrt** durch die Stadt.;We are taking a **tour** of the city.;r-
runterwerfen;Verb;nan;nan;0;B1;nan;to throw down/drop;Wirf den Ball bitte nicht runter!;Please don't **throw** the ball **down**!;
rück-;Affix;nan;nan;0;B1;1;back-/re-;Er forderte eine Rückzahlung.;He demanded a **re**payment (money back).;affix
Rückfahrt;Substantiv;fem.;die;0;B1;38;return journey/trip back;Wann ist die **Rückfahrt** geplant?;When is the **return journey** planned?;
Rückkehr;Substantiv;fem.;die;0;B1;267;return/homecoming;Wir freuen uns auf deine **Rückkehr**.;We are looking forward to your **return**.;
rückwärts;Adverb;nan;nan;0;B1;132;backwards/in reverse;Fahren Sie bitte **rückwärts**.;Please drive **backwards** (in reverse).;
Saal;Substantiv;mask.;der;0;B1;287;hall/large room/auditorium;Die Versammlung findet im **Saal** statt.;The meeting is taking place in the **hall**.;
Sack;Substantiv;mask.;der;0;B1;212;sack/bag;Der **Sack** Kartoffeln ist schwer.;The **sack** of potatoes is heavy.;
Sahne;Substantiv;fem.;die;0;B1;110;cream/whipped cream;Möchten Sie **Sahne** zum Kuchen?;Would you like **cream** with the cake?;
Saison;Substantiv;fem.;die;0;B1;313;season;Die **Saison** beginnt im Frühling.;The **season** begins in spring.;
Salbe;Substantiv;fem.;die;0;B1;77;ointment/salve/cream;Die **Salbe** hilft gegen den Schmerz.;The **ointment** helps with the pain.;
Salon;Substantiv;mask.;der;0;B1;142;salon/parlor;Sie geht heute in den **Friseursalon**.;She is going to the hair **salon** today.;
salzig;Adjektiv;nan;nan;0;B1;45;salty;Die Suppe ist mir zu **salzig**.;The soup is too **salty** for me.;
Sand;Substantiv;mask.;der;0;B1;555;sand;Die Kinder spielen im **Sand**.;The children are playing in the **sand**.;
satt;Adjektiv;nan;nan;0;B1;758;full/satiated/fed up;Ich bin **satt**, ich kann nichts mehr essen.;I'm **full**, I can't eat anymore.;
Sauce;Substantiv;fem.;die;0;B1;330;sauce/gravy;Die **Sauce** schmeckt hervorragend.;The **sauce** (gravy) tastes excellent.;
Schachtel;Substantiv;fem.;die;0;B1;160;box/packet/carton;In der **Schachtel** sind Pralinen.;There are chocolates in the **box**.;
Schade;Substantiv;mask.;der;0;B1;33;A pity/What a shame;**Schade**, dass du nicht kommen kannst.;It's **a pity** (What a shame) that you can't come.;
Schaden;Substantiv;mask.;der;0;B1;815;damage/harm/loss;Der Sturm hat großen **Schaden** angerichtet.;The storm caused great **damage**.;
schaden;Verb;nan;nan;0;B1;242;to damage/harm/hurt;Rauchen schadet der Gesundheit.;Smoking **harms** (damages) your health.;s-
schalten;Verb;nan;nan;0;B1;3412;to switch/shift/advertise;Schalte bitte das Licht aus.;Please **switch** off the light.;
Schatten;Substantiv;mask.;der;0;B1;3317;shadow/shade;Wir saßen im **Schatten** eines Baumes.;We sat in the **shade** of a tree.;
schauen;Verb;nan;nan;0;B1;14593;to look/watch/see;Schau mal aus dem Fenster!;**Look** out the window!;s-
Schaufenster;Substantiv;neutr.;das;0;B1;127;shop window/showcase;Ich habe das Kleid im **Schaufenster** gesehen.;I saw the dress in the **shop window**.;
Schauspieler;Substantiv;mask.;der;0;B1;305;actor;Er ist ein berühmter **Schauspieler**.;He is a famous **actor**.;male
Schauspielerin;Substantiv;fem.;die;0;B1;147;actress;Sie arbeitet als **Schauspielerin** in Wien.;She works as an **actress** in Vienna.;female
Scheibe;Substantiv;fem.;die;0;B1;532;disc/slice/pane;Möchtest du eine **Scheibe** Brot?;Would you like a **slice** of bread?;glass
scheiden;Verb;nan;nan;0;B1;645;to divorce/separate/depart;Sie wollen sich **scheiden** lassen.;They want to get **divorced**.;
Scheidung;Substantiv;fem.;die;0;B1;139;divorce/separation;Die **Scheidung** war sehr schwierig.;The **divorce** was very difficult.;
Schein;Substantiv;mask.;der;0;B1;665;certificate/bill;Hast du einen Zehn-Euro-**Schein**?;Do you have a ten-euro **bill**?;
Schi;Substantiv;mask.;der;0;B1;17;ski;Im Winter fahre ich gerne **Schi**.;I like **ski**ing in winter.;
schick;Adjektiv;nan;nan;0;B1;61;chic/smart/stylish;Du siehst heute sehr **schick** aus.;You look very **chic** (stylish) today.;
schieben;Verb;nan;nan;0;B1;14435;to push/shove/shift;Hilf mir bitte, das Auto zu **schieben**.;Please help me **push** the car.;
schief;Adjektiv;nan;nan;0;B1;10699;crooked/slanted/wrong;Das Bild hängt **schief**.;The picture is hanging **crookedly**.;
schießen;Verb;nan;nan;0;B1;10489;to shoot/fire/kick;Er hat ein Tor geschossen.;He **scored** (shot) a goal.;ball
Schlaf;Substantiv;mask.;der;0;B1;356;sleep;Ein guter **Schlaf** ist wichtig.;A good **sleep** is important.;
Schlagobers;Substantiv;neutr.;das;0;B1;nan;whipped cream;Ich hätte gerne Apfelstrudel mit **Schlagobers**.;I'd like apple strudel with **whipped cream**.;Austrian
Schlagrahm;Substantiv;mask.;der;0;B1;9;whipped cream;Möchten Sie **Schlagrahm** dazu?;Would you like **whipped cream** with that?;Swiss
Schlagsahne;Substantiv;fem.;die;0;B1;51;whipped cream;Die **Schlagsahne** ist im Kühlschrank.;The **whipped cream** is in the fridge.;
Schlange;Substantiv;fem.;die;0;B1;355;snake/line/queue;Wir mussten in einer langen **Schlange** warten.;We had to wait in a long **line** (queue).;
schlank;Adjektiv;nan;nan;0;B1;104;slim/slender/thin;Sie ist groß und **schlank**.;She is tall and **slim**.;-k
schließlich;Adverb;nan;nan;0;B1;1846;finally/eventually/after all;**Schließlich** haben wir es geschafft.;We **finally** made it.;s-
schmal;Adjektiv;nan;nan;0;B1;640;narrow/slim/slender;Der Weg ist sehr **schmal**.;The path is very **narrow**.;-l
Schmerzmittel;Substantiv;neutr.;das;0;B1;34;painkiller/analgesic;Haben Sie ein **Schmerzmittel** gegen Kopfschmerzen?;Do you have a **painkiller** for headaches?;
schminken;Verb;nan;nan;0;B1;171;to put on makeup;Sie schminkt sich vor dem Spiegel.;She is **putting on makeup** in front of the mirror.;
Schmuck;Substantiv;mask.;der;0;B1;256;jewelry;Sie trägt teuren **Schmuck**.;She is wearing expensive **jewelry**.;
Schmutz;Substantiv;mask.;der;0;B1;183;dirt/filth/grime;**Schmutz** lässt sich mit Wasser entfernen.;**Dirt** can be removed with water.;
Schnupfen;Substantiv;mask.;der;0;B1;7;cold/sniffles/runny nose;Ich habe einen starken **Schnupfen**.;I have a bad **cold** (runny nose).;
Schreck;Substantiv;mask.;der;0;B1;90;fright/shock/scare;Ich habe einen großen **Schreck** bekommen.;I got a big **fright**.;
Schrecken;Substantiv;mask.;der;0;B1;484;terror/horror/dread;Der Krieg verbreitete Angst und **Schrecken**.;The war spread fear and **terror**.;
Schreiben;Substantiv;neutr.;das;0;B1;61257;writing/letter/formal letter;Das **Schreiben** vom Amt kam heute an.;The **letter** (writing) from the office arrived today.;
schreien;Verb;nan;nan;0;B1;3620;to shout/scream/yell;Warum schreist du so?;Why are you **shouting** so much?;
Schrift;Substantiv;fem.;die;0;B1;896;writing/script/font;Deine **Schrift** ist schwer zu lesen.;Your **writing** is hard to read.;
Schriftsteller;Substantiv;mask.;der;0;B1;398;writer/author;Er ist ein bekannter **Schriftsteller**.;He is a well-known **writer** (author).;male
Schriftstellerin;Substantiv;fem.;die;0;B1;74;writer/author;Die **Schriftstellerin** liest aus ihrem neuen Buch.;The (female) **writer** is reading from her new book.;female
Schritt;Substantiv;mask.;der;0;B1;3088;step/pace/stride;Gehen Sie **Schritt** für **Schritt** vor.;Proceed **step** by step.;-t
Schularbeit;Substantiv;fem.;die;0;B1;27;school assignment/test;Wir schreiben heute eine **Schularbeit**.;We are writing a **school test** today.;Austrian
Schuld;Substantiv;fem.;die;0;B1;601;guilt/debt/blame;Wer hat die **Schuld** am Unfall?;Who is to **blame** (at fault) for the accident?;
schuld;Adjektiv;nan;nan;0;B1;78;guilty/to blame;Du bist **schuld** daran.;You are to **blame** for it.;
schuldig;Adjektiv;nan;nan;0;B1;540;guilty/owing;Er fühlt sich **schuldig**.;He feels **guilty**.;
Schulter;Substantiv;fem.;die;0;B1;924;shoulder;Ich habe Schmerzen in der **Schulter**.;I have pain in my **shoulder**.;
Schutz;Substantiv;mask.;der;0;B1;1075;protection/shelter/cover;Wir brauchen **Schutz** vor dem Regen.;We need **protection** from the rain.;
Schwammerl;Substantiv;mask., neutr.;der, das;0;B1;34;mushroom;Wir gehen **Schwammerl** suchen.;We're going **mushroom** hunting.;Austrian/Bavarian
Schwangerschaft;Substantiv;fem.;die;0;B1;204;pregnancy;Die **Schwangerschaft** verlief ohne Probleme.;The **pregnancy** went without problems.;
schweigen;Verb;nan;nan;0;B1;1120;to be silent/keep quiet;Er kann einfach nicht **schweigen**.;He just cannot **be silent** (keep quiet).;
schwieger-;Affix;nan;nan;0;B1;nan;in-law;Das ist meine Schwiegermutter.;That is my mother-**in-law**.;affix
Schwierigkeit;Substantiv;fem.;die;0;B1;458;difficulty/trouble;Hatten Sie **Schwierigkeiten** bei der Suche?;Did you have **difficulties** in finding it?;
schwitzen;Verb;nan;nan;0;B1;522;to sweat/perspire;Bei dieser Hitze schwitze ich sehr.;I **sweat** a lot in this heat.;
schätzen;Verb;nan;nan;0;B1;3078;to estimate/value/appreciate;Ich schätze dich sehr als Freund.;I **value** (appreciate) you very much as a friend.;s-
Schüssel;Substantiv;fem.;die;0;B1;197;bowl/dish;Die **Schüssel** ist voll mit Obst.;The **bowl** is full of fruit.;
schütteln;Verb;nan;nan;0;B1;1440;to shake;**Schütteln** Sie die Flasche vor Gebrauch.;**Shake** the bottle before use.;
schützen;Verb;nan;nan;0;B1;2067;to protect/guard/shield;Hut und Sonnenbrille **schützen** vor der Sonne.;A hat and sunglasses **protect** from the sun.;
seitdem;nan;nan;nan;0;B1;300;since/since then;Ich lebe hier, **seitdem** ich ein Kind war.;I've lived here **since** I was a child.;
Sekretär;Substantiv;mask.;der;0;B1;76;secretary;Der **Sekretär** vereinbart die Termine.;The **secretary** arranges the appointments.;male
Sekretärin;Substantiv;fem.;die;0;B1;90;secretary;Die **Sekretärin** beantwortet die Anrufe.;The (female) **secretary** answers the calls.;female
selb;Demonstrativpronomen;nan;nan;0;B1;1;same;Wir wohnen im **selben** Haus.;We live in the **same** house.;
selber;Demonstrativpronomen;nan;nan;0;B1;1134;self/(by) oneself;Ich habe das Regal **selber** gebaut.;I built the shelf **myself** (by myself).;
selbstverständlich;Adjektiv;nan;nan;0;B1;425;self-evident/natural/of course;Das ist für mich **selbstverständlich**.;That is **self-evident** (natural) to me.;
selten;Adjektiv;nan;nan;0;B1;2488;rare/seldom;Das ist eine **seltene** Blume.;That is a **rare** flower.;
seltsam;Adjektiv;nan;nan;0;B1;415;strange/odd/weird;Das ist ein **seltsames** Geräusch.;That is a **strange** (weird) noise.;s-
Semester;Substantiv;neutr.;das;0;B1;152;semester/term;Das neue **Semester** beginnt im Oktober.;The new **semester** (term) begins in October.;
Seminar;Substantiv;neutr.;das;0;B1;148;seminar/workshop;Ich nehme an einem **Seminar** teil.;I am participating in a **seminar**.;
Semmel;Substantiv;fem.;die;0;B1;60;bread roll/bun;Möchten Sie eine **Semmel** zum Frühstück?;Would you like a **bread roll** for breakfast?;Austrian/Bavarian
senden;Verb;nan;nan;0;B1;1832;to send/broadcast/transmit;Bitte **senden** Sie mir eine Bestätigung.;Please **send** me a confirmation.;
Sender;Substantiv;mask.;der;0;B1;224;sender/transmitter/channel;Welchen **Sender** hörst du gerade?;Which **channel** (station) are you listening to?;
Senior;Substantiv;mask.;der;0;B1;108;senior/elderly person;Wir bieten Kurse für **Senioren** an.;We offer courses for **seniors**.;male
Seniorin;Substantiv;fem.;die;0;B1;19;senior/elderly person;Die **Seniorin** ist noch sehr fit.;The (female) **senior** is still very fit.;female
senkrecht;Adjektiv;nan;nan;0;B1;nan;vertical/perpendicular;Die Wand steht **senkrecht**.;The wall is **vertical**.;
Serie;Substantiv;fem.;die;0;B1;631;series/sequence/show;Das ist meine liebste TV-**Serie**.;That is my favorite TV **series**.;
Serviceangestellte;Substantiv;fem., mask.;die, der;0;B1;nan;service employee/staff;Der **Serviceangestellte** hilft Ihnen gerne.;The **service employee** will be happy to help you.;
Sessel;Substantiv;mask.;der;0;B1;205;armchair/chair;Setz dich in den bequemen **Sessel**.;Sit down in the comfortable **armchair**.;
sicher;Adjektiv;nan;nan;0;B1;5454;sure/safe/certain;Bist du **sicher**; Are you **sure** that's correct?;
Sicherheit;Substantiv;fem.;die;0;B1;786;safety/security/certainty;**Sicherheit** hat oberste Priorität.;**Safety** (Security) is the top priority.;
sichern;Verb;nan;nan;0;B1;1904;to secure/save/ensure;Sie müssen die Daten regelmäßig **sichern**.;You have to **back up** (secure) the data regularly.;
sichtbar;Adjektiv;nan;nan;0;B1;781;visible/apparent;Das Ziel ist schon **sichtbar**.;The goal is already **visible**.;
Sieg;Substantiv;mask.;der;0;B1;570;victory/win/triumph;Die Mannschaft feierte ihren **Sieg**.;The team celebrated its **victory**.;
siegen;Verb;nan;nan;0;B1;1695;to win/triumph/be victorious;Am Ende wird die Gerechtigkeit **siegen**.;In the end, justice will **win** (triumph).;
Sieger;Substantiv;mask.;der;0;B1;179;winner/victor;Der **Sieger** bekommt einen Pokal.;The **winner** gets a trophy.;male
Siegerin;Substantiv;fem.;die;0;B1;18;winner/victor;Sie ist die **Siegerin** des Rennens.;She is the **winner** of the race.;female
siezen;Verb;nan;nan;0;B1;52;"to use ""Sie""";Wir **siezen** uns im Büro.;"We use the **formal ""you""** in the office.";formal you
sinken;Verb;nan;nan;0;B1;4316;to sink;Die Preise **sinken** wieder.;Prices are **falling** (sinking) again.;
Sinn;Substantiv;mask.;der;0;B1;2211;sense/meaning/purpose;Das ergibt keinen **Sinn**.;That doesn't make any **sense**.;
sinnlos;Adjektiv;nan;nan;0;B1;234;pointless/senseless/useless;Es ist **sinnlos** darüber zu streiten.;It is **pointless** to argue about it.;
sinnvoll;Adjektiv;nan;nan;0;B1;326;meaningful/sensible/useful;Das ist ein **sinnvoller** Vorschlag.;That is a **sensible** (meaningful) suggestion.;
Sitz;Substantiv;mask.;der;0;B1;1724;seat/residence/base;Ist dieser **Sitz** noch frei?;Is this **seat** still free?;
Ski;Substantiv;mask.;der;0;B1;111;ski;Ich habe neue **Ski** gekauft.;I bought new **skis**.;
so dass;Konjunktion;nan;nan;0;B1;nan;so that;Er lernte viel, **so dass** er die Prüfung bestand.;He studied a lot **so that** he passed the exam.;
so genannt;Adjektiv;nan;nan;0;B1;nan;so-called;Der **so genannte** Experte wusste nichts.;The **so-called** expert knew nothing.;
so viel;Indefinitpronomen;nan;nan;0;B1;nan;so much;Ich habe noch nie **so viel** gegessen.;I have never eaten **so much**.;
sobald;Konjunktion;nan;nan;0;B1;571;as soon as;Ruf mich an **sobald** du da bist.;Call me **as soon as** you are there.;
Socke;Substantiv;fem.;die;0;B1;128;sock;Ich brauche neue **Socken.**;I need new **socks**.;
sodass;Konjunktion;nan;nan;0;B1;638;so that;Er arbeitete hart, **sodass** er Erfolg hatte.;He worked hard, **so that** he was successful.;
sogenannt;Adjektiv;nan;nan;0;B1;nan;so-called;Das ist ein **sogenannter** Experte.;That is a **so-called** expert.;
solange;Konjunktion;nan;nan;0;B1;334;as long as;Ich bleibe hier, **solange** du willst.;I'll stay here **as long as** you want.;
solch;Demonstrativpronomen;nan;nan;0;B1;261;such;**Solch** ein Glück muss man haben!;One must have **such** luck!;
sonder-;Affix;nan;nan;0;B1;nan;special-;Das ist ein Sonderangebot.;That is a **special** offer.;affix
Sonderangebot;Substantiv;neutr.;das;0;B1;31;special offer/bargain;Gestern gab es viele **Sonderangebote.**;There were many **special offers** (bargains) yesterday.;
sondern;Konjunktion;nan;nan;0;B1;18569;but;Nicht heute, **sondern** morgen.;Not today, **but** tomorrow.;rather
Sorge;Substantiv;fem.;die;0;B1;537;worry/concern/care;Mach dir keine **Sorgen.**;Don't **worry** (make yourself worries).;
sorgen;Verb;nan;nan;0;B1;2526;to care/worry/provide;Ich sorge für das Essen.;I'll **take care** of (provide) the food.;
Souvenir;Substantiv;neutr.;das;0;B1;33;souvenir;Ich habe ein **Souvenir** aus Paris mitgebracht.;I brought a **souvenir** from Paris.;
soviel;Indefinitpronomen;nan;nan;0;B1;160;as much as/as far as;**Soviel** ich weiß, kommt er morgen.;**As far as** I know, he's coming tomorrow.;
sowieso;Partikel;nan;nan;0;B1;156;anyway/anyhow;Das wollte ich **sowieso** machen.;I wanted to do that **anyway**.;
sowohl;Konjunktion;nan;nan;0;B1;3914;both;Er spricht **sowohl** Deutsch als auch Englisch.;He speaks **both** German and English.;s-
sozial;Adjektiv;nan;nan;0;B1;27560;social;Wir brauchen mehr **soziale** Gerechtigkeit.;We need more **social** justice.;
Sozialarbeiter;Substantiv;mask.;der;0;B1;30;social worker;Der **Sozialarbeiter** berät die Familie.;The **social worker** advises the family.;male
Sozialarbeiterin;Substantiv;fem.;die;0;B1;19;social worker;Sie arbeitet als **Sozialarbeiterin**.;She works as a (female) **social worker**.;female
Soße;Substantiv;fem.;die;0;B1;146;sauce/gravy;Die **Soße** ist sehr scharf.;The **sauce** is very spicy.;
sparsam;Adjektiv;nan;nan;0;B1;167;economical/frugal/thrifty;Wir müssen **sparsamer** sein.;We have to be more **economical** (thrifty).;
spazieren gehen;Verb;nan;nan;0;B1;nan;to go for a walk;Lass uns im Park **spazieren gehen**.;Let's **go for a walk** in the park.;
Speise;Substantiv;fem.;die;0;B1;507;dish/meal/food;Das ist eine typische **Speise** aus der Region.;This is a typical **dish** from the region.;
Speisewagen;Substantiv;mask.;der;0;B1;nan;dining car/restaurant car;Wir essen im **Speisewagen**.;We're eating in the **dining car**.;
spezial-;Affix;nan;nan;0;B1;nan;special-;Das ist ein Spezialfall.;That is a **special** case.;affix
Spezialist;Substantiv;mask.;der;0;B1;168;specialist/expert;Er ist ein **Spezialist** für Computer.;He is a **specialist** for computers.;male
Spezialistin;Substantiv;fem.;die;0;B1;27;specialist/expert;Sie ist eine **Spezialistin** für Medizin.;She is a (female) **specialist** for medicine.;female
speziell;Adjektiv;nan;nan;0;B1;2494;special/specific/particular;Hast du **spezielle** Wünsche?;Do you have any **special** wishes?;
Spiegel;Substantiv;mask.;der;0;B1;439;mirror/level;Sie schaut in den **Spiegel**.;She is looking in the **mirror**.;
Spieler;Substantiv;mask.;der;0;B1;984;player;Er ist ein guter **Spieler**.;He is a good **player**.;male
Spielerin;Substantiv;fem.;die;0;B1;59;player;Sie ist die beste **Spielerin** im Team.;She is the best (female) **player** in the team.;female
Spielplatz;Substantiv;mask.;der;0;B1;84;playground;Die Kinder sind auf dem **Spielplatz**.;The children are at the **playground**.;
Spielzeug;Substantiv;neutr.;das;0;B1;144;toy;Das Kind räumt sein **Spielzeug** weg.;The child is putting away its **toys**.;
spitz;Adjektiv;nan;nan;0;B1;621;pointed/sharp/acute;Die Nadel ist sehr **spitz**.;The needle is very **pointed** (sharp).;
Sportart;Substantiv;fem.;die;0;B1;334;type of sport;Welche **Sportart** magst du?;Which **type of sport** do you like?;
Sportler;Substantiv;mask.;der;0;B1;411;athlete/sportsman;Er ist ein bekannter **Sportler**.;He is a well-known **athlete**.;male
Sportlerin;Substantiv;fem.;die;0;B1;76;athlete/sportswoman;Sie ist eine erfolgreiche **Sportlerin**.;She is a successful (female) **athlete**.;female
springen;Verb;nan;nan;0;B1;19182;to jump/leap/spring;Die Katze springt auf den Tisch.;The cat **jumps** onto the table.;
Spritze;Substantiv;fem.;die;0;B1;73;injection/syringe/shot;Ich habe Angst vor **Spritzen.**;I'm afraid of **injections** (syringes).;
Spur;Substantiv;fem.;die;0;B1;680;track/trace/lane;Auf der Autobahn gibt es drei **Spuren.**;There are three **lanes** on the highway.;
spätestens;Adverb;nan;nan;0;B1;228;at the latest;Komm bitte **spätestens** um acht Uhr.;Please come by eight o'clock **at the latest**.;
spülen;Verb;nan;nan;0;B1;814;to rinse/wash (dishes)/flush;Ich muss das Geschirr **spülen**.;I have to **wash** (rinse) the dishes.;
spüren;Verb;nan;nan;0;B1;2039;to feel (physically);Ich spüre den Wind im Gesicht.;I **feel** the wind on my face.;
Stadion;Substantiv;neutr.;das;0;B1;157;stadium;Das **Stadion** ist ausverkauft.;The **stadium** is sold out.;
stammen;Verb;nan;nan;0;B1;6392;to originate/come from/stem;Er stammt aus einer kleinen Stadt.;He **comes from** (originates from) a small town.;
Standpunkt;Substantiv;mask.;der;0;B1;199;standpoint;Was ist dein **Standpunkt** dazu?;What is your **point of view** on that?;
Start;Substantiv;mask.;der;0;B1;378;start/takeoff/launch;Der **Start** des Rennens war spannend.;The **start** of the race was exciting.;
starten;Verb;nan;nan;0;B1;970;to start/launch/take off;Wir **starten** pünktlich.;We **start** on time.;
Station;Substantiv;fem.;die;0;B1;535;station/stop/ward;Ich steige an der nächsten **Station** aus.;I get off at the next **station** (stop).;
Statistik;Substantiv;fem.;die;0;B1;214;statistics;Die **Statistik** lügt nicht.;**Statistics** don't lie.;
statistisch;Adjektiv;nan;nan;0;B1;260;statistical/statistically;Das ist **statistisch** erwiesen.;That is **statistically** proven.;
statt;Präposition;nan;nan;0;B1;7234;instead of;Nimm Wasser **statt** Cola.;Take water **instead of** cola.;
Stau;Substantiv;mask.;der;0;B1;105;traffic jam/congestion;Wir standen eine Stunde im **Stau**.;We were in a **traffic jam** for an hour.;
Staub;Substantiv;mask.;der;0;B1;797;dust;Überall liegt **Staub**.;There is **dust** everywhere.;
Staub saugen;Verb;nan;nan;0;B1;nan;to vacuum;Ich muss heute noch **Staub saugen**.;I still have to **vacuum** today.;
staubsaugen;Verb;nan;nan;0;B1;69;to vacuum;Kannst du bitte **staubsaugen**?;Can you please **vacuum**?;
stechen;Verb;nan;nan;0;B1;1849;to sting/prick/stab;Die Mücke hat mich gestochen.;The mosquito **stung** me.;
Steckdose;Substantiv;fem.;die;0;B1;30;power outlet/socket;Steck den Stecker in die **Steckdose**.;Plug the plug into the **power outlet**.;
stecken;Verb;nan;nan;0;B1;19249;to stick/put;Der Schlüssel steckt im Schloss.;The key is **sticking** in the lock.;s-
Stecker;Substantiv;mask.;der;0;B1;57;plug/connector;Zieh bitte den **Stecker**.;Please pull the **plug**.;
stehen bleiben;Verb;nan;nan;0;B1;nan;to stop/stand still/stay put;Bleiben Sie bitte stehen!;Please **stop** (stand still)!;
stehenbleiben;Verb;nan;nan;0;B1;83;to stop/stand still/stay put;Die Uhr ist stehengeblieben.;The watch has **stopped**.;variant
stehlen;Verb;nan;nan;0;B1;908;to steal;Man darf nicht **stehlen**.;One must not **steal**.;
steigen;Verb;nan;nan;0;B1;31593;to climb/rise/increase;Die Preise **steigen**.;Prices are **rising** (increasing).;s-
steil;Adjektiv;nan;nan;0;B1;49;steep;Der Weg nach oben ist sehr **steil**.;The path up is very **steep**.;
Stein;Substantiv;mask.;der;0;B1;6561;stone/rock;Er warf einen **Stein** ins Wasser.;He threw a **stone** into the water.;
Stempel;Substantiv;mask.;der;0;B1;273;stamp/seal;Ich brauche einen **Stempel** auf dem Dokument.;I need a **stamp** on the document.;
Stern;Substantiv;mask.;der;0;B1;720;star;Die **Sterne** leuchten heute hell.;The **stars** are shining brightly today.;-rn
Steuer;Substantiv;fem.;die;0;B1;2352;tax/steering wheel/toll;Wie hoch ist die **Steuer**?;How much is the **tax**?;
Steward;Substantiv;mask.;der;0;B1;21;steward/flight attendant;Der **Steward** bringt die Getränke.;The **steward** is bringing the drinks.;male
Stewardess;Substantiv;fem.;die;0;B1;16;stewardess/flight attendant;Die **Stewardess** ist sehr hilfsbereit.;The **stewardess** is very helpful.;female
Stiege;Substantiv;fem.;die;0;B1;14;stairs/staircase;Gehen Sie die **Stiege** hinauf.;Go up the **stairs**.;Austrian
Stiegenhaus;Substantiv;neutr.;das;0;B1;18;stairwell/staircase;Er wartet im **Stiegenhaus**.;He is waiting in the **stairwell**.;Austrian
Stil;Substantiv;mask.;der;0;B1;557;style/fashion;Sie hat einen guten **Stil**.;She has a good **style**.;
stilistisch;Adjektiv;nan;nan;0;B1;147;stylistic;Der Text hat einige **stilistische** Mängel.;The text has some **stylistic** flaws.;
still;Adjektiv;nan;nan;0;B1;4325;quiet/silent/still;Sei bitte **still**!;Please be **quiet**!;
Stimme;Substantiv;fem.;die;0;B1;2151;voice/vote;Sie hat eine schöne **Stimme**.;She has a beautiful **voice**.;
stimmen;Verb;nan;nan;0;B1;5281;to be correct/vote/tune;Das stimmt nicht.;That's not **correct** (true).;
Stimmung;Substantiv;fem.;die;0;B1;513;mood/atmosphere/spirit;Die **Stimmung** auf der Party war toll.;The **mood** (atmosphere) at the party was great.;s-
stinken;Verb;nan;nan;0;B1;303;to stink;Hier stinkt es nach Rauch.;It **stinks** of smoke here.;
Stoff;Substantiv;mask.;der;0;B1;1685;material/fabric/substance;Der **Stoff** fühlt sich weich an.;The **material** (fabric) feels soft.;s-
stolz;Adjektiv;nan;nan;0;B1;1163;proud;Er ist **stolz** auf seinen Erfolg.;He is **proud** of his success.;
stoppen;Verb;nan;nan;0;B1;314;to stop/halt;**Stoppen** Sie bitte das Auto!;Please **stop** the car!;
strafbar;Adjektiv;nan;nan;0;B1;188;punishable/criminal;Das ist eine **strafbare** Handlung.;That is a **punishable** act.;
Strafe;Substantiv;fem.;die;0;B1;486;punishment/fine/penalty;Er musste eine **Strafe** zahlen.;He had to pay a **fine** (penalty).;
Strafzettel;Substantiv;mask.;der;0;B1;18;traffic ticket/fine;Ich habe einen **Strafzettel** bekommen.;I got a **traffic ticket**.;
Strecke;Substantiv;fem.;die;0;B1;1070;route/distance/track;Die **Strecke** ist zehn Kilometer lang.;The **route** (distance) is ten kilometers long.;
Streichholz;Substantiv;neutr.;das;0;B1;79;match;Hast du ein **Streichholz** für mich?;Do you have a **match** for me?;
Streik;Substantiv;mask.;der;0;B1;143;strike;Der **Streik** dauert schon Tage.;The **strike** has been going on for days.;
streiken;Verb;nan;nan;0;B1;93;to strike/be on strike;Die Arbeiter **streiken** für mehr Lohn.;The workers are **striking** for higher wages.;
Streit;Substantiv;mask.;der;0;B1;529;argument/quarrel/dispute;Wir hatten einen kleinen **Streit**.;We had a little **argument**.;
Strom;Substantiv;mask.;der;0;B1;995;electricity/current/stream;Der **Strom** ist ausgefallen.;The **electricity** (power) went out.;
Strumpf;Substantiv;mask.;der;0;B1;38;stocking;Sie trägt schwarze Strümpfe.;She is wearing black **stockings**.;
Studie;Substantiv;fem.;die;0;B1;843;study/survey;Die **Studie** zeigt interessante Ergebnisse.;The **study** shows interesting results.;
Studierende;Substantiv;fem., mask.;die, der;0;B1;nan;student;Die **Studierenden** demonstrieren.;The **students** are demonstrating.;
Studio;Substantiv;neutr.;das;0;B1;292;studio/gym;Wir trainieren im **Studio**.;We're training at the **studio** (gym).;
Stufe;Substantiv;fem.;die;0;B1;845;step/level/stage;Vorsicht beim Gehen auf der **Stufe**!;Be careful walking on the **step**!;noun, -e
stumm;Adjektiv;nan;nan;0;B1;386;mute/silent/dumb;Er ist seit der Geburt **stumm**.;He has been **mute** since birth.;
Sturm;Substantiv;mask.;der;0;B1;877;storm/gale/assault;Der **Sturm** hat Bäume umgeweht.;The **storm** blew over trees.;
städtisch;Adjektiv;nan;nan;0;B1;335;urban/municipal/city;Das ist ein **städtisches** Gebäude.;This is a **municipal** (city) building.;
ständig;Adjektiv;nan;nan;0;B1;968;constant/permanent/continuous;Er redet **ständig**.;He's talking **constantly**.;s-
Störung;Substantiv;fem.;die;0;B1;567;disturbance/interference/fault;Es gibt eine **Störung** im Netz.;There is a **disturbance** (fault) in the network.;
stürzen;Verb;nan;nan;0;B1;7403;to tumble/crash;Er ist vom Rad gestürzt.;He **fell** off his bike.;
Sucht;Substantiv;fem.;die;0;B1;86;addiction/craze/mania;Die **Spielsucht** ist ein großes Problem.;Gambling **addiction** is a big problem.;
Suchtmittel;Substantiv;neutr.;das;0;B1;15;addictive substance/drug;Der Handel mit **Suchtmitteln** ist strafbar.;Trafficking in **addictive substances** is punishable.;
Summe;Substantiv;fem.;die;0;B1;489;sum;Die **Summe** der Kosten ist hoch.;The **sum** of the costs is high.;
Symbol;Substantiv;neutr.;das;0;B1;500;symbol;Die Taube ist ein **Symbol** für Frieden.;The dove is a **symbol** of peace.;
System;Substantiv;neutr.;das;0;B1;1491;system/structure;Das **System** funktioniert einwandfrei.;The **system** works perfectly.;
Szene;Substantiv;fem.;die;0;B1;529;scene;Das ist meine **Lieblingsszene** im Film.;That is my favorite **scene** in the movie.;
sämtlich;Indefinitpronomen;nan;nan;0;B1;122;all/entire/complete;Er hat **sämtliche** Bücher gelesen.;He has read **all** the books.;sä-
Sänger;Substantiv;mask.;der;0;B1;259;singer;Der **Sänger** hat eine kräftige Stimme.;The **singer** has a powerful voice.;male
Sängerin;Substantiv;fem.;die;0;B1;108;singer;Sie ist eine berühmte **Sängerin**.;She is a famous (female) **singer**.;female
süchtig;Adjektiv;nan;nan;0;B1;139;addicted/hook;Er ist **süchtig** nach Schokolade.;He is **addicted** to chocolate.;
Tabelle;Substantiv;fem.;die;0;B1;162;table/chart/spreadsheet;Die Daten stehen in der **Tabelle**.;The data is in the **table**.;
Tagesablauf;Substantiv;mask.;der;0;B1;33;daily routine;Wie sieht dein **Tagesablauf** aus?;What is your **daily routine** like?;
Tal;Substantiv;neutr.;das;0;B1;2080;valley/dale;Das Haus liegt im **Tal**.;The house is in the **valley**.;
Talent;Substantiv;neutr.;das;0;B1;242;talent/flair/gift;Er hat ein großes **Talent** für Musik.;He has a great **talent** for music.;
tanken;Verb;nan;nan;0;B1;362;to refuel/pump gas/fill up;Ich muss noch **tanken**.;I still need to **refuel** (get gas).;
Tankstelle;Substantiv;fem.;die;0;B1;127;gas station/filling station;Wo ist die nächste **Tankstelle**?;Where is the nearest **gas station**?;
Tante;Substantiv;fem.;die;0;B1;374;aunt;Meine **Tante** besucht uns heute.;My **aunt** is visiting us today.;
Tanz;Substantiv;mask.;der;0;B1;451;dance;Darf ich um diesen **Tanz** bitten?;May I have this **dance**?;
Taschentuch;Substantiv;neutr.;das;0;B1;90;handkerchief/tissue;Hast du ein **Taschentuch** für mich?;Do you have a **handkerchief** (tissue) for me?;
Tastatur;Substantiv;fem.;die;0;B1;82;keyboard;Meine **Tastatur** ist kaputt.;My **keyboard** is broken.;
Taste;Substantiv;fem.;die;0;B1;73;key/button;Drücken Sie die Enter-**Taste**.;Press the enter **key**.;
Tat;Substantiv;fem.;die;0;B1;1824;act/deed/fact;Er wurde auf frischer **Tat** ertappt.;He was caught in the **act**.;
Tatsache;Substantiv;fem.;die;0;B1;666;fact;Das ist eine bekannte **Tatsache**.;That is a well-known **fact**.;
tatsächlich;Adjektiv;nan;nan;0;B1;1519;actually/indeed/real;Ist das **tatsächlich** wahr?;Is that **actually** true?;t-
taub;Adjektiv;nan;nan;0;B1;1;deaf/numb;Er ist auf einem Ohr **taub**.;He is **deaf** in one ear.;
tauchen;Verb;nan;nan;0;B1;3373;to dive/dip/submerge;Wir gehen im Urlaub **tauchen**.;We're going **diving** on vacation.;
Technik;Substantiv;fem.;die;0;B1;785;technique;Die **Technik** macht enorme Fortschritte.;**Technology** is making enormous progress.;
technisch;Adjektiv;nan;nan;0;B1;2753;technical/technological;Es gab **technische** Probleme.;There were **technical** problems.;
Technologie;Substantiv;fem.;die;0;B1;249;technology;Neue **Technologien** verändern die Welt.;New **technologies** are changing the world.;
Teilnahme;Substantiv;fem.;die;0;B1;249;participation/attendance;Die **Teilnahme** am Kurs ist kostenlos.;**Participation** in the course is free.;
Teilnehmer;Substantiv;mask.;der;0;B1;489;participant/attendee;Es gibt viele **Teilnehmer** am Marathon.;There are many **participants** in the marathon.;male
Teilnehmerin;Substantiv;fem.;die;0;B1;30;participant/attendee;Sie ist eine aktive **Teilnehmerin**.;She is an active (female) **participant**.;female
teilweise;Adjektiv;nan;nan;0;B1;954;partially/partly/in part;Der Erfolg war nur **teilweise**.;The success was only **partial** (partly).;
Teilzeit;Substantiv;fem.;die;0;B1;33;part-time;Sie arbeitet in **Teilzeit**.;She works **part-time**.;
Temperatur;Substantiv;fem.;die;0;B1;524;temperature;Die **Temperatur** steigt heute auf 30 Grad.;The **temperature** is rising to 30 degrees today.;
Tempo;Substantiv;neutr.;das;0;B1;282;tempo/speed/tissue;Fahren Sie mit hohem **Tempo**.;Drive at high **speed** (tempo).;German brand name shorthand
Teppich;Substantiv;mask.;der;0;B1;86;carpet/rug;Der **Teppich** muss gereinigt werden.;The **carpet** needs to be cleaned.;
Terminkalender;Substantiv;mask.;der;0;B1;24;appointment calendar/diary;Ich trage es in meinen **Terminkalender** ein.;I'll put it in my **appointment calendar**.;
Terrasse;Substantiv;fem.;die;0;B1;44;terrace/patio;Wir sitzen gerne auf der **Terrasse**.;We like sitting on the **terrace** (patio).;
testen;Verb;nan;nan;0;B1;576;to test;Wir müssen das neue Modell **testen**.;We have to **test** the new model.;
theoretisch;Adjektiv;nan;nan;0;B1;559;theoretical/theoretically;**Theoretisch** ist das möglich.;**Theoretically**, that's possible.;
Theorie;Substantiv;fem.;die;0;B1;637;theory;Das ist nur eine **Theorie**.;That is just a **theory**.;
Therapie;Substantiv;fem.;die;0;B1;266;therapy/treatment;Er macht eine **Therapie**.;He's undergoing **therapy**.;
Tierpark;Substantiv;mask.;der;0;B1;44;zoo/animal park;Wir besuchen den **Tierpark**.;We're visiting the **animal park** (zoo).;
tippen;Verb;nan;nan;0;B1;447;to type/tap/bet;Ich muss diesen Brief **tippen**.;I have to **type** this letter.;
Tod;Substantiv;mask.;der;0;B1;2841;death;Sein **Tod** war ein großer Verlust.;His **death** was a great loss.;
tolerant;Adjektiv;nan;nan;0;B1;116;tolerant;Er ist sehr **tolerant** gegenüber anderen.;He is very **tolerant** toward others.;
Tor;Substantiv;neutr.;das;0;B1;795;gate/goal;Der Ball flog ins **Tor**.;The ball flew into the **goal**.;sports
Tote;Substantiv;fem., mask.;die, der;0;B1;1204;dead person/casualty/fatality;Es gab viele **Tote** beim Erdbeben.;There were many **dead** (casualties) in the earthquake.;
Tourismus;Substantiv;mask.;der;0;B1;137;tourism;Der **Tourismus** ist wichtig für die Wirtschaft.;**Tourism** is important for the economy.;
Tradition;Substantiv;fem.;die;0;B1;559;tradition;Wir pflegen diese **Tradition**.;We maintain this **tradition**.;
traditionell;Adjektiv;nan;nan;0;B1;2294;traditional;Das ist ein **traditionelles** Gericht.;This is a **traditional** dish.;
Trainer;Substantiv;mask.;der;0;B1;338;coach/trainer;Der **Trainer** ist mit der Leistung zufrieden.;The **coach** is satisfied with the performance.;male
Trainerin;Substantiv;fem.;die;0;B1;44;coach/trainer;Die **Trainerin** gibt Anweisungen.;The (female) **coach** is giving instructions.;female
Tram;Substantiv;fem., neutr.;die;0;B1;55;tram/streetcar;Wir fahren mit der **Tram**.;We're going by **tram**.;t-
Transport;Substantiv;mask.;der;0;B1;616;transport/transportation/shipping;Der **Transport** der Waren dauert lang.;The **transport** of the goods takes a long time.;
transportieren;Verb;nan;nan;0;B1;3764;to transport/convey/carry;LKW **transportieren** viele Güter.;Trucks **transport** many goods.;
Treffpunkt;Substantiv;mask.;der;0;B1;84;meeting point/meeting place;Der Bahnhof ist ein guter **Treffpunkt**.;The station is a good **meeting point**.;
treiben;Verb;nan;nan;0;B1;18180;to drive/pursue/do;Gleich nach dem Aufstehen treibt er Sport.;He **does** (pursues) sport right after getting up.;sport
trennen;Verb;nan;nan;0;B1;2305;to separate/disconnect/divide;Wir müssen den Müll **trennen**.;We must **separate** the trash.;
Trennung;Substantiv;fem.;die;0;B1;294;separation/division/breakup;Die **Trennung** war schmerzhaft.;The **separation** (breakup) was painful.;
Treppenhaus;Substantiv;neutr.;das;0;B1;88;staircase/stairwell;Er wartet im **Treppenhaus**.;He is waiting in the **staircase**.;
treten;Verb;nan;nan;0;B1;61138;to step/kick/tread;**Treten** Sie bitte ein.;Please **step** in (enter).;-n
treu;Adjektiv;nan;nan;0;B1;278;loyal/faithful;Er ist ein **treuer** Freund.;He is a **loyal** (faithful) friend.;
Trinkgeld;Substantiv;neutr.;das;0;B1;56;tip/gratuity;Hast du dem Kellner **Trinkgeld** gegeben?;Did you give the waiter a **tip**?;
trocknen;Verb;nan;nan;0;B1;645;to dry/dry up;Die Wäsche muss noch **trocknen**.;The laundry still needs to **dry**.;
Tropfen;Substantiv;mask.;der;0;B1;362;drop/bead;Ein paar **Tropfen** Regen fielen.;A few **drops** of rain fell.;
Trottoir;Substantiv;neutr.;das;0;B1;36;sidewalk/pavement;Bitte lauf auf dem **Trottoir**.;Please walk on the **sidewalk** (pavement).;Swiss
trotz;Präposition;nan;nan;0;B1;3701;despite/in spite of;**Trotz** des Regens gingen wir spazieren.;**Despite** the rain, we went for a walk.;
trotzdem;Konjunktion;nan;nan;0;B1;696;nevertheless/anyway/still;Es war kalt, **trotzdem** ging er schwimmen.;It was cold, **nevertheless** he went swimming.;
Träne;Substantiv;fem.;die;0;B1;761;tear;Sie hatte **Tränen** in den Augen.;She had **tears** in her eyes.;
Tuch;Substantiv;neutr.;das;0;B1;273;cloth/towel/scarf;Wisch den Tisch mit einem **Tuch** ab.;Wipe the table with a **cloth**.;
Turm;Substantiv;mask.;der;0;B1;375;tower/steeple/turret;Der **Turm** der Kirche ist sehr hoch.;The church **tower** is very high.;
twittern;Verb;nan;nan;0;B1;36;to tweet;Er twittert mehrmals täglich.;He **tweets** several times a day.;
Typ;Substantiv;mask.;der;0;B1;744;type/guy/model;Welcher **Typ** Auto ist das?;What **type** of car is that?;
Täter;Substantiv;mask.;der;0;B1;433;perpetrator/culprit/offender;Der **Täter** wurde gefasst.;The **perpetrator** (culprit) was caught.;male
Täterin;Substantiv;fem.;die;0;B1;15;perpetrator/culprit/offender;Die **Täterin** gestand die Tat.;The (female) **perpetrator** confessed the deed.;female
Tätigkeit;Substantiv;fem.;die;0;B1;969;activity/task/job;Was ist Ihre berufliche **Tätigkeit**?;What is your professional **activity** (job)?;t-
tödlich;Adjektiv;nan;nan;0;B1;430;deadly/fatal/lethal;Das war ein **tödlicher** Unfall.;That was a **fatal** (deadly) accident.;
Tüte;Substantiv;fem.;die;0;B1;195;bag/paper bag/plastic bag;Ich brauche eine **Tüte** für die Einkäufe.;I need a **bag** for the groceries.;
U-Bahn;Substantiv;fem.;die;0;B1;1;subway/metro/underground;Wir nehmen die **U-Bahn**.;We're taking the **subway** (metro).;
Ufer;Substantiv;neutr.;das;0;B1;607;bank/shore/coast;Wir spazieren am **Ufer** des Sees.;We're walking along the **shore** (bank) of the lake.;
umarmen;Verb;nan;nan;0;B1;53;to hug/embrace/clasp;Sie umarmten sich zum Abschied.;They **hugged** (embraced) each other goodbye.;
umdrehen;Verb;nan;nan;0;B1;31;to turn around/turn over/flip;Dreh dich bitte mal um.;Please **turn around**.;
Umfrage;Substantiv;fem.;die;0;B1;184;survey/poll/inquiry;Wir machen eine **Umfrage** zum Thema Umwelt.;We're doing a **survey** on the environment.;
Umgebung;Substantiv;fem.;die;0;B1;735;surroundings/environment/vicinity;Die **Umgebung** von Berlin ist sehr schön.;The **surroundings** (vicinity) of Berlin are very nice.;
umgehen;Verb;nan;nan;0;B1;417;to deal with/handle/bypass;Er kann gut mit Menschen **umgehen**.;He knows how to **deal with** people well.;u-
umgekehrt;partizipiales Adjektiv;nan;nan;0;B1;290;opposite/reverse/vice versa;Es ist genau **umgekehrt**.;It is exactly the **opposite**.;
Umleitung;Substantiv;fem.;die;0;B1;18;detour/diversion/bypass;Wegen der Baustelle gibt es eine **Umleitung**.;Because of the construction site, there is a **detour**.;
umso;Konjunktion;nan;nan;0;B1;153;all the more/all the better;**Umso** besser, wenn du kommst!;**All the better** if you come!;
umsonst;Adverb;nan;nan;0;B1;185;for free/in vain/for nothing;Der Eintritt ist **umsonst**.;The admission is **for free**.;
Umtausch;Substantiv;mask.;der;0;B1;1;exchange;Ein **Umtausch** ist nur mit Kassenzettel möglich.;An **exchange** is only possible with a receipt.;
umtauschen;Verb;nan;nan;0;B1;104;to exchange/swap;Ich möchte die Hose **umtauschen**.;I want to **exchange** the pants.;
Umwelt;Substantiv;fem.;die;0;B1;502;environment;Wir müssen die **Umwelt** schützen.;We must protect the **environment**.;
Umweltschutz;Substantiv;mask.;der;0;B1;57;environmental protection;Der **Umweltschutz** ist ein wichtiges Thema.;**Environmental protection** is an important topic.;
Umweltverschmutzung;Substantiv;fem.;die;0;B1;29;environmental pollution;Die **Umweltverschmutzung** nimmt zu.;**Environmental pollution** is increasing.;
un-;Affix;nan;nan;0;B1;nan;un-/non-/dis-;Das ist unmöglich.;That is **un**possible (impossible).;affix
unentschieden;Adjektiv;nan;nan;0;B1;93;draw/tie/undecided;Das Spiel endete **unentschieden**.;The game ended in a **draw** (tie).;
ungefähr;Adjektiv;nan;nan;0;B1;606;approximate/about/roughly;Die Fahrt dauert **ungefähr** eine Stunde.;The trip takes **about** (roughly) an hour.;u-
ungewöhnlich;Adjektiv;nan;nan;0;B1;452;unusual/extraordinary/uncommon;Das ist ein **ungewöhnlich** warmer Tag.;That is an **unusual**ly warm day.;
unglaublich;Adjektiv;nan;nan;0;B1;309;incredible/unbelievable;Das ist einfach **unglaublich**!;That is simply **incredible**!;
Unglück;Substantiv;neutr.;das;0;B1;239;misfortune/accident/unhappiness;Er hatte ein schweres **Unglück** mit dem Auto.;He had a serious **accident** with the car.;
unheimlich;Adjektiv;nan;nan;0;B1;216;scary/eerie/incredibly;Es war **unheimlich** dunkel im Wald.;It was **scary** (eerie) dark in the forest.;
Uniform;Substantiv;fem.;die;0;B1;330;uniform;Polizisten tragen eine **Uniform**.;Police officers wear a **uniform**.;
unter-;Affix;nan;nan;0;B1;2;under-/lower/sub-;Das Boot ist untergegangen.;The boat went **under** (sunk).;affix
unterbrechen;Verb;nan;nan;0;B1;354;to interrupt/break/disrupt;Bitte unterbrich mich nicht beim Sprechen.;Please don't **interrupt** me when I'm speaking.;u-
Unterhaltung;Substantiv;fem.;die;0;B1;279;entertainment/conversation;Vielen Dank für die gute **Unterhaltung**.;Thank you for the good **entertainment** (conversation).;
Unterlage;Substantiv;fem.;die;0;B1;257;document/record/base;Ich habe alle notwendigen **Unterlagen** dabei.;I have all the necessary **documents** with me.;un-
unterlassen;Verb;nan;nan;0;B1;145;to refrain/omit/neglect;Bitte **unterlassen** Sie das Rauchen hier.;Please **refrain** from smoking here.;
Unternehmer;Substantiv;mask.;der;0;B1;201;entrepreneur/businessman;Er ist ein erfolgreicher **Unternehmer**.;He is a successful **entrepreneur**.;male
Unternehmerin;Substantiv;fem.;die;0;B1;27;entrepreneur/businesswoman;Sie ist eine junge **Unternehmerin**.;She is a young (female) **entrepreneur**.;female
unterrichten;Verb;nan;nan;0;B1;393;to teach/instruct;Sie unterrichtet Deutsch an einer Schule.;She **teaches** German at a school.;
untersagt;partizipiales Adjektiv;nan;nan;0;B1;32;prohibited/forbidden;Das Betreten ist streng **untersagt**.;Entry is strictly **prohibited**.;
unterscheiden;Verb;nan;nan;0;B1;1174;to distinguish/differ/differentiate;Ich kann die Zwillinge kaum **unterscheiden**.;I can hardly **distinguish** the twins.;u-
unterschiedlich;Adjektiv;nan;nan;0;B1;1849;different/varying/diverse;Wir haben **unterschiedliche** Meinungen.;We have **different** opinions.;u-
unterstreichen;Verb;nan;nan;0;B1;154;to underline/emphasize;Bitte **unterstreichen** Sie die wichtigen Wörter.;Please **underline** the important words.;
unterstützen;Verb;nan;nan;0;B1;925;to support/assist/aid;Wir müssen ihn bei seiner Arbeit **unterstützen**.;We must **support** him in his work.;
Unterstützung;Substantiv;fem.;die;0;B1;535;support/assistance/backing;Ich brauche deine **Unterstützung**.;I need your **support**.;
Untersuchung;Substantiv;fem.;die;0;B1;1109;investigation/examination/study;Die **Untersuchung** des Vorfalls dauert an.;The **investigation** into the incident continues.;
Urkunde;Substantiv;fem.;die;0;B1;133;document/certificate/deed;Er erhielt eine **Urkunde** für seine Leistung.;He received a **certificate** for his performance.;ur-
Ursache;Substantiv;fem.;die;0;B1;714;cause/reason/source;Was war die **Ursache** für den Unfall?;What was the **cause** of the accident?;u-
ursprünglich;Adjektiv;nan;nan;0;B1;1518;original/originally;**Ursprünglich** wollte ich Lehrer werden.;**Originally**, I wanted to be a teacher.;u-
Urteil;Substantiv;neutr.;das;0;B1;536;judgment/verdict/sentence;Das **Urteil** wird morgen verkündet.;The **verdict** (judgment) will be announced tomorrow.;
Vase;Substantiv;fem.;die;0;B1;103;vase;Die Blumen stehen in einer **Vase**.;The flowers are in a **vase**.;
vegetarisch;Adjektiv;nan;nan;0;B1;63;vegetarian;Ich esse gerne **vegetarisch**.;I like eating **vegetarian**.;
Velo;Substantiv;neutr.;das;0;B1;13;bicycle/bike;Kommst du mit dem **Velo**?;Are you coming by **bicycle**?;Swiss
Verabredung;Substantiv;fem.;die;0;B1;45;appointment/date/arrangement;Ich habe heute eine **Verabredung**.;I have a **date** (appointment) today.;
verabschieden;Verb;nan;nan;0;B1;345;to say goodbye/pass;Wir müssen uns leider **verabschieden**.;Unfortunately, we have to **say goodbye**.;law
verantwortlich;Adjektiv;nan;nan;0;B1;1225;responsible/accountable;Wer ist für das Projekt **verantwortlich**?;Who is **responsible** for the project?;v-
Verantwortung;Substantiv;fem.;die;0;B1;368;responsibility;Er übernimmt die volle **Verantwortung**.;He assumes full **responsibility**.;v-
verbessern;Verb;nan;nan;0;B1;699;to improve/correct;Ich möchte mein Englisch **verbessern**.;I want to **improve** my English.;
verbinden;Verb;nan;nan;0;B1;2487;to connect/link/combine;Die Brücke verbindet die beiden Städte.;The bridge **connects** the two cities.;
Verbindung;Substantiv;fem.;die;0;B1;1739;connection/link/combination;Die **Verbindung** zum Internet ist abgebrochen.;The **connection** to the internet was cut off.;
Verbot;Substantiv;neutr.;das;0;B1;283;ban/prohibition;Es gibt ein **Verbot** für das Parken hier.;There is a **ban** (prohibition) on parking here.;
verbrauchen;Verb;nan;nan;0;B1;327;to consume/use up;Mein Auto verbraucht viel Benzin.;My car **consumes** (uses) a lot of gas.;
Verbrecher;Substantiv;mask.;der;0;B1;25;criminal/villain;Die Polizei sucht den **Verbrecher**.;The police are looking for the **criminal**.;male
Verbrecherin;Substantiv;fem.;die;0;B1;12;criminal/villain;Die **Verbrecherin** wurde gefasst.;The (female) **criminal** was caught.;female
verbrennen;Verb;nan;nan;0;B1;378;to burn/incinerate;Das Holz verbrennt im Kamin.;The wood is **burning** in the fireplace.;
verbringen;Verb;nan;nan;0;B1;1177;to spend;Wir **verbringen** unseren Urlaub in Italien.;We're **spending** our vacation in Italy.;time
Verdacht;Substantiv;mask.;der;0;B1;312;suspicion;Es besteht der **Verdacht** auf Diebstahl.;There is a **suspicion** of theft.;
verdächtig;Adjektiv;nan;nan;0;B1;192;suspicious;Sein Verhalten ist sehr **verdächtig**.;His behavior is very **suspicious**.;
Vergangenheit;Substantiv;fem.;die;0;B1;579;past;In der **Vergangenheit** war alles anders.;In the **past**, everything was different.;
vergeblich;Adjektiv;nan;nan;0;B1;202;in vain/futile/useless;Alle Versuche waren **vergeblich**.;All attempts were **in vain**.;
Vergleich;Substantiv;mask.;der;0;B1;932;comparison/settlement;Im **Vergleich** zu letztem Jahr ist es kälter.;In **comparison** with last year, it's colder.;
Vergnügen;Substantiv;neutr.;das;0;B1;11;pleasure/enjoyment/delight;Es war mir ein **Vergnügen**.;It was a **pleasure** for me.;
vergnügen;Verb;nan;nan;0;B1;475;to enjoy oneself/amuse;Die Kinder **vergnügen** sich im Park.;The children are **enjoying themselves** in the park.;
vergnügt;partizipiales Adjektiv;nan;nan;0;B1;1;cheerful/merry/jolly;Er pfeift ein **vergnügtes** Lied.;He's whistling a **cheerful** (merry) tune.;
vergrößern;Verb;nan;nan;0;B1;252;to enlarge/increase/magnify;Wir müssen das Bild **vergrößern**.;We have to **enlarge** the picture.;
verhaften;Verb;nan;nan;0;B1;286;to arrest/detain;Die Polizei hat den Dieb verhaftet.;The police **arrested** the thief.;
Verhalten;Substantiv;neutr.;das;0;B1;1850;behavior/conduct/attitude;Sein **Verhalten** ist nicht akzeptabel.;His **behavior** is not acceptable.;
verhalten;Verb;nan;nan;0;B1;1850;to behave/act;Du sollst dich ruhig **verhalten**.;You should **behave** (act) quietly.;
verhindern;Verb;nan;nan;0;B1;1181;to prevent/hinder/stop;Wir müssen den Unfall **verhindern**.;We must **prevent** the accident.;
Verhältnis;Substantiv;neutr.;das;0;B1;1178;relationship/ratio/proportion;Sie haben ein gutes **Verhältnis** zueinander.;They have a good **relationship** with each other.;v-
Verkehrszeichen;Substantiv;neutr.;das;0;B1;36;traffic sign/road sign;Achten Sie auf die **Verkehrszeichen**.;Pay attention to the **traffic signs**.;
Verkäuferin;Substantiv;fem.;die;0;B1;61;saleswoman/shop assistant;Die **Verkäuferin** berät den Kunden.;The (female) **shop assistant** advises the customer.;female
Verlag;Substantiv;mask.;der;0;B1;275;publishing house/publisher;Das Buch erschien in einem großen **Verlag**.;The book was published by a large **publishing house**.;
verlangen;Verb;nan;nan;0;B1;3555;to demand/request/require;Wir **verlangen** eine Erklärung.;We **demand** an explanation.;v-
verlassen;Verb;nan;nan;0;B1;1822;to leave/abandon/desert;Er hat das Haus **verlassen**.;He **left** the house.;
verlaufen;Verb;nan;nan;0;B1;725;to proceed/pass/run;Das Gespräch verlief sehr positiv.;The conversation **proceeded** very positively.;
Verletzung;Substantiv;fem.;die;0;B1;568;injury/wound/violation;Die **Verletzung** am Bein heilt langsam.;The **injury** on the leg is healing slowly.;
verliebt;partizipiales Adjektiv;nan;nan;0;B1;nan;in love;Er ist über beide Ohren **verliebt**.;He is head over heels **in love**.;
Verlierer;Substantiv;mask.;der;0;B1;52;loser;Keiner will ein **Verlierer** sein.;Nobody wants to be a **loser**.;male
Verlust;Substantiv;mask.;der;0;B1;658;loss/waste;Der **Verlust** des Schlüssels ist ärgerlich.;The **loss** of the key is annoying.;
verlängern;Verb;nan;nan;0;B1;246;to extend/prolong/lengthen;Ich muss meinen Aufenthalt **verlängern**.;I have to **extend** my stay.;
vermeiden;Verb;nan;nan;0;B1;664;to avoid/shun/prevent;Wir müssen unnötigen Lärm **vermeiden**.;We must **avoid** unnecessary noise.;
Vermietung;Substantiv;fem.;die;0;B1;19;rental/hiring;Die **Vermietung** von Fahrrädern ist dort möglich.;The **rental** (hiring) of bicycles is possible there.;
vermissen;Verb;nan;nan;0;B1;132;to miss;Ich vermisse meine Familie sehr.;I **miss** my family very much.;
Vermittlung;Substantiv;fem.;die;0;B1;158;placement/agency/mediation;Die **Vermittlung** von Jobs ist ihre Aufgabe.;The **placement** (agency) of jobs is her task.;
vermuten;Verb;nan;nan;0;B1;484;to suspect/assume/guess;Ich vermute, dass er heute kommt.;I **suspect** (assume) that he's coming today.;
vermutlich;Adjektiv;nan;nan;0;B1;602;probable/probably/likely;Er ist **vermutlich** krank.;He is **probably** sick.;v-
vernünftig;Adjektiv;nan;nan;0;B1;237;reasonable/sensible/rational;Das ist ein **vernünftiger** Vorschlag.;That is a **reasonable** (sensible) suggestion.;
verpacken;Verb;nan;nan;0;B1;426;to pack/wrap/package;Bitte **verpacken** Sie das Geschenk schön.;Please **wrap** (pack) the gift nicely.;
verpflegen;Verb;nan;nan;0;B1;80;to feed/provide food;Wir müssen die Gäste gut **verpflegen**.;We have to **feed** (provide food for) the guests well.;v-
verpflichten;Verb;nan;nan;0;B1;567;to oblige/commit/engage;Wir fühlen uns dazu verpflichtet.;We feel **obliged** (committed) to do it.;
verraten;Verb;nan;nan;0;B1;190;to betray/reveal/tell;Bitte verrate mein Geheimnis nicht.;Please don't **reveal** (betray) my secret.;
verrückt;partizipiales Adjektiv;nan;nan;0;B1;483;crazy/mad/insane;Das ist eine **verrückte** Idee!;That is a **crazy** idea!;
Versammlung;Substantiv;fem.;die;0;B1;256;assembly/meeting/gathering;Die **Versammlung** beginnt um 10 Uhr.;The **assembly** (meeting) begins at 10 o'clock.;
verschmutzen;Verb;nan;nan;0;B1;209;to pollute/dirty/soil;Wir dürfen das Wasser nicht **verschmutzen**.;We must not **pollute** (dirty) the water.;
verschreiben;Verb;nan;nan;0;B1;158;to prescribe/miswrite;Der Arzt hat mir Tabletten verschrieben.;The doctor **prescribed** tablets for me.;
verschwinden;Verb;nan;nan;0;B1;893;to disappear/vanish;Die Wolken **verschwinden** langsam.;The clouds are slowly **disappearing**.;
versichern;Verb;nan;nan;0;B1;854;to insure/assure/declare;Ich muss mein Auto **versichern**.;I have to **insure** my car.;
Versichertenkarte;Substantiv;fem.;die;0;B1;nan;insurance card/health card;Bitte zeigen Sie Ihre **Versichertenkarte**.;Please show your **insurance card**.;
Versicherung;Substantiv;fem.;die;0;B1;675;insurance/assurance;Die **Versicherung** zahlt den Schaden.;The **insurance** pays for the damage.;
versprechen;Verb;nan;nan;0;B1;484;to promise;Ich verspreche dir zu helfen.;I **promise** to help you.;
verstecken;Verb;nan;nan;0;B1;606;to hide/conceal;Die Kinder **verstecken** sich im Garten.;The children are **hiding** in the garden.;
verständlich;Adjektiv;nan;nan;0;B1;322;understandable/intelligible;Die Erklärung war sehr **verständlich**.;The explanation was very **understandable**.;
Verständnis;Substantiv;neutr.;das;0;B1;338;understanding/comprehension/sympathy;Ich danke dir für dein **Verständnis**.;I thank you for your **understanding**.;
Versuch;Substantiv;mask.;der;0;B1;886;attempt/trial/experiment;Das war mein erster **Versuch**.;That was my first **attempt**.;
versäumen;Verb;nan;nan;0;B1;148;to miss/neglect/fail;Er hat den Termin versäumt.;He **missed** the appointment.;
verteilen;Verb;nan;nan;0;B1;1097;to distribute/deal/spread;Bitte **verteilen** Sie die Handzettel.;Please **distribute** the flyers.;
Vertrauen;Substantiv;neutr.;das;0;B1;40;trust/confidence/faith;Ich habe volles **Vertrauen** zu dir.;I have full **trust** (confidence) in you.;
vertrauen;Verb;nan;nan;0;B1;629;to trust/rely on/confide;Du kannst mir **vertrauen**.;You can **trust** me.;
vertreten;Verb;nan;nan;0;B1;757;to represent/replace/stand in for;Er vertritt mich im Urlaub.;He is **representing** (standing in for) me while on vacation.;ve-
Vertreter;Substantiv;mask.;der;0;B1;1254;representative/agent/salesman;Er ist ein **Vertreter** der Firma.;He is a **representative** (agent) of the company.;male, ve-
Vertreterin;Substantiv;fem.;die;0;B1;88;representative/agent/saleswoman;Sie ist die **Vertreterin** des Bürgermeisters.;She is the (female) **representative** of the mayor.;female, ve-
Vertretung;Substantiv;fem.;die;0;B1;133;representation/substitution/agency;Ich übernehme die **Vertretung**.;I'll take over the **representation** (substitution).;ve-
verursachen;Verb;nan;nan;0;B1;2307;to cause/provoke/induce;Der Lärm verursacht Kopfschmerzen.;The noise **causes** headaches.;
verurteilen;Verb;nan;nan;0;B1;519;to condemn/sentence/judge;Der Richter verurteilte ihn zu einer Geldstrafe.;The judge **sentenced** him to a fine.;
Verwaltung;Substantiv;fem.;die;0;B1;443;administration/management;Er arbeitet in der städtischen **Verwaltung**.;He works in the city **administration**.;
verwandt;Adjektiv;nan;nan;0;B1;393;related/akin;Sind Sie mit ihm **verwandt**?;Are you **related** to him?;
verwechseln;Verb;nan;nan;0;B1;229;to confuse/mix up/mistake;Ich habe die beiden Namen verwechselt.;I **confused** (mixed up) the two names.;
verwenden;Verb;nan;nan;0;B1;10982;to use/employ/apply;Welches Reinigungsmittel **verwenden** Sie?;Which cleaning agent do you **use**?;v-
verzeihen;Verb;nan;nan;0;B1;188;to forgive/pardon/excuse;**Verzeihen** Sie mir bitte.;Please **forgive** me.;
Verzeihung;Substantiv;fem.;die;0;B1;43;forgiveness/pardon/excuse;Ich bitte um **Verzeihung**.;I beg your **pardon** (forgiveness).;
verzichten;Verb;nan;nan;0;B1;579;to do without/forgo/waive;Ich kann auf Nachtisch **verzichten**.;I can **do without** (forgo) dessert.;
verändern;Verb;nan;nan;0;B1;1141;to change/alter/modify;Die Stadt hat sich stark verändert.;The city has **changed** a lot.;v-
veröffentlichen;Verb;nan;nan;0;B1;1278;to publish/release/announce;Das Buch wurde letztes Jahr veröffentlicht.;The book was **published** last year.;
Video;Substantiv;neutr.;das;0;B1;316;video;Hast du das **Video** gesehen?;Have you seen the **video**?;
virtuell;Adjektiv;nan;nan;0;B1;178;virtual;Das ist eine **virtuelle** Welt.;This is a **virtual** world.;
Virus;Substantiv;neutr., mask.;das;0;B1;407;virus;Mein Computer hat einen **Virus**.;My computer has a **virus**.;
Visitenkarte;Substantiv;fem.;die;0;B1;40;business card;Hier ist meine **Visitenkarte**.;Here is my **business card**.;
Visum;Substantiv;neutr.;das;0;B1;81;visa;Ich brauche ein **Visum** für meine Reise.;I need a **visa** for my trip.;
Vitamin;Substantiv;neutr.;das;0;B1;911;vitamin;Obst enthält viele **Vitamine.**;Fruit contains many **vitamins**.;
Vollzeit;Substantiv;fem.;die;0;B1;19;full-time;Er arbeitet in **Vollzeit**.;He works **full-time**.;
voneinander;Adverb;nan;nan;0;B1;349;from each other/one another;Sie wohnen weit **voneinander** entfernt.;They live far **from each other**.;
vor allem;Mehrwortausdruck;nan;nan;0;B1;nan;above all/especially/mainly;Ich mag Obst, **vor allem** Äpfel.;I like fruit, **especially** (above all) apples.;
voraus;Adverb;nan;nan;0;B1;401;ahead/in advance;Vielen Dank im **Voraus**!;Thank you **in advance**!;
Voraussetzung;Substantiv;fem.;die;0;B1;532;requirement/condition/prerequisite;Das ist die **Voraussetzung** für den Kurs.;That is the **requirement** for the course.;vo-
voraussichtlich;Adjektiv;nan;nan;0;B1;117;probable/expected/likely;Der Zug kommt **voraussichtlich** pünktlich.;The train is **expected** (likely) to arrive on time.;
vorbei-;Affix;nan;nan;0;B1;1;past-/by-;Wir sind am Haus vorbeigefahren.;We drove **past** the house.;affix
Vorbereitung;Substantiv;fem.;die;0;B1;273;preparation;Die **Vorbereitungen** für das Fest laufen.;**Preparations** for the festival are underway.;
vorder;Adjektiv;nan;nan;0;B1;218;front/former;Bitte setzen Sie sich in die **vordere** Reihe.;Please sit in the **front** row.;
Vorfahrt;Substantiv;fem.;die;0;B1;50;right of way/priority;Hier haben Sie **Vorfahrt**.;You have the **right of way** here.;
vorhaben;Verb;nan;nan;0;B1;62;to intend/plan/purpose;Was hast du am Wochenende vor?;What are you **planning** (intending) for the weekend?;
vorhin;Adverb;nan;nan;0;B1;70;a little while ago/earlier;Ich habe ihn **vorhin** gesehen.;I saw him **a little while ago**.;
vorkommen;Verb;nan;nan;0;B1;821;to occur/happen/seem;Das kommt oft vor.;That **occurs** (happens) often.;v-
vorlesen;Verb;nan;nan;0;B1;116;to read aloud;Kannst du mir die Geschichte **vorlesen**?;Can you **read** the story **aloud** to me?;
vorläufig;Adjektiv;nan;nan;0;B1;163;preliminary/temporary/for the time being;Das ist nur eine **vorläufige** Entscheidung.;That is only a **preliminary** (temporary) decision.;
Vorort;Substantiv;mask.;der;0;B1;205;suburb;Er wohnt in einem **Vorort** von Berlin.;He lives in a **suburb** of Berlin.;
vorschlagen;Verb;nan;nan;0;B1;281;to suggest/propose;Was schlägst du vor?;What do you **suggest** (propose)?;
Vorschrift;Substantiv;fem.;die;0;B1;402;regulation/rule/instruction;Man muss die **Vorschriften** beachten.;One must follow the **regulations** (rules).;
Vorspeise;Substantiv;fem.;die;0;B1;nan;appetizer/starter;Was gibt es als **Vorspeise**?;What is there as an **appetizer** (starter)?;
Vorstellung;Substantiv;fem.;die;0;B1;977;performance/idea/introduction;Die **Vorstellung** beginnt um 20 Uhr.;The **performance** begins at 8 p.m.;v-
Vorstellungsgespräch;Substantiv;neutr.;das;0;B1;37;job interview;Ich habe morgen ein **Vorstellungsgespräch**.;I have a **job interview** tomorrow.;
Vorteil;Substantiv;mask.;der;0;B1;727;advantage/benefit/pro;Das Haus hat viele **Vorteile.**;The house has many **advantages**.;
Vortrag;Substantiv;mask.;der;0;B1;307;lecture/talk/presentation;Der **Vortrag** war sehr interessant.;The **lecture** (talk) was very interesting.;
Vorwurf;Substantiv;mask.;der;0;B1;373;accusation/reproach/blame;Mach mir keine Vorwürfe.;Don't make me any **reproaches** (accusations).;
völlig;Adjektiv;nan;nan;0;B1;1421;complete/total/entire;Das ist **völlig** egal.;That is **totally** irrelevant.;vö-
waagerecht;Adjektiv;nan;nan;0;B1;nan;horizontal/level;Die Linie ist **waagerecht**.;The line is **horizontal**.;
waagrecht;Adjektiv;nan;nan;0;B1;42;horizontal;Stellen Sie das Brett **waagrecht**.;Set the board **horizontally**.;variant
wachsen;Verb;nan;nan;0;B1;20199;to grow/increase/wax;Die Pflanzen **wachsen** schnell.;The plants are **growing** quickly.;
Wahl;Substantiv;fem.;die;0;B1;1009;choice/election/selection;Sie haben die **Wahl**.;You have the **choice**.;
wahnsinnig;Adjektiv;nan;nan;0;B1;182;crazy/insane/incredibly;Das ist ein **wahnsinniges** Tempo.;That is an **insane** (crazy) speed.;
Wahrheit;Substantiv;fem.;die;0;B1;582;truth;Sag mir bitte die **Wahrheit**.;Please tell me the **truth**.;
Wand;Substantiv;fem.;die;0;B1;1408;wall;Das Bild hängt an der **Wand**.;The picture is on the **wall**.;w-
Wanderung;Substantiv;fem.;die;0;B1;213;hike/trekking/migration;Wir machen eine **Wanderung** durch die Berge.;We're going for a **hike** through the mountains.;
Wandrung;Substantiv;fem.;die;0;B1;nan;hike;Auf unserer **Wandrung** sahen wir viele Tiere.;On our **hike** we saw many animals.;poetic/variant
Ware;Substantiv;fem.;die;0;B1;1177;goods/merchandise/product;Die **Ware** wird heute geliefert.;The **goods** (merchandise) will be delivered today.;
warnen;Verb;nan;nan;0;B1;843;to warn/caution/alert;Ich muss dich **warnen**.;I must **warn** you.;
Waschmittel;Substantiv;neutr.;das;0;B1;41;laundry detergent/washing agent;Welches **Waschmittel** benutzt du?;Which **laundry detergent** do you use?;
Wecker;Substantiv;mask.;der;0;B1;61;alarm clock;Der **Wecker** klingelt um sechs Uhr.;The **alarm clock** rings at six o'clock.;w-
weder;Konjunktion;nan;nan;0;B1;5023;neither;Er spricht **weder** Deutsch noch Englisch.;He speaks **neither** German nor English.;
weg-;Affix;nan;nan;0;B1;nan;away-/off-;Er ist weggegangen.;He went **away**.;affix
weigern;Verb;nan;nan;0;B1;226;to refuse/decline;Er weigert sich zu antworten.;He **refuses** to answer.;
weiter;Adjektiv;nan;nan;0;B1;76521;further/next/wide;Haben Sie noch **weitere** Fragen?;Do you have any **further** questions?;
Weiterbildung;Substantiv;fem.;die;0;B1;60;further education/training;Ich mache eine **Weiterbildung** zur Softwareentwicklerin.;I'm doing **further education** (training) as a software developer.;
weltenweit;Adjektiv;nan;nan;0;B1;nan;world-wide/incredibly wide;Das ist ein **weltenweiter** Unterschied.;That is a **world-wide** (huge) difference.;
weltweit;Adjektiv;nan;nan;0;B1;935;world-wide/global;Die Firma ist **weltweit** bekannt.;The company is known **world-wide**.;
wenden;Verb;nan;nan;0;B1;6284;to turn/apply/address;Sie wendeten sich an mich.;They **turned** to me.;w-
Werbung;Substantiv;fem.;die;0;B1;269;advertising/publicity/commercial;Die **Werbung** im Fernsehen nervt.;The **advertising** (commercials) on TV is annoying.;
werfen;Verb;nan;nan;0;B1;42985;to throw/cast/toss;Wirf den Ball zu mir!;**Throw** the ball to me!;
Werk;Substantiv;neutr.;das;0;B1;1387;work/work (of art)/factory;Das ist ein bedeutendes **Werk**.;This is a significant **work**.;
Werkzeug;Substantiv;neutr.;das;0;B1;576;tool/implement/instrument;Ich brauche **Werkzeug** für die Reparatur.;I need **tools** for the repair.;
Wert;Substantiv;mask.;der;0;B1;3174;value/worth/importance;Das Haus hat einen hohen **Wert**.;The house has a high **value**.;
wert;Adjektiv;nan;nan;0;B1;328;worth/valuable;Das ist die Mühe nicht **wert**.;It's not **worth** the effort.;
wertlos;Adjektiv;nan;nan;0;B1;137;worthless/valueless;Das alte Radio ist **wertlos**.;The old radio is **worthless**.;
wertvoll;Adjektiv;nan;nan;0;B1;282;valuable/precious;Das ist eine **wertvolle** Information.;That is **valuable** information.;
weshalb;Adverb;nan;nan;0;B1;383;why/which is why;**Weshalb** bist du so spät?;**Why** are you so late?;
wetten;Verb;nan;nan;0;B1;124;to bet/wager;Ich wette dass es heute regnet.;I **bet** it's going to rain today.;
Wetterbericht;Substantiv;mask.;der;0;B1;35;weather report;Hast du den **Wetterbericht** gehört?;Have you heard the **weather report**?;
Wettervorhersage;Substantiv;fem.;die;0;B1;22;weather forecast;Die **Wettervorhersage** war falsch.;The **weather forecast** was wrong.;
widersprechen;Verb;nan;nan;0;B1;226;to contradict/disagree/object;Bitte **widersprechen** Sie mir nicht.;Please don't **contradict** me.;
wieder-;Affix;nan;nan;0;B1;1;re-/again-;Man muss es wiederholen.;One must **re**peat (do again) it.;affix
Wiederholung;Substantiv;fem.;die;0;B1;168;repetition/repetition;Die **Wiederholung** der Sendung ist morgen.;The **repetition** (rebroadcast) of the show is tomorrow.;of a show
wiegen;Verb;nan;nan;0;B1;1787;to weigh/rock;Wie viel **wiegen** die Äpfel?;How much do the apples **weigh**?;cradle
Wiese;Substantiv;fem.;die;0;B1;454;meadow/field/pasture;Die Kühe stehen auf der **Wiese**.;The cows are in the **meadow**.;
wieso;Adverb;nan;nan;0;B1;165;why/how so;**Wieso** hast du das getan?;**Why** (How so) did you do that?;
wild;Adjektiv;nan;nan;0;B1;1737;wild;Im Wald leben **wilde** Tiere.;**Wild** animals live in the forest.;
winken;Verb;nan;nan;0;B1;966;to wave/beckon;Sie winkte zum Abschied.;She **waved** goodbye.;
wirken;Verb;nan;nan;0;B1;18241;to work/act/seem;Die Medizin beginnt zu **wirken**.;The medicine is starting to **work** (act).;
Wirklichkeit;Substantiv;fem.;die;0;B1;456;truth;In **Wirklichkeit** war alles ganz anders.;In **reality**, everything was quite different.;
Wirkung;Substantiv;fem.;die;0;B1;983;effect/impact/consequence;Die Tabletten haben eine starke **Wirkung**.;The tablets have a strong **effect**.;
Wirt;Substantiv;mask.;der;0;B1;211;host/landlord/innkeeper;Der **Wirt** begrüßt die Gäste.;The **host** (innkeeper) greets the guests.;male
Wirtin;Substantiv;fem.;die;0;B1;64;hostess/landlady/innkeeper;Die **Wirtin** kocht selbst.;The (female) **innkeeper** (hostess) cooks herself.;female
Wirtschaft;Substantiv;fem.;die;0;B1;685;economy/economics/pub;Die **Wirtschaft** wächst wieder.;The **economy** is growing again.;
Wissen;Substantiv;neutr.;das;0;B1;1;knowledge;**Wissen** ist Macht.;**Knowledge** is power.;
Wissenschaftler;Substantiv;mask.;der;0;B1;641;scientist;Er ist ein bedeutender **Wissenschaftler**.;He is an important **scientist**.;male
Wissenschaftlerin;Substantiv;fem.;die;0;B1;136;scientist;Die **Wissenschaftlerin** forscht im Labor.;The (female) **scientist** is researching in the lab.;female
wohl;Adjektiv;nan;nan;0;B1;22036;well/probably/perhaps;Ich fühle mich heute nicht **wohl**.;I don't feel **well** today.;wo-
Wohnort;Substantiv;mask.;der;0;B1;11;place of residence;Wie lautet Ihr **Wohnort**?;What is your **place of residence**?;
Wohnsitz;Substantiv;mask.;der;0;B1;127;residence/domicile/abode;Er hat seinen **Wohnsitz** in Wien.;He has his **residence** in Vienna.;
Wolle;Substantiv;fem.;die;0;B1;209;wool;Der Pullover ist aus reiner **Wolle**.;The sweater is made of pure **wool**.;
worum;Pronominaladverb;nan;nan;0;B1;4;about what;**Worum** geht es in diesem Buch?;**About what** is this book? (What is this book about?);
worüber;Pronominaladverb;nan;nan;0;B1;63;about what/of which;**Worüber** habt ihr gesprochen?;**About what** (Of what) did you talk?;
Wunde;Substantiv;fem.;die;0;B1;354;wound/injury;Die **Wunde** muss gereinigt werden.;The **wound** must be cleaned.;
Wunder;Substantiv;neutr.;das;0;B1;291;wonder/miracle;Es ist ein **Wunder** dass er überlebt hat.;It is a **wonder** (miracle) that he survived.;
wundern;Verb;nan;nan;0;B1;164;to wonder/be surprised;Es wundert mich nicht.;It doesn't **surprise** (wonder) me.;
wunderschön;Adjektiv;nan;nan;0;B1;241;wonderful/beautiful/gorgeous;Das war ein **wunderschöner** Abend.;That was a **wonderful** (beautiful) evening.;-ö-
während;nan;nan;nan;0;B1;7072;during/while/whereas;**Während** der Fahrt darf man nicht rauchen.;One must not smoke **during** the journey.;
Wärme;Substantiv;fem.;die;0;B1;478;warmth/heat;Die **Wärme** der Sonne ist angenehm.;The **warmth** of the sun is pleasant.;
Wörterbuch;Substantiv;neutr.;das;0;B1;427;dictionary;Ich schaue das Wort im **Wörterbuch** nach.;I'll look up the word in the **dictionary**.;
wütend;partizipiales Adjektiv;nan;nan;0;B1;283;angry/furious/mad;Er war sehr **wütend** über den Fehler.;He was very **angry** about the mistake.;
zahlreich;Adjektiv;nan;nan;0;B1;1474;numerous;**Zahlreiche** Gäste kamen zur Party.;**Numerous** guests came to the party.;
Zahlung;Substantiv;fem.;die;0;B1;306;payment;Die **Zahlung** erfolgt per Kreditkarte.;The **payment** is made by credit card.;
Zahnbürste;Substantiv;fem.;die;0;B1;31;toothbrush;Ich brauche eine neue **Zahnbürste**.;I need a new **toothbrush**.;
Zahncreme;Substantiv;fem.;die;0;B1;nan;toothpaste;Welche **Zahncreme** benutzt du?;Which **toothpaste** do you use?;
Zahncrème;Substantiv;fem.;die;0;B1;2;toothpaste;Haben wir noch **Zahncrème**?;Do we still have **toothpaste**?;variant
Zahnpasta;Substantiv;fem.;die;0;B1;20;toothpaste;Wo ist die **Zahnpasta**?;Where is the **toothpaste**?;
Zange;Substantiv;fem.;die;0;B1;65;pliers/tongs/pincers;Reich mir bitte die **Zange**.;Please hand me the **pliers**.;
Zeichen;Substantiv;neutr.;das;0;B1;1361;sign/symbol/character;Das ist ein gutes **Zeichen**.;That is a good **sign**.;
Zeichnung;Substantiv;fem.;die;0;B1;235;drawing/sketch/diagram;Die **Zeichnung** ist sehr detailreich.;The **drawing** is very detailed.;
Zeile;Substantiv;fem.;die;0;B1;314;line/row;Lies bitte die erste **Zeile**.;Please read the first **line**.;z-
Zeitpunkt;Substantiv;mask.;der;0;B1;842;point in time/moment/time;Das war der falsche **Zeitpunkt**.;That was the wrong **moment** (time).;
zelten;Verb;nan;nan;0;B1;16;to camp/go camping;Wir wollen am See **zelten**.;We want to **camp** by the lake.;
zentral;Adjektiv;nan;nan;0;B1;814;central;Die Wohnung liegt sehr **zentral**.;The apartment is very **centrally** located.;
zerstören;Verb;nan;nan;0;B1;952;to destroy/ruin/wreck;Der Sturm hat das Haus zerstört.;The storm **destroyed** the house.;
Zertifikat;Substantiv;neutr.;das;0;B1;77;certificate;Er hat das **Zertifikat** bestanden.;He passed the **certificate**.;
Zeug;Substantiv;neutr.;das;0;B1;366;stuff/things/fabric;Räum dein **Zeug** weg!;Put your **stuff** away!;
Zeuge;Substantiv;mask.;der;0;B1;752;witness;Der **Zeuge** sah den Unfall.;The **witness** saw the accident.;mak., z-
Zeugin;Substantiv;fem.;die;0;B1;102;witness;Die **Zeugin** sagte vor Gericht aus.;The (female) **witness** testified in court.;fem., z-
ziemlich;Adjektiv;nan;nan;0;B1;963;quite/fairly/rather;Das ist **ziemlich** teuer.;That is **quite** expensive.;z-
Zins;Substantiv;mask.;der;0;B1;219;interest;Wie hoch sind die **Zinsen** für den Kredit?;How high is the **interest** on the loan?;financial
Zivilstand;Substantiv;mask.;der;0;B1;13;civil status/marital status;Bitte geben Sie Ihren **Zivilstand** an.;Please state your **civil status**.;
Znüni;Substantiv;neutr., mask.;das, der;0;B1;nan;mid-morning snack;Es ist Zeit für den **Znüni**.;It's time for the **mid-morning snack**.;Swiss
Zone;Substantiv;fem.;die;0;B1;330;zone;Das ist eine verkehrsberuhigte **Zone**.;This is a traffic-calmed **zone**.;
zubereiten;Verb;nan;nan;0;B1;298;to prepare/cook/make;Ich **bereite** das Abendessen **zu.**;I am **preparing** dinner.;
Zufall;Substantiv;mask.;der;0;B1;213;coincidence/chance/accident;Das war ein reiner **Zufall**.;That was pure **coincidence**.;
zufällig;Adjektiv;nan;nan;0;B1;342;accidental/random/by chance;Ich habe ihn **zufällig** in der Stadt getroffen.;I met him in the city **by chance**.;
Zugang;Substantiv;mask.;der;0;B1;444;access/entry/approach;Der **Zugang** zum Park ist gesperrt.;**Access** to the park is blocked.;
zugehen;Verb;nan;nan;0;B1;182;to approach/go towards/behave;Er ist direkt auf sie zugegangen.;He **approached** her directly (went towards her).;
zugänglich;Adjektiv;nan;nan;0;B1;362;accessible/open/approachable;Die Website ist für alle **zugänglich**.;The website is **accessible** to everyone.;
Zuhause;Substantiv;neutr.;das;0;B1;100;home;Ich fühle mich hier wie **zuhause**.;I feel at **home** here.;
Zuhörer;Substantiv;mask.;der;0;B1;180;listener/auditor;Die **Zuhörer** hörten gespannt zu.;The **listeners** listened intently.;male
Zuhörerin;Substantiv;fem.;die;0;B1;10;listener/auditor;Sie ist eine gute **Zuhörerin**.;She is a good (female) **listener**.;female
Zukunft;Substantiv;fem.;die;0;B1;892;future;Was planst du für die **Zukunft**?;What are you planning for the **future**?;
zukünftig;Adjektiv;nan;nan;0;B1;227;in the future;Das ist mein **zukünftiger** Chef.;That is my **future** boss.;
zumindest;Adverb;nan;nan;0;B1;797;at least;Du hättest **zumindest** anrufen können.;You could **at least** have called.;z-
zunehmen;Verb;nan;nan;0;B1;280;to increase/put on weight/grow;Er hat über Weihnachten zugenommen.;He **put on weight** over Christmas.;z-
zunächst;nan;nan;nan;0;B1;1710;at first/initially/first of all;**Zunächst** müssen wir das Problem klären.;**First of all**, we need to clarify the problem.;
zurechtkommen;Verb;nan;nan;0;B1;91;to cope/manage/get along;Kommst du allein zurecht?;Can you **cope** (manage) alone?;
zusagen;Verb;nan;nan;0;B1;73;to accept/promise/agree;Er hat für die Party zugesagt.;He **accepted** (agreed) to come to the party.;
zusammen-;Affix;nan;nan;0;B1;1;together-/co-/con-;Wir arbeiten zusammen.;We work **together**.;affix
Zusammenarbeit;Substantiv;fem.;die;0;B1;281;cooperation/collaboration;Vielen Dank für die gute **Zusammenarbeit**.;Thank you for the good **cooperation**.;
zusammenfassen;Verb;nan;nan;0;B1;161;to summarize/conclude/group;Kannst du das Ergebnis **zusammenfassen**?;Can you **summarize** the result?;
Zusammenhang;Substantiv;mask.;der;0;B1;1066;context/coherence;Das steht in keinem **Zusammenhang**.;That has no **connection** (context).;
zuschauen;Verb;nan;nan;0;B1;90;to watch/look on;Ich **schaue** den Kindern beim Spielen **zu.**;I'm **watching** the children play.;
Zuschauer;Substantiv;mask.;der;0;B1;409;spectator/viewer/audience;Die **Zuschauer** klatschten.;The **spectators** clapped.;male
Zuschauerin;Substantiv;fem.;die;0;B1;15;spectator/viewer/audience;Sie ist eine begeisterte **Zuschauerin**.;She is an enthusiastic (female) **spectator**.;female
Zuschlag;Substantiv;mask.;der;0;B1;75;surcharge/extra charge/acceptance;Man muss einen **Zuschlag** bezahlen.;One must pay a **surcharge**.;
Zustand;Substantiv;mask.;der;0;B1;2268;condition/state/status;Das Haus ist in einem guten **Zustand**.;The house is in a good **condition**.;zu-
zustimmen;Verb;nan;nan;0;B1;224;to agree/consent/approve;Ich **stimme** dir voll und ganz **zu.**;I **agree** with you completely.;
Zustimmung;Substantiv;fem.;die;0;B1;265;agreement/approval/consent;Wir brauchen deine **Zustimmung**.;We need your **approval** (consent).;
zuständig;Adjektiv;nan;nan;0;B1;872;responsible/competent/in charge;Wer ist für diese Abteilung **zuständig**?;Who is **responsible** for this department?;z-
zusätzlich;Adjektiv;nan;nan;0;B1;1312;additional/extra/supplementary;Es entstehen keine **zusätzlichen** Kosten.;There are no **additional** costs.;
Zutat;Substantiv;fem.;die;0;B1;219;ingredient/fixings;Welche **Zutaten** brauchst du für den Kuchen?;Which **ingredients** do you need for the cake?;
zuverlässig;Adjektiv;nan;nan;0;B1;252;reliable/dependable/trustworthy;Sie ist eine sehr **zuverlässige** Mitarbeiterin.;She is a very **reliable** employee.;
Zvieri;Substantiv;neutr.;das;0;B1;7;afternoon snack;Möchtest du einen **Zvieri**?;Would you like an **afternoon snack**?;Swiss
zwar;Konjunktion;nan;nan;0;B1;2853;indeed/though/to be sure;Das ist **zwar** teuer, aber gut.;It is **indeed** expensive, but good.;
Zweck;Substantiv;mask.;der;0;B1;1151;purpose/aim/end;Was ist der **Zweck** dieses Treffens?;What is the **purpose** of this meeting?;
Zweifel;Substantiv;mask.;der;0;B1;409;doubt/uncertainty/misgiving;Es besteht kein **Zweifel** daran.;There is no **doubt** about it.;
zweifeln;Verb;nan;nan;0;B1;300;to doubt/disbelieve/question;Ich zweifle an seiner Ehrlichkeit.;I **doubt** his honesty.;
Zweitsprache;Substantiv;fem.;die;0;B1;39;second language;Deutsch ist meine **Zweitsprache**.;German is my **second language**.;
Zwiebel;Substantiv;fem.;die;0;B1;206;onion/bulb;Ich schneide gerade eine **Zwiebel**.;I'm cutting an **onion** right now.;
zwingen;Verb;nan;nan;0;B1;2015;to force/compel/oblige;Man kann ihn nicht dazu **zwingen**.;One cannot **force** him to do it.;
zählen;Verb;nan;nan;0;B1;16441;to count/number/tell;Kannst du schon bis zehn **zählen**?;Can you already **count** to ten?;
Zünder;Substantiv;mask.;der;0;B1;33;detonator/fuse/igniter;Der **Zünder** wurde ausgelöst.;The **detonator** (fuse) was triggered.;
Zündholz;Substantiv;neutr.;das;0;B1;14;match/matchstick;Gib mir bitte ein **Zündholz**.;Please give me a **match**.;
ähnlich;Adjektiv;nan;nan;0;B1;3141;similar/alike/resemble;Die beiden sehen sich sehr **ähnlich**.;The two look very **similar** (alike).;
Änderung;Substantiv;fem.;die;0;B1;452;change/alteration/amendment;Es gab eine kleine **Änderung** im Plan.;There was a small **change** in the plan.;
ängstlich;Adjektiv;nan;nan;0;B1;209;anxious/fearful/afraid;Sei nicht so **ängstlich**!;Don't be so **anxious** (fearful)!;
Ärger;Substantiv;mask.;der;0;B1;283;trouble/anger/annoyance;Das gibt nur **Ärger**.;That will only cause **trouble**.;
ärgerlich;Adjektiv;nan;nan;0;B1;188;annoying/irritating/vexing;Das ist wirklich **ärgerlich**.;That is really **annoying**.;
Ärztin;Substantiv;fem.;die;0;B1;155;doctor;Die **Ärztin** hat mich heute untersucht.;The (female) **doctor** examined me today.;fem., ä-
äußerlich;Adjektiv;nan;nan;0;B1;141;external/outward/outer;**Äußerlich** scheint er ruhig zu sein.;**Outwardly**, he seems to be calm.;
öffentlich;Adjektiv;nan;nan;0;B1;22370;public;Das ist ein **öffentliches** Gebäude.;This is a **public** building.;ö-
Öffentlichkeit;Substantiv;fem.;die;0;B1;577;public/publicity;Die Nachricht kam an die **Öffentlichkeit**.;The news reached the **public**.;ö-
öfter;Komparativ;nan;nan;0;B1;254;more often/more frequently;Ich gehe jetzt **öfter** spazieren.;I'm going for walks **more often** now.;
öko-;Affix;nan;nan;0;B1;nan;eco-/ecological-;Wir kaufen ökologische Produkte.;We buy **eco**-friendly products.;affix
ökologisch;Adjektiv;nan;nan;0;B1;1433;ecological/eco-friendly/green;Das ist ein **ökologisches** Problem.;That is an **ecological** problem.;
über-;Affix;nan;nan;0;B1;2;over-/super-/across-;Die Milch ist übergelaufen.;The milk boiled **over**.;affix
überfahren;Verb;nan;nan;0;B1;177;to run over;Die Katze wurde fast **überfahren**.;The cat was almost **run over**.;
überhaupt;Adverb;nan;nan;0;B1;1258;at all/generally/anyway;Ich weiß **überhaupt** nichts davon.;I know nothing **at all** about it.;
überholen;Verb;nan;nan;0;B1;353;to overtake/pass;Das Auto hat uns überholt.;The car **overtook** (passed) us.;
überlegen;Verb;nan;nan;0;B1;731;to consider/think over/ponder;Ich muss mir das noch **überlegen**.;I still have to **consider** (think over) that.;
Übernachtung;Substantiv;fem.;die;0;B1;45;overnight stay/accommodation;Wie viel kostet eine **Übernachtung**?;How much is an **overnight stay**?;
übernehmen;Verb;nan;nan;0;B1;1265;to take over/assume/adopt;Er übernimmt die neue Position.;He is **taking over** the new position.;
überprüfen;Verb;nan;nan;0;B1;428;to check/review/verify;Bitte **überprüfen** Sie die Daten.;Please **check** (verify) the data.;
überqueren;Verb;nan;nan;0;B1;393;to cross/traverse;Wir **überqueren** die Straße.;We are **crossing** the street.;
überraschen;Verb;nan;nan;0;B1;457;to surprise/amaze/astonish;Du überrascht mich immer wieder.;You **surprise** me again and again.;
Überraschung;Substantiv;fem.;die;0;B1;222;surprise;Das war eine gelungene **Überraschung**.;That was a successful **surprise**.;
überreden;Verb;nan;nan;0;B1;153;to persuade/talk into/convince;Er hat mich dazu überredet.;He **persuaded** (convinced) me to do it.;
Überschrift;Substantiv;fem.;die;0;B1;135;heading/headline/title;Lies bitte die **Überschrift**.;Please read the **heading** (headline).;
Übersetzer;Substantiv;mask.;der;0;B1;51;translator;Er arbeitet als **Übersetzer** für Englisch.;He works as a **translator** for English.;male
Übersetzerin;Substantiv;fem.;die;0;B1;12;translator;Die **Übersetzerin** übersetzt den Roman.;The (female) **translator** is translating the novel.;female
Überstunde;Substantiv;fem.;die;0;B1;43;overtime;Ich muss heute **Überstunden** machen.;I have to work **overtime** today.;
übertreiben;Verb;nan;nan;0;B1;68;to exaggerate/overdo/overstate;Man sollte nicht **übertreiben**.;One should not **exaggerate**.;
Überweisung;Substantiv;fem.;die;0;B1;52;transfer/referral;Ich mache heute die **Überweisung**.;I'll make the **transfer** today.;
überzeugen;Verb;nan;nan;0;B1;595;to convince/persuade/satisfy;Er hat mich voll überzeugt.;He **convinced** me completely.;
Überzeugung;Substantiv;fem.;die;0;B1;250;conviction/belief/persuasion;Das ist meine feste **Überzeugung**.;That is my firm **conviction**.;
üblich;Adjektiv;nan;nan;0;B1;695;usual/customary/common;Das ist hier so **üblich**.;That is **usual** (customary) here.;
übrig;Adjektiv;nan;nan;0;B1;884;remaining/left over;Ist noch etwas Brot **übrig**?;Is there any bread **left over** (remaining)?;
übrigens;Adverb;nan;nan;0;B1;392;by the way/incidentally;**Übrigens**, wir sehen uns morgen.;**By the way**, we'll see each other tomorrow.;
Übung;Substantiv;fem.;die;0;B1;574;exercise/practice/drill;**Übung** macht den Meister.;**Practice** makes perfect.;
