Lemma,Wortart,Genus,Artikel,nur_im_Plural,Level,Frequency,English,German_Example,English_Example
ab,Präposition,nan,nan,0,A1,86456,from,Bitte komm mich ab und zu mal besuchen.,Please come to see me from time to time.
Abend,Substantiv,mask.,der,0,A1,1607,eve,Sie gingen am Heiligen Abend zur Kirche.,They went to church on Christmas Eve.
aber,Konjunktion,nan,nan,0,A1,120754,again,"Er klopfte wieder und wieder an die Tür, aber es gab keine Antwort.","He knocked at the door again and again, but there was no answer."
abfahren,Verb,nan,nan,0,A1,254,depart,Der Zug wird bald abfahren.,The train will depart soon.
Abfahrt,Substantiv,fem.,die,0,A1,133,departure,Am Tage der Abfahrt sollten die Zimmer bis um elf Uhr geräumt sein.,Rooms should be left vacant by eleven a.
abfliegen,Verb,nan,nan,0,A1,94,depart,nan,nan
Abflug,Substantiv,mask.,der,0,A1,61,departure,Das schlechte Wetter verzögerte den Abflug um zwei Stunden.,The bad weather delayed the plane's departure by two hours.
abgeben,Verb,nan,nan,0,A1,705,concede,nan,nan
abholen,Verb,nan,nan,0,A1,242,collect,Unser Müll wird jeden Montag abgeholt.,They collect our garbage every Monday.
Absender,Substantiv,mask.,der,0,A1,73,sender,Was für eine seltsame Nachricht!,What a strange message!
acht,Kardinalzahlwort,nan,nan,0,A1,12778,eight,"Eins, zwei, drei, vier, fünf, sechs, sieben, acht, neun, zehn.","One, two, three, four, five, six, seven, eight, nine, ten."
Achtung,Substantiv,fem.,die,0,A1,421,attention,Achtung!,Attention!
achtzehn,Kardinalzahlwort,nan,nan,0,A1,84,eighteen,"Zehn, elf, zwölf, dreizehn, vierzehn, fünfzehn, sechzehn, siebzehn, achtzehn, neunzehn, zwanzig.","Ten, eleven, twelve, thirteen, fourteen, fifteen, sixteen, seventeen, eighteen, nineteen, twenty."
achtzig,Kardinalzahlwort,nan,nan,0,A1,77,eighty,Er wurde achtzig Jahre alt.,He lived to be eighty years old.
Adresse,Substantiv,fem.,die,0,A1,260,address,Teile mir bitte deine Adresse mit.,Let me know your address.
all,nan,nan,nan,0,A1,2522,all,Ich habe all das Geld ausgegeben.,I've spent all the money.
alle,Pronomen,nan,nan,0,A1,54385,all gone,"Sie vermutete, wir seien alle verrückt geworden.",She figured we had all gone insane.
allein,nan,nan,nan,0,A1,3455,alone,"Das liegt daran, dass du nicht allein sein willst.",It's because you don't want to be alone.
alleine,nan,nan,nan,0,A1,308,alone,"Als ich klein war, verbrachte ich Stunden damit, alleine in meinem Zimmer zu lesen.","When I was a child, I would spend hours reading alone in my room."
alles,Pronomen,nan,nan,0,A1,nan,nan,nan,nan
also,Konjunktion,nan,nan,0,A1,5138,so,"Ich wohne nahe am Meer, also kann ich oft an den Strand gehen.","I live near the sea, so I often get to go to the beach."
alt,Adjektiv,nan,nan,0,A1,70709,old,Eine Katze?,A cat?
Alter,Substantiv,neutr.,das,0,A1,4112,age,"Im Alter von sechs Jahren hatte er gelernt, eine Schreibmaschine zu bedienen und er erklärte dem Lehrer, dass er nicht lernen müsste, mit der Hand zu schreiben.",At the age of six he had learned to use the typewriter and told the teacher that he did not need to learn to write by hand.
am,Präposition + Artikel,nan,nan,0,A1,1,nan,nan,nan
an,Adverb,nan,nan,0,A1,2029551,on,Das kommt auf den Zusammenhang an.,It depends on the context.
anbieten,Verb,nan,nan,0,A1,1546,be suitable for,nan,nan
ander,Indefinitpronomen,nan,nan,0,A1,44,nan,nan,nan
Anfang,Substantiv,mask.,der,0,A1,1450,beginning,"Wir jagen einem idealen Leben hinterher, weil wir in uns den Anfang und die Möglichkeit dazu haben.","We are haunted by an ideal life, and it is because we have within us the beginning and the possibility for it."
anfangen,Verb,nan,nan,0,A1,608,begin,"Überrascht sein, sich wundern, heißt anfangen, zu verstehen.","To be surprised, to wonder, is to begin to understand."
Angebot,Substantiv,neutr.,das,0,A1,1145,offer,Er nahm unser Angebot dankend an.,He gladly accepted our offer.
anklicken,Verb,nan,nan,0,A1,98,click,Zum Bearbeiten anklicken!,Click to edit!
ankommen,Verb,nan,nan,0,A1,608,arrive,Der Brief wird morgen ankommen.,The letter will arrive tomorrow.
ankreuzen,Verb,nan,nan,0,A1,90,beat,nan,nan
Ankunft,Substantiv,fem.,die,0,A1,232,arrival,Er ist vor meiner Ankunft gestorben.,He died previous to my arrival.
anmachen,Verb,nan,nan,0,A1,162,dress,nan,nan
anmelden,Verb,nan,nan,0,A1,247,announce,nan,nan
Anmeldung,Substantiv,fem.,die,0,A1,66,registration,Funktioniert das auch ohne Anmeldung?,Does it also work without registration?
Anrede,Substantiv,fem.,die,0,A1,199,address,nan,nan
Anruf,Substantiv,mask.,der,0,A1,139,call,Du hattest einen Anruf von Herrn Takakura.,You had a phone call from Mr Takakura.
Anrufbeantworter,Substantiv,mask.,der,0,A1,25,answering machine,Hinterlassen Sie bitte eine Nachricht auf meinem Anrufbeantworter.,Please leave your message on my answering machine.
anrufen,Verb,nan,nan,0,A1,295,against,nan,nan
Ansage,Substantiv,fem.,die,0,A1,27,announcement,"Vor einem Konzert werden die Zuhörer gewöhnlich in einer Ansage darum gebeten, ihre Telefone entweder aus oder auf stumm zu schalten.",Usually before a concert there is an announcement asking the audience to either turn off their phones or switch them to manner mode.
Anschluss,Substantiv,mask.,der,0,A1,211,annexation,nan,nan
Antwort,Substantiv,fem.,die,0,A1,1064,answer,"Musst du wirklich die Frage stellen, um die Antwort zu erfahren?",Do you really need to ask the question to know the answer?
antworten,Verb,nan,nan,0,A1,771,answer,Was hast du geantwortet?,What did you answer?
Anzeige,Substantiv,fem.,die,0,A1,220,advertisement,Ich erfuhr durch eine Anzeige in dem Magazin von dem neuen Buch.,I learned about the new book by the advertisement in the magazine.
anziehen,Verb,nan,nan,0,A1,442,attire,nan,nan
Apartment,Substantiv,neutr.,das,0,A1,46,apartment,Das Apartment war mit Möbeln im viktorianischen Stil eingerichtet.,The apartment was furnished in the Victorian style.
Apfel,Substantiv,mask.,der,0,A1,177,apple,Ich muss in den sauren Apfel beißen.,I must bite the sour apple.
Appartement,Substantiv,neutr.,das,0,A1,36,apartment,Es ist kein wirkliches Appartement.,It isn't a real apartment.
Appetit,Substantiv,mask.,der,0,A1,96,appetite,Dank dir habe ich meinen Appetit verloren.,Thanks to you I've lost my appetite.
April,Substantiv,mask.,der,0,A1,2214,April,Die Schule beginnt am 8.,School begins on April 8.
Arbeit,Substantiv,fem.,die,0,A1,15953,business,"Erst die Arbeit, dann das Vergnügen.",Business before pleasure.
arbeiten,Verb,nan,nan,0,A1,71703,be employed,nan,nan
arbeitslos,Adjektiv,nan,nan,0,A1,82,jobless,Tom ist arbeitslos.,Tom is jobless.
Arbeitsplatz,Substantiv,mask.,der,0,A1,366,job,"Er ist besorgt, den Arbeitsplatz zu verlieren.",He is worried about losing his job.
Arm,Substantiv,mask.,der,0,A1,1467,arm,Mein ganzer Arm ist voller Mückenstiche.,I've got mosquito bites all over my arm.
Arzt,Substantiv,mask.,der,0,A1,1255,doc,nan,nan
auch,Konjunktion,nan,nan,0,A1,139767,also,"Wenn man eine Augenbraue hochzieht, kann das bedeuten Ich habe Lust, mit dir Sex zu haben, aber auch Ich finde, dass das, was du gerade gesagt hast, vollkommen idiotisch ist.","If you raise an eyebrow, it can mean I want to have sex with you, but also I find that what you just said is completely idiotic."
auf,Präposition,nan,nan,0,A1,9399457,at,"Ich kann bei diesem Lärm nicht denken, sagte sie auf die Schreibmaschine starrend.","I can't think with that noise, she said, as she stared at the typewriter."
auf sein,Verb,nan,nan,0,A1,nan,nan,nan,nan
Aufgabe,Substantiv,fem.,die,0,A1,1802,abandonment,nan,nan
aufhören,Verb,nan,nan,0,A1,345,cease,"Sobald der Geist der Ausbeutung besiegt ist, wird man Aufrüstung als eine ganz unerträgliche Last empfinden.","As soon as the spirit of exploitation is defeated, rearmament will be felt as an unbearable burden."
aufstehen,Verb,nan,nan,0,A1,259,get up,Ich wollte nicht früh aufstehen.,I didn't want to get up early.
Aufzug,Substantiv,mask.,der,0,A1,115,act,nan,nan
Auge,Substantiv,neutr.,das,0,A1,6926,eye,"Tatsächlich ist ein halbes Auge sehr nützlich, denn mit einem halben Auge kann ein Tier die Hälfte von einem anderen Tier sehen, das es auffressen will, und ihm aus dem Weg gehen, und es wird selber das Tier fressen, das nur ein Drittel-Auge oder nur 49% eines Auges hat, weil dieses ihm nicht schnell genug aus dem Weg gehen wird, und das Tier, das aufgefressen wurde, wird keine Kinder bekommen, weil es tot ist.","Half an eye is very useful actually, because an animal can see half of another animal, which wants to eat it, and can get out of the way, and it will eat the animal, which has only one-half eye or only 49% of an eye, because this to it will not be enough, and the animal, which was eaten up, will have no children, because it is dead."
August,Substantiv,mask.,der,0,A1,736,August,Jack wurde am zehnten August geboren.,Jack was born on August the tenth.
aus,Adverb,nan,nan,0,A1,3244453,from,Der Zug aus Genf wird in den Bahnhof einfahren.,The train from Geneva will arrive at the station.
aus sein,Verb,nan,nan,0,A1,nan,nan,nan,nan
Ausflug,Substantiv,mask.,der,0,A1,206,excursion,Sechs von uns machen dieses Wochenende einen Ausflug an den Strand.,Six of us are going on an excursion to the beach this weekend.
ausfüllen,Verb,nan,nan,0,A1,166,complete,"Es ist wichtig, seinen Wahlzettel vollständig auszufüllen.",It's important to complete your ballot.
Ausgang,Substantiv,mask.,der,0,A1,291,exit,"Bitte benutzen Sie diesen Ausgang, wenn es brennt.",Please use this exit when there is a fire.
Auskunft,Substantiv,fem.,die,0,A1,236,information,Danke für die Auskunft.,Thank you for the information.
Ausland,Substantiv,neutr.,das,0,A1,419,abroad,Warst du jemals im Ausland?,Have you ever been abroad?
Ausländer,Substantiv,mask.,der,0,A1,181,alien,nan,nan
ausländisch,Adjektiv,nan,nan,0,A1,380,alien,nan,nan
ausmachen,Verb,nan,nan,0,A1,447,aggregate,nan,nan
Aussage,Substantiv,fem.,die,0,A1,976,message,nan,nan
aussehen,Verb,nan,nan,0,A1,891,look,Sie versuchte viel jünger auszusehen als sie wirklich war.,She tried to look much younger than she really was.
aussteigen,Verb,nan,nan,0,A1,141,a commitment),nan,nan
Ausweis,Substantiv,mask.,der,0,A1,103,identity card,"Ein Stundenplan ist ein Ausweis für die Zeit, nur, wenn man keinen Stundenplan hat, ist die Zeit nicht da.","A schedule is an identity card for time, but, if you don't have a schedule, the time isn't there."
ausziehen,Verb,nan,nan,0,A1,155,bleach,nan,nan
Auto,Substantiv,neutr.,das,0,A1,4050,auto,Die deutsche Autoindustrie produziert exzellente Autos.,The German auto industry produces excellent cars.
Autobahn,Substantiv,fem.,die,0,A1,316,freeway,Auf der Autobahn gab es einen schrecklichen Unfall.,There was a terrible accident on the freeway.
Automat,Substantiv,mask.,der,0,A1,120,automaton,nan,nan
automatisch,Adjektiv,nan,nan,0,A1,421,automatic,"Ich bin ein Übersetzungssystem, aber ich bin nicht automatisch!",I am a translation system but I am not automatic!
Baby,Substantiv,neutr.,das,0,A1,307,baby,Er schläft wie ein Baby.,He's sleeping like a baby.
Bad,Substantiv,neutr.,das,0,A1,309666,bath,Ich werde ein Bad nehmen.,I'm going to take a bath.
baden,Verb,nan,nan,0,A1,1565,bathe,Ich bade jeden Tag.,I bathe daily.
Bahn,Substantiv,fem.,die,0,A1,951,face,nan,nan
Bahnhof,Substantiv,mask.,der,0,A1,536,railroad station,Ist das der Bahnhof?,Is that the railroad station?
Bahnsteig,Substantiv,mask.,der,0,A1,61,platform,"Der Zug fuhr gerade ab, als wir den Bahnsteig erreichten.",The train left just as we arrived at the platform.
bald,Adverb,nan,nan,0,A1,1802,almost,Wir sind bald mit unserer Arbeit fertig.,We have almost finished our work.
Balkon,Substantiv,mask.,der,0,A1,247,backlight shelf,nan,nan
Banane,Substantiv,fem.,die,0,A1,127,banana,Eine grüne Banane ist nicht reif genug zum Essen.,A green banana is not ripe enough to eat.
Bank,Substantiv,fem.,die,0,A1,1677,bank,"Sie hat einen Onkel, der bei einer Bank arbeitet.",She has an uncle who works in a bank.
bar,Adjektiv,nan,nan,0,A1,232,bare,nan,nan
Bauch,Substantiv,mask.,der,0,A1,395,belly,Toms Augen sind größer als sein Bauch.,Tom's eyes are larger than his belly.
Baum,Substantiv,mask.,der,0,A1,1958,boom,nan,nan
Beamte,Substantiv,"mask., fem.","der, die",0,A1,nan,civil servant,nan,nan
bedeuten,Verb,nan,nan,0,A1,1391,mean,"Wenn du den Liedtext anschaust, bedeutet er nicht wirklich viel.","If you look at the lyrics, they don't really mean much."
beginnen,Verb,nan,nan,0,A1,3536,begin,Viele Blumen beginnen im Frühjahr zu blühen.,A lot of flowers begin to bloom in spring.
bei,Präposition,nan,nan,0,A1,516500,among,Jeans sind jetzt bei Mädchen in Mode.,Jeans are now in fashion among girls.
beide,nan,nan,nan,0,A1,6498,both,"Als beide Mädchen John sagten, dass sie Gefühle für ihn hatten, wusste der nicht, mit welchem Mädchen er zusammen sein sollte.","When both girls told John they had feelings for him, he was in a quandary as to which girl he should be with."
Bein,Substantiv,neutr.,das,0,A1,1219,bone,nan,nan
Beispiel,Substantiv,neutr.,das,0,A1,5105,example,"Wenn man weiß, dass etwas Unangenehmes geschehen wird, dass man zum Beispiel zum Zahnarzt oder nach Frankreich gehen wird, dann ist das nicht gut.","If you know that something unpleasant will happen, that you will go to the dentist for example, or to France, then that is not good."
bekannt,partizipiales Adjektiv,nan,nan,0,A1,71814,famous,Dieses Restaurant ist für seine hervorragende Küche bekannt.,This restaurant is famous for its excellent cuisine.
Bekannte,Substantiv,"fem., mask.","die, der",0,A1,214,acquaintance,nan,nan
bekommen,Verb,nan,nan,0,A1,56102,be given,"Jeder, der dieses Buch will, kann es bekommen.",Anybody who wants this book can be given it.
benutzen,Verb,nan,nan,0,A1,2939,use,Zu nervig.,So annoying.
Beruf,Substantiv,mask.,der,0,A1,593,business,"Ich verdanke es meinem Onkel, dass ich in meinem Beruf erfolgreich war.",I owe it to my uncle that I succeeded in my business.
besetzt,partizipiales Adjektiv,nan,nan,0,A1,225,nan,nan,nan
besichtigen,Verb,nan,nan,0,A1,176,view,nan,nan
besser,Komparativ,nan,nan,0,A1,nan,better,"Ich denke, dass es nicht allzu schwierig wäre, ein besseres System zu entwickeln.",I think it wouldn't be too hard to come up with a better system.
best,Superlativ,nan,nan,0,A1,nan,nan,nan,nan
bestellen,Verb,nan,nan,0,A1,3312,convey,nan,nan
besuchen,Verb,nan,nan,0,A1,1126,attend,Ich besuche eine staatliche Schule.,I attend a public school.
Bett,Substantiv,neutr.,das,0,A1,1230,bed,Ich muss ins Bett gehen.,I have to go to bed.
bezahlen,Verb,nan,nan,0,A1,3376,pay,Kann ich mit Kreditkarte bezahlen?,Can I pay by credit card?
Bier,Substantiv,neutr.,das,0,A1,767,ale,Er begann sein Essen mit einem halben Glas Bier.,He began his meal by drinking half a glass of ale.
Bild,Substantiv,neutr.,das,0,A1,2434,idea,Sie hat ihre Idee mit Bildern erklärt.,She explained her idea by means of pictures.
billig,Adjektiv,nan,nan,0,A1,797,cheap,Fisch ist heute billig.,Fish is cheap today.
Birne,Substantiv,fem.,die,0,A1,76,bulb,"Die Birne war nicht durchgebrannt, sondern nur nicht richtig reingedreht.",The bulb wasn't burnt out.
bis,nan,nan,nan,0,A1,268932,by,"Buddha bewunderte die Bemühungen des Hasen, hob ihn empor bis zum Mond und verewigte dort seine Gestalt.","Buddha, impressed by the rabbit's efforts, raised him unto the moon and set him in that form forever more."
bisschen,Adverb,nan,nan,0,A1,510,bit,"Ich will meine Ideen nicht verlieren, selbst wenn einige von ihnen ein bisschen extrem sind.","I don't want to lose my ideas, even though some of them are a bit extreme."
Bitte,Substantiv,fem.,die,0,A1,34,appeal,nan,nan
bitte,Partikel,nan,nan,0,A1,10961,please,"Wenn du einen Fehler siehst, dann korrigiere ihn bitte.","If you see a mistake, then please correct it."
bitten,Verb,nan,nan,0,A1,7207,ask,"Sie kommt, wenn Sie sie darum bitten.",She will come if you ask her.
bitter,Adjektiv,nan,nan,0,A1,186,bitter,Dieser Kaffee schmeckt bitter.,This coffee tastes bitter.
blau,Adjektiv,nan,nan,0,A1,9959,au bleu,nan,nan
bleiben,Verb,nan,nan,0,A1,126701,last,"Es wird unmöglich sein abzuschätzen, wie viele Verbrechen im letzten Jahr unentdeckt blieben.",It would be impossible to estimate how many crimes went undetected last year.
Bleistift,Substantiv,mask.,der,0,A1,75,pencil,Hast du einen Bleistift dabei?,Do you have a pencil about you?
Blick,Substantiv,mask.,der,0,A1,2053,glance,Ich habe ihn auf den ersten Blick erkannt.,I recognized him at first glance.
Blume,Substantiv,fem.,die,0,A1,928,flower,Bienen fliegen von Blume zu Blume.,Bees fly from flower to flower.
Bogen,Substantiv,mask.,der,0,A1,773,arc,"In der Entfernung von drei Meilen lagen Berge, welche einen Bogen formten, der die Stadt auf drei Seiten gegen Winde abschirmte.","Mountains three miles away formed an arc round the city, shielding it on three sides from the wind."
brauchen,Verb,nan,nan,0,A1,8366,need,"Meine Schuhe sind zu klein, ich brauche neue.",My shoes are too small.
braun,Adjektiv,nan,nan,0,A1,600,brown,Er hat braune Augen.,He has brown eyes.
breit,Adjektiv,nan,nan,0,A1,3769,broad,Jim hat breite Schultern.,Jim has broad shoulders.
Brief,Substantiv,mask.,der,0,A1,1471,letter,Ich muss einen Brief schreiben.,I have to write a letter.
Briefmarke,Substantiv,fem.,die,0,A1,153,postage stamp,nan,nan
bringen,Verb,nan,nan,0,A1,176033,bring,Ich bringe Ihnen sofort die Rechnung.,I'll bring you the bill immediately.
Brot,Substantiv,neutr.,das,0,A1,645,bread,"Es gibt Leute auf der Welt, die so hungrig sind, dass Gott ihnen nicht erscheinen kann, außer in Form von Brot.","There are people in the world so hungry, that God cannot appear to them except in the form of bread."
Bruder,Substantiv,mask.,der,0,A1,1034,brother,Mein kleiner Bruder sieht fern.,My little brother is watching TV.
Brötchen,Substantiv,neutr.,das,0,A1,198,bread roll,Das Brötchen sieht aber gut aus!,That bread roll looks rather nice.
Buch,Substantiv,neutr.,das,0,A1,7620,book,Nimm ein Buch und lies es!,Take a book and read it.
Buchstabe,Substantiv,mask.,der,0,A1,761,character,Achtung: nicht unterstützte Buchstaben werden als _ angezeigt.,Warning: unsupported characters are displayed using the '_' character.
buchstabieren,Verb,nan,nan,0,A1,150,spell,Wie buchstabiert man Ihren Namen?,How do you spell your name?
Bus,Substantiv,mask.,der,0,A1,507,bus,Wir mussten lange auf den Bus warten.,We had a long wait for the bus.
Butter,Substantiv,"fem., mask.",die,0,A1,825,butter,"Im Geschäft werden Nahrungsmittel verkauft wie Butter, Käse und Zucker.","The store sells foodstuffs, such as butter, cheese, and sugar."
Bäckerei,Substantiv,fem.,die,0,A1,89,bakery,"Entschuldigen Sie, wo ist die Bäckerei?",Excuse me.
bös,Adjektiv,nan,nan,0,A1,33,nan,nan,nan
böse,Adjektiv,nan,nan,0,A1,574,angry,Er hat mich angelogen.,He lied to me.
c,Symbol,nan,nan,0,A1,305,nan,nan,nan
Café,Substantiv,neutr.,das,0,A1,2,cafe,Er frühstückt im Café.,He's eating breakfast in the cafe.
CD,Substantiv,fem.,die,0,A1,239,CD,Das sind meine CDs.,Those are my CD's.
Cent,Substantiv,mask.,der,0,A1,328,cent,Er lebt von der Hand in den Mund und spart nie einen Cent.,He lives hand to mouth and never saves a cent.
Chef,Substantiv,mask.,der,0,A1,3890,boss,"Nachdem ich das zu meinem Chef gesagt habe, werde ich sicherlich meine Arbeit verlieren.","After I said such a thing to my boss, I am certain to lose my job."
circa,Adverb,nan,nan,0,A1,nan,approximately,Es gibt circa 1000 Muttersprachler von Esperanto!,There are approximately a thousand native speakers of Esperanto!
cm,Symbol,nan,nan,0,A1,459,nan,nan,nan
Computer,Substantiv,mask.,der,0,A1,710,computer,Mein Computer muss mir zu etwas nützen.,My computer has got to be useful for something.
ct,Symbol,nan,nan,0,A1,nan,nan,nan,nan
da,Konjunktion,nan,nan,0,B1,75185,as,"Da ihre Unterhaltung auf Französisch war, konnte ich kein Wort verstehen.","As their conversation was in French, I could not understand a word."
daneben,Pronominaladverb,nan,nan,0,A1,384,next to,nan,nan
Dank,Substantiv,mask.,der,0,A1,1,gratitude,"Es fehlen mir die Worte, meinen Dank auszudrücken.",I have no words to express my gratitude.
danke,Partikel,nan,nan,0,A1,116,thank you,Danke!,Thank you.
danken,Verb,nan,nan,0,A1,292,thank,Möchten Sie eine Nachricht hinterlassen?,Shall I take a message?
dann,Adverb,nan,nan,0,A1,32152,then,Dann haben wir ein Problem.,Then there is a problem.
das,bestimmter Artikel,neutr.,nan,0,A1,nan,nan,nan,nan
Datum,Substantiv,neutr.,das,0,A1,1111,date,Welches Datum ist heute?,What's today's date?
dauern,Verb,nan,nan,0,A1,2222,last,Mein Umgang mit ihnen hat nicht lange gedauert.,My association with them didn't last long.
dein,Possessivpronomen,"mask., neutr.",nan,0,A1,2333,thy,"Und ob ich schon wanderte im finstern Tal, fürchte ich kein Unglück; denn du bist bei mir, dein Stecken und dein Stab trösten mich.","Yea, though I walk through the valley of the shadow of death, I will fear no evil: for thou art with me; thy rod and thy staff they comfort me."
deine,Possessivpronomen,fem.,nan,0,A1,nan,nan,nan,nan
denn,Konjunktion,nan,nan,0,A1,5847,because,"Tatsächlich ist ein halbes Auge sehr nützlich, denn mit einem halben Auge kann ein Tier die Hälfte von einem anderen Tier sehen, das es auffressen will, und ihm aus dem Weg gehen, und es wird selber das Tier fressen, das nur ein Drittel-Auge oder nur 49% eines Auges hat, weil dieses ihm nicht schnell genug aus dem Weg gehen wird, und das Tier, das aufgefressen wurde, wird keine Kinder bekommen, weil es tot ist.","Half an eye is very useful actually, because an animal can see half of another animal, which wants to eat it, and can get out of the way, and it will eat the animal, which has only one-half eye or only 49% of an eye, because this to it will not be enough, and the animal, which was eaten up, will have no children, because it is dead."
der,bestimmter Artikel,mask.,nan,0,A1,172489022,that one,"Es gibt 1000 Filme, die man sehen muss, bevor man stirbt.",There are 1000 movies that one must watch before dying.
deutsch,Adjektiv,nan,nan,0,A1,102129,German,Deutsch ist keine einfache Sprache.,German is not an easy language.
Deutsche,Substantiv,"fem., mask.","die, der",0,A1,9959,German,"Ich hätte Deutsch lernen sollen, als ich vor fünfzehn Jahren die Gelegenheit dazu hatte.",I should have learnt German when I had the opportunity to do it fifteen years ago.
Deutschland,Eigenname,neutr.,das,0,A1,12398,Germany,"Die Schweiz liegt zwischen Frankreich, Italien, Österreich und Deutschland.","Switzerland is situated between France, Italy, Austria and Germany."
Dezember,Substantiv,mask.,der,0,A1,688,December,Japan erklärte den Vereinigten Staaten im Dezember 1941 den Krieg.,"Japan declared war on the United States in December, 1941."
dich,Pronomen,nan,nan,0,A1,1624,you,Ich vermisse dich.,I miss you.
die,bestimmter Artikel,fem.,nan,0,A1,nan,the,"Die Baumgrenze, oberhalb deren keine Bäume mehr wachsen, liegt in den deutschen Alpen in einer Höhe von etwa 1800 Metern.","The treeline in the German Alps, above which trees don't grow, is at an altitude of about 1,800 metres."
Dienstag,Substantiv,mask.,der,0,A1,383,Tuesday,"Komm am Dienstag, wenn es möglich ist.",Come on Tuesday if possible.
dir,Pronomen,nan,nan,0,A1,3433,thee,"Wenn du Almosen gibst, sollst du nicht lassen vor dir posaunen, wie die Heuchler tun in den Schulen und auf den Gassen, auf dass sie von den Leuten gepriesen werden.","Therefore when thou doest thine alms, do not sound a trumpet before thee, as the hypocrites do in the synagogues and in the streets, that they may have glory of men."
Doktor,Substantiv,mask.,der,0,A1,665,doctor,"Vielen Dank, Herr Doktor.","Thank you, Doctor."
Donnerstag,Substantiv,mask.,der,0,A1,396,Thursday,Ihre Mutter ist seit letztem Donnerstag krank.,Her mother has been sick since last Thursday.
Doppelzimmer,Substantiv,neutr.,das,0,A1,16,double bedroom,nan,nan
Dorf,Substantiv,neutr.,das,0,A1,1200,village,Das Dorf ist vom Rest der Welt abgeschnitten.,The village is insulated from the world.
dort,Adverb,nan,nan,0,A1,8872,there,Wirst du dort den ganzen Tag stehen bleiben?,Are you just going to stand there all day?
draußen,Adverb,nan,nan,0,A1,793,out of doors,nan,nan
drei,Kardinalzahlwort,nan,nan,0,A1,10920,three,Ich kam vor drei Jahren nach Tokyo und seither habe ich hier gelebt.,I came to Tokyo three years ago and have been living here ever since.
dreizehn,Kardinalzahlwort,nan,nan,0,A1,118,thirteen,"Zehn, elf, zwölf, dreizehn, vierzehn, fünfzehn, sechzehn, siebzehn, achtzehn, neunzehn, zwanzig.","Ten, eleven, twelve, thirteen, fourteen, fifteen, sixteen, seventeen, eighteen, nineteen, twenty."
dreißig,Kardinalzahlwort,nan,nan,0,A1,319,thirty,"Schau wie alle hinter meinem Rücken über mich herziehen, weil ich eine Frau geheiratet habe, die dreißig Jahre jünger als ich ist.",Look how they all speak ill of me behind my back because I married a woman thirty years younger than me.
dritte,Ordinalzahlwort,nan,nan,0,A1,nan,third,nan,nan
drucken,Verb,nan,nan,0,A1,701,print,Der Drucker im Büro von Peter ist kaputt und druckt nicht mehr.,The printer in Peter's office is broken and doesn't print anymore.
Drucker,Substantiv,mask.,der,0,A1,89,printer,Der Drucker im Büro von Peter ist kaputt und druckt nicht mehr.,The printer in Peter's office is broken and doesn't print anymore.
drücken,Verb,nan,nan,0,A1,16667,be too tight,nan,nan
durch,Präposition,nan,nan,0,A1,204654,by,Schockiert durch die Ereignisse des 11.,"Shocked by the events of September 11th, politicians all over the world condemned the terrorists for their reprehensible deed."
Durchsage,Substantiv,fem.,die,0,A1,14,announcement,Hast du die Durchsage gehört?,Did you hear the announcement?
Durst,Substantiv,mask.,der,0,A1,1,thirst,"Ich hatte ein Glas Bier, um meinen Durst zu stillen.",I had a glass of beer to quench my thirst.
Dusche,Substantiv,fem.,die,0,A1,79,shower,Sie nimmt jeden Morgen eine Dusche.,She takes a shower every morning.
duschen,Verb,nan,nan,0,A1,105,have a shower,Ich dusche jeden Abend.,I have a shower every night.
dürfen,Verb,nan,nan,0,A1,38903,allowed,Sie dürfen Ihr Auto hier nicht parken.,"Sir, you are not allowed to park your car here."
E-Mail,Substantiv,"fem., neutr.",die,0,A1,2,E-mail,Ich kann deine letzte E-Mail anscheinend nicht finden.,"I can't seem to find your last e-mail, I wonder if you can resend it to me."
Ecke,Substantiv,fem.,die,0,A1,786,angle,nan,nan
Ehefrau,Substantiv,fem.,die,0,A1,296,wife,"Einen Mann, dessen Ehefrau gestorben ist, nennt man Witwer.",A man whose wife is dead is called a widower.
Ehemann,Substantiv,mask.,der,0,A1,182,husband,"Eine Frau, deren Ehemann gestorben ist, nennt man Witwe.",A woman whose husband is dead is called a widow.
Ei,Substantiv,neutr.,das,0,A1,876,balls,"Du hast nicht die Eier dafür, diesen Satz zu übersetzen.",You haven't got the balls to translate this sentence.
eilig,Adjektiv,nan,nan,0,A1,239,hasty,Er hat eilig gefrühstückt.,He had a hasty breakfast.
ein,unbestimmter Artikel,"mask., neutr.",nan,0,A1,11657240,a,"Es ist eine schwere Aufgabe, zwischen richtig und falsch zu unterscheiden, aber man muss es tun.","It is a difficult task, choosing what is right or wrong, but you have to do it."
eine,unbestimmter Artikel,fem.,nan,0,A1,nan,a,"Wenn du eine Füllfeder brauchst, leihe ich dir eine.","If you want a pen, I will lend you one."
einfach,Adjektiv,nan,nan,0,A1,7215,easy,Deutsch ist keine einfache Sprache.,German is not an easy language.
Eingang,Substantiv,mask.,der,0,A1,459,entrance,In kleinen Trippelschritten läuft sie zum Eingang.,With a pitter-patter of footsteps she runs off to the entrance.
einhundert,Kardinalzahlwort,nan,nan,0,A1,nan,one hundred,Er hatte nur einhundert Yen bei sich.,He had only one hundred yen with him.
einkaufen,Verb,nan,nan,0,A1,313,buy,"Wenn ich eine Kartoffel-Tortilla machen müsste, würde ich zwei Dutzend Eier einkaufen.","If I were to make a potato tortilla, I would buy two dozen eggs."
einladen,Verb,nan,nan,0,A1,462,invite,"Es war sehr nett von dir, mich einzuladen.",It was very kind of you to invite me.
Einladung,Substantiv,fem.,die,0,A1,134,invitation,Ich habe eine Einladung bekommen.,I received an invitation.
eins,Kardinalzahlwort,nan,nan,0,A1,397,one,Dieses Buch ist das literarische Äquivalent zu Haribosüßigkeiten: Man will nur eins probieren und verschlingt letztendlich die ganze Tüte.,"This book is the literary equivalent of Haribo sweets: you only want to eat one, but end up devouring the whole packet."
einsteigen,Verb,nan,nan,0,A1,173,board,"Der Bus war bereits in Bewegung, als er versuchte einzusteigen.",The bus was already in motion when he tried to board it.
eintausend,Kardinalzahlwort,nan,nan,0,A1,19,one thousand,Ich habe eintausend Dollar in Reiseschecks und fünfhundert in bar.,I have one thousand dollars in travelers' checks and five hundred in cash.
Eintritt,Substantiv,mask.,der,0,A1,186,admission fee,Kinder unter fünf Jahren müssen keinen Eintritt zahlen.,There is no admission fee for children under five.
Einzelzimmer,Substantiv,neutr.,das,0,A1,15,single room,Ein Einzelzimmer mit Bad bitte.,"A single room with bath, please."
elf,Kardinalzahlwort,nan,nan,0,A1,417,eleven,Es ist schon elf Uhr.,It's already eleven.
Eltern,Substantiv,nan,nan,1,A1,1436,parent,"Ich habe es endlich kapiert, dass die strengen Regeln meiner Eltern zu meinen Gunsten waren.",I got it through my head that my parent's strict rules were for my own benefit.
empfehlen,Verb,nan,nan,0,A1,1102,advise,"Ich kann nur jedem empfehlen, sich drei Tage Zeit zu nehmen und Toki Pona zu lernen.",I can only advise everyone to take three days and learn Toki Pona.
Empfänger,Substantiv,mask.,der,0,A1,270,addressee,Kennst du den Empfänger?,Do you know the addressee?
Ende,Substantiv,neutr.,das,0,A1,12235,end,Das ist am Ende einigermaßen erklärt.,That is somewhat explained at the end.
enden,Verb,nan,nan,0,A1,803,end,Das wird nie enden.,This is never going to end.
entschuldigen,Verb,nan,nan,0,A1,191,apologize,Ich muss mich bei Ann entschuldigen.,I must apologize to Ann.
Entschuldigung,Substantiv,fem.,die,0,A1,94,I’m sorry,nan,nan
er,Personalpronomen,mask.,nan,0,A1,52388,he,Manchmal kann er ein seltsamer Junge sein.,Sometimes he can be a strange guy.
Ergebnis,Substantiv,neutr.,das,0,A1,1491,outcome,Sie könnten von dem Ergebnis überrascht sein.,You might be surprised at the outcome.
erklären,Verb,nan,nan,0,A1,4463,announce,nan,nan
erlauben,Verb,nan,nan,0,A1,1530,allow,"Entschuldigung, erlauben Sie mir, auf drei Fehler in dem obigen Artikel hinzuweisen.",Excuse me; allow me to point out three errors in the above article.
erste,Ordinalzahlwort,nan,nan,0,A1,nan,first,nan,nan
Erwachsene,Substantiv,"fem., mask.","die, der",0,A1,453,adult,nan,nan
erzählen,Verb,nan,nan,0,A1,10889,narrate,nan,nan
es,Personalpronomen,neutr.,nan,0,A1,984450,it,"Es ist eine schwere Aufgabe, zwischen richtig und falsch zu unterscheiden, aber man muss es tun.","It is a difficult task, choosing what is right or wrong, but you have to do it."
Essen,Substantiv,neutr.,das,0,A1,11630,dish,nan,nan
essen,Verb,nan,nan,0,A1,11630,eat,"Mama, darf ich einen Keks essen?","Mom, please can I have a biscuit?"
euer,Possessivpronomen,"mask., neutr.",nan,0,A1,89,your,Eure Freunde werden euch vermissen.,You'll be missed by your friends.
eure,Possessivpronomen,fem.,nan,0,A1,89,nan,nan,nan
Euro,Substantiv,mask.,der,0,A1,2450,euro,"Früher, als wir noch die Gulden hatten, war alles viel billiger als jetzt mit dem Euro.","Before, when we still had guilders, everything was much cheaper than now with the euro."
Europa,Substantiv,neutr.,das,0,A1,1906,Europa,Unter Europas Eisplatte ist vielleicht ein Wasserozean.,Under Europa's icy crust might be an ocean of water.
Europäer,Substantiv,mask.,der,0,A1,201,European,Die Hinterlassenschaften der Kolonisierung Afrikas durch Europäer im 19.,The 19th-century European colonization of Africa has left a lasting legacy all over the continent.
europäisch,Adjektiv,nan,nan,0,A1,25406,European,Litauen ist Mitglied der Europäischen Union.,Lithuania is a member of the European Union.
fahren,Verb,nan,nan,0,A1,189357,bring,nan,nan
Fahrer,Substantiv,mask.,der,0,A1,491,chauffeur,Tom ließ sich von seinem Fahrer zum Theater fahren.,Tom had his chauffeur drive him to the theater.
Fahrkarte,Substantiv,fem.,die,0,A1,59,ticket,Vergessen Sie die Fahrkarte nicht.,Don't forget the ticket.
Fahrrad,Substantiv,neutr.,das,0,A1,370,bicycle,Er fährt mit dem Fahrrad zur Schule.,He goes to school by bicycle.
falsch,Adjektiv,nan,nan,0,A1,7047,deceitful,nan,nan
Familie,Substantiv,fem.,die,0,A1,3863,family,"Das ist so lange her, dass ich mit meiner Familie ins Disneyland gegangen bin.",It has been so long since I last went to Disneyland with my family.
Familienname,Substantiv,mask.,der,0,A1,63,family name,Watanabe ist mein Familienname.,Watanabe is my family name.
Familienstand,Substantiv,mask.,der,0,A1,22,marital status,"Es ist Arbeitgebern nicht erlaubt, Arbeitern aufgrund von Rasse, Religion, Volkszugehörigkeit, Hautfarbe, Geschlecht, Alter, Familienstand, Behinderung oder sexueller Ausrichtung die Anstellung zu verwehren.","Employers cannot refuse to hire workers because of their race, religion, ethnic origin, skin colour, sex, age, marital status, disability or sexual orientation."
Farbe,Substantiv,fem.,die,0,A1,2993,color,"Sogar wenn du es wäschst, kommt die Farbe nicht heraus.","Even if you wash it, the color won't come out."
Fax,Substantiv,neutr.,das,0,A1,35,fax,Ich habe Ihr Fax neulich erhalten.,I got your fax the other day.
Februar,Substantiv,mask.,der,0,A1,553,February,Auf alle Fälle muss man in dem Referendum am 18.,"In any case, you need to vote yes in the February 18th referendum."
fehlen,Verb,nan,nan,0,A1,1284,be missing,Etwas fehlt anscheinend.,Something seems to be missing.
Fehler,Substantiv,mask.,der,0,A1,781,blemish,nan,nan
Feierabend,Substantiv,mask.,der,0,A1,76,closing time,nan,nan
feiern,Verb,nan,nan,0,A1,4333,celebrate,Am 14.,On February 14 Americans celebrate St.
Feiertag,Substantiv,mask.,der,0,A1,166,holiday,Heute ist Feiertag.,We have a holiday today.
fernsehen,Verb,nan,nan,0,A1,70,watch TV,Darf ich heute Abend fernsehen?,May I watch TV tonight?
fertig,Adjektiv,nan,nan,0,A1,3980,done,Ich bin fast fertig.,I'm almost done.
Feuer,Substantiv,neutr.,das,0,A1,4172,fire,"Ein Kind ist nicht ein Gefäß zum Vollfüllen, sondern ein Feuer zum Anzünden.","A child is not a vessel for filling, but a fire to light."
Fieber,Substantiv,neutr.,das,0,A1,238,fever,Ich habe Husten und ein bisschen Fieber.,I have a cough and a little fever.
Film,Substantiv,mask.,der,0,A1,2707,film,Der Film hat mir gefallen.,I liked this film.
finden,Verb,nan,nan,0,A1,162187,find,"Es ist ein Wort, für das ich gerne einen Ersatz finden würde.",It's a word I'd like to find a substitute for.
Firma,Substantiv,fem.,die,0,A1,1194,business,Er übernahm die Firma von seinem Vater.,He took over the business from his father.
Fisch,Substantiv,mask.,der,0,A1,504,Fisch,nan,nan
Flasche,Substantiv,fem.,die,0,A1,788,bottle,Wein ist in Flaschen gefüllte Poesie.,Wine is poetry put into a bottle.
Fleisch,Substantiv,neutr.,das,0,A1,13448,flesh,"Der Geist ist willig, aber das Fleisch ist schwach.","The spirit is willing, but the flesh is weak."
fliegen,Verb,nan,nan,0,A1,56816,aviate,nan,nan
Flughafen,Substantiv,mask.,der,0,A1,451,airport,Wie lange braucht der Flughafenbus bis zum Flughafen?,How long does the airport bus take to the airport?
Flugzeug,Substantiv,neutr.,das,0,A1,956,aeroplane,Das Flugzeug landete sicher.,The aeroplane landed safely.
Formular,Substantiv,neutr.,das,0,A1,107,form,"Fülle das folgende Formular aus, um zu erfahren, wer du in deinem vorigen Leben gewesen sein könntest.",Complete the following form to know who you could have been in a previous life.
Foto,Substantiv,"neutr., fem.",das,0,A1,687,photo,Ist das ein aktuelles Foto?,Is this a recent photo?
Frage,Substantiv,fem.,die,0,A1,6017,issue,Meine Ansicht über diese Frage hat sich geändert.,My view on this issue has changed.
fragen,Verb,nan,nan,0,A1,14639,ask,"Wenn jemand fragen sollte, was die Pointe der Geschichte sei, ich wüsste es wirklich nicht.","If anyone was to ask what the point of the story is, I really don't know."
Frau,Substantiv,fem.,die,0,A1,10619,Mrs,Frau Brown hat ein Buch über Politik geschrieben.,Mrs.
frei,Adjektiv,nan,nan,0,A1,123706,emancipated,nan,nan
Freitag,Substantiv,mask.,der,0,A1,490,Friday,"Ich schlage vor, dass wir am Freitag ausgehen.",I suggest that we go out on Friday.
Freizeit,Substantiv,fem.,die,0,A1,157,free time,Ich schreibe in meiner Freizeit Gedichte.,I write poems in my free time.
fremd,Adjektiv,nan,nan,0,A1,509,somebody elses,nan,nan
freuen,Verb,nan,nan,0,A1,661,be happy,"Wir wissen, dass du oberflächlich genug bist, um dich über dieses Geschenk zu freuen.",We know that you're superficial enough to be happy about this gift.
Freund,Substantiv,mask.,der,0,A1,2266,boyfriend,"Nein, er ist nicht mein neuer Freund.","No, he's not my new boyfriend."
Freundin,Substantiv,fem.,die,0,A1,547,friend,"Das ist meine Freundin Rachel, wir sind zusammen ins Gymnasium gegangen.",This is my friend Rachel.
früher,Adjektiv,nan,nan,0,A1,nan,before,Die Zukunft war früher auch besser.,The future was better before.
Frühjahr,Substantiv,neutr.,das,0,A1,346,spring,Viele schöne Blumen blühen im Frühjahr.,Many beautiful flowers bloom in spring.
Frühling,Substantiv,mask.,der,0,A1,297,spring,Der Frühling kommt nach dem Winter.,Spring comes after winter.
Frühstück,Substantiv,neutr.,das,0,A1,378,breakfast,Wir haben Pfannkuchen zum Frühstück gemacht.,We made pancakes for breakfast.
frühstücken,Verb,nan,nan,0,A1,117,breakfast,Er hat alleine gefrühstückt.,He had breakfast all alone.
Fuß,Substantiv,mask.,der,0,A1,2984,base,Die Stadt liegt am Fuße eines Berges.,This city lies at the base of a mountain.
Fußball,Substantiv,mask.,der,0,A1,713,football,Wir spielen jeden Samstag Fußball.,We play football every Saturday.
Führung,Substantiv,fem.,die,0,A1,428,command,Übernehmen Sie die Führung des Gefechtsstandes!,Take control of the command post.
fünf,Kardinalzahlwort,nan,nan,0,A1,2407,five,"Es wird fünf bis zehn Jahre dauern, bis die Technologie bereit ist.",It will take five to ten years for the technology to be ready.
fünfzehn,Kardinalzahlwort,nan,nan,0,A1,223,fifteen,Nur fünfzehn Minuten.,Only fifteen minutes.
fünfzig,Kardinalzahlwort,nan,nan,0,A1,318,fifty,Derzeit laufen fünfzig der Maschinen.,Fifty of the machines are running at the present time.
für,Präposition,nan,nan,0,A1,1165485,for,"Ich kann mich nur fragen, ob es für alle anderen dasselbe ist.",I can only wonder if this is the same for everyone else.
g,Symbol,nan,nan,0,A1,459,nan,nan,nan
Garten,Substantiv,mask.,der,0,A1,2120,garden,Ihr Garten ist ein Kunstwerk.,Her garden is a work of art.
Gast,Substantiv,mask.,der,0,A1,1062,guest,Seien Sie mein Gast.,Be my guest.
geben,Verb,nan,nan,0,A1,560004,add,Gibt es noch etwas zu seiner Erklärung zu ergänzen?,Is there still something to add to his explanation?
geboren,partizipiales Adjektiv,nan,nan,0,A1,295,born,Er ist ein geborener Künstler.,He is a born artist.
Geburtsjahr,Substantiv,neutr.,das,0,A1,29,nan,nan,nan
Geburtsort,Substantiv,mask.,der,0,A1,37,birthplace,"Er nannte mir sein Alter, seinen Geburtsort, seine Familienverhältnisse und so weiter.","He told me his age, his birthplace, his family, and so on."
Geburtstag,Substantiv,mask.,der,0,A1,392,birthday,Heute ist der 18.,Today is June 18th and it is Muiriel's birthday!
gefallen,Verb,nan,nan,0,A1,333,fallen,"Es macht richtig Spaß, auf frisch gefallenem Schnee Schi zu laufen.",It is great fun skiing on new-fallen snow.
gegen,Präposition,nan,nan,0,A1,61599,against,Ich bin gegen die Benutzung des Todes als Strafe.,I am against using death as a punishment.
gehen,Verb,nan,nan,0,A1,1212949,be on,Nimm doch einen Regenschirm mit.,"Just to be on the safe side, why don't you take an umbrella with you?"
gehören,Verb,nan,nan,0,A1,42145,belong,Wem gehört das?,Who does this belong to?
gelb,Adjektiv,nan,nan,0,A1,3826,yellow,Im Herbst werden die Blätter gelb.,In autumn the leaves turn yellow.
Geld,Substantiv,neutr.,das,0,A1,14724,dough,nan,nan
Gemüse,Substantiv,neutr.,das,0,A1,444,vegetable,"Um genau zu sein, Tomaten sind kein Gemüse.","Strictly speaking, the tomato is not a vegetable."
Gepäck,Substantiv,neutr.,das,0,A1,195,luggage,"Die wissenschaftliche Theorie, die mir am besten gefällt, ist, dass die Ringe des Saturn vollständig aus verlorenem Gepäck bestehen.",The scientific theory I like the best is that the rings of Saturn are composed entirely of lost luggage.
gerade,Adverb,nan,nan,0,A1,3548,even,"2, 4, 6 usw.","Two, four, six, etc."
geradeaus,Adverb,nan,nan,0,A1,nan,straight ahead,nan,nan
gern,Adverb,nan,nan,0,A1,5006,frequently,nan,nan
gerne,Adverb,nan,nan,0,A1,2612,easily,nan,nan
Geschenk,Substantiv,neutr.,das,0,A1,353,gift,Das ist ein Geschenk für dich.,This gift is for you.
geschlossen,partizipiales Adjektiv,nan,nan,0,A1,2825,closed,Er lauschte der Musik mit geschlossenen Augen.,He listened to the music with his eyes closed.
Geschwister,Substantiv,neutr.,das,0,A1,165,brother and sister,Sie und ich sind Geschwister.,She and I are brother and sister.
Geschäft,Substantiv,neutr.,das,0,A1,1078,business,"Hallo, wie läuft das Geschäft?","Hello, how's business?"
Gespräch,Substantiv,neutr.,das,0,A1,930,conversation,"Es ist schwierig, ein Gespräch mit jemandem zu führen, der nur Ja und Nein sagt.",It is difficult to keep up a conversation with someone who only says yes and no.
gestern,Adverb,nan,nan,0,A1,975,yesterday,Gestern bin ich in den Zoo gegangen.,I went to the zoo yesterday.
Getränk,Substantiv,neutr.,das,0,A1,697,beverage,Milch ist ein beliebtes Getränk.,Milk is a popular beverage.
Gewicht,Substantiv,neutr.,das,0,A1,612,weight,Zweihundertfünfzig Kilogramm sind sogar für einen Sumoringer ein außergewöhnliches Gewicht.,Two hundred fifty kilograms is an extraordinary weight even for a sumo wrestler.
gewinnen,Verb,nan,nan,0,A1,6594,earn,nan,nan
Glas,Substantiv,neutr.,das,0,A1,1080,glass,Glas zerbricht leicht.,Glass breaks easily.
glauben,Verb,nan,nan,0,A1,1721,believe,"Es ist die Mühe nicht wert, so zu tun, als würdest du mich dazu bringen zu glauben, dass ich Dinge glaube, die du nicht glaubst.",It's no use pretending to make me believe that I believe things you don't believe!
gleich,Adverb,nan,nan,0,A1,16790,equal,Schneide die Melone in 6 gleiche Teile.,Cut the melon into six equal pieces.
Gleis,Substantiv,neutr.,das,0,A1,48,rail track,nan,nan
Glück,Substantiv,neutr.,das,0,A1,2099,Glueck,nan,nan
glücklich,Adjektiv,nan,nan,0,A1,488,fortunate,"Ich war so glücklich, seine Bekanntschaft zu machen.",I was fortunate to make his acquaintance.
Glückwunsch,Substantiv,mask.,der,0,A1,39,congratulation,nan,nan
Grad,Substantiv,"mask., neutr.",der,0,A1,2078,degree,Er ist zu einem gewissen Grad konservativ.,He is conservative to a degree.
grade,Adverb,nan,nan,0,A1,83,nan,nan,nan
gradeaus,Adverb,nan,nan,0,A1,nan,nan,nan,nan
Gramm,Substantiv,neutr.,das,0,A1,480,gram,Gramm und Kilogramm sind Masseneinheiten.,The gram and the kilo are units of weight.
gratulieren,Verb,nan,nan,0,A1,52,congratulate,Ich gratuliere zu eurer Verlobung.,I congratulate you on your engagement.
grau,Adjektiv,nan,nan,0,A1,4546,gray,Ich bekomme immer mehr graue Haare.,I'm getting more and more gray hair.
grillen,Verb,nan,nan,0,A1,66,barbecue,Wir grillen gerade.,We're having a barbecue.
groß,Adjektiv,nan,nan,0,A1,148682,adult,Ein erwachsener männlicher Elefant kann mehr als drei Meter groß und mehr als sechs Tonnen schwer sein.,An adult male elephant can be more than three meters tall and weigh more than six tons.
Großeltern,Substantiv,nan,nan,1,A1,nan,grandparents,nan,nan
Großmutter,Substantiv,fem.,die,0,A1,291,grandmother,Die Asche von Großmutter ist in einer Urne im Tempel.,Grandmother's ashes are in an urn at the temple.
Großvater,Substantiv,mask.,der,0,A1,313,grandfather,Sein Großvater ist vor einem Jahr an Krebs gestorben.,His grandfather died of cancer a year ago.
Gruppe,Substantiv,fem.,die,0,A1,3419,group,Welcher Gruppe willst du beitreten?,Which group do you want to join?
Gruß,Substantiv,mask.,der,0,A1,141,greeting,Dies ist der muslimische Gruß.,This is the Muslim greeting.
Größe,Substantiv,fem.,die,0,A1,1152,quantity,Das Zeichen X repräsentiert in der Mathematik meist eine unbekannte Größe.,The symbol x usually stands for an unknown quantity in mathematics.
grün,Adjektiv,nan,nan,0,A1,15372,green,Die Bäume sind grün.,The trees are green.
gut,Adjektiv,nan,nan,0,A1,234927,good,Das ist eine gute Idee!,That's a good idea!
gültig,Adjektiv,nan,nan,0,A1,237,valid,Wie lange ist dieses Visum gültig?,How long is this visa valid?
günstig,Adjektiv,nan,nan,0,A1,499,auspicious,nan,nan
h,Symbol,nan,nan,0,A1,1040,B minor,nan,nan
Haar,Substantiv,neutr.,das,0,A1,1994,hair,Maria hat lange Haare.,Maria has long hair.
haben,Verb,nan,nan,0,A1,2109558,be available,Fossile Brennstoffe werden nicht ewig zu haben sein.,Fossil fuels won't be available forever.
halb,Adjektiv,nan,nan,0,A1,10654,half,Eine halbe Million Kinder im Niger leidet immer noch an Unterernährung.,Half a million children still face malnutrition in Niger.
Halbpension,Substantiv,fem.,die,0,A1,4,half board,Ich möchte Halbpension.,I'd like half board.
Halle,Substantiv,fem.,die,0,A1,2083,hall,Diese Halle fasst zweitausend Personen.,This hall holds two thousand people.
hallo,Interjektion,nan,nan,0,A1,nan,hello,Er sagte der Frau hallo.,He said hello to the woman.
halten,Verb,nan,nan,0,A1,256850,care about,"Du brauchst ein gutes Mikrofon, weil wir eine gute Tonqualität für wichtig halten.",You need have a good microphone because we care about sound quality.
Haltestelle,Substantiv,fem.,die,0,A1,91,stop,Der Bus fuhr an der Haltestelle vorbei.,The bus went past the bus stop.
Hand,Substantiv,fem.,die,0,A1,21580,hand,"Im Alter von sechs Jahren hatte er gelernt, eine Schreibmaschine zu bedienen und er erklärte dem Lehrer, dass er nicht lernen müsste, mit der Hand zu schreiben.",At the age of six he had learned to use the typewriter and told the teacher that he did not need to learn to write by hand.
Handy,Substantiv,neutr.,das,0,A1,324,cell,Wie kannst du einen Laptop und kein Handy haben?,How can you have a laptop and not a cell phone?
Haus,Substantiv,neutr.,das,0,A1,10532,bod,nan,nan
Hausaufgabe,Substantiv,fem.,die,0,A1,103,homework,"Ich bin zu faul, meine Hausaufgaben zu machen.",I'm too lazy to do my homework.
Hausfrau,Substantiv,fem.,die,0,A1,126,housewife,Ich bin Hausfrau.,I am a housewife.
Hausmann,Substantiv,mask.,der,0,A1,39,househusband,Tom ist Hausmann.,Tom is a househusband.
Heimat,Substantiv,fem.,die,0,A1,507,home,Japan ist sozusagen seine zweite Heimat.,"Japan is, as it were, his second home."
heiraten,Verb,nan,nan,0,A1,944,get married,"Man erwartet, dass 2006 hundertfünfzigtausend Paare in Shanghai heiraten.",One hundred and fifty thousand couples are expected to get married in Shanghai in 2006.
heißen,Verb,nan,nan,0,A1,10391,be called,Toronto hieß früher Fort York.,Toronto used to be called Fort York.
helfen,Verb,nan,nan,0,A1,22127,help,"Könnten Sie mir helfen, meine Schlüssel zu suchen?",Would you help me look for my keys?
hell,Adjektiv,nan,nan,0,A1,564,bright,Der Mond schien hell.,The moon was shining bright.
Herbst,Substantiv,mask.,der,0,A1,615,autumn,Im Herbst werden die Blätter gelb.,In autumn the leaves turn yellow.
Herd,Substantiv,mask.,der,0,A1,165,focus,nan,nan
Herr,Substantiv,mask.,der,0,A1,10341,Lord,"Töte sie, denn der Herr kennt die Seinen.","Kill them, for the Lord knows those who are His."
herzlich,Adjektiv,nan,nan,0,A1,301,cordial,Sie hießen uns herzlich willkommen.,We received a cordial welcome from them.
heut,Adverb,nan,nan,0,A1,nan,nan,nan,nan
heute,Adverb,nan,nan,0,A1,8139,now,"Früher trank mein Vater Bier, aber heute trinkt er Reiswein.","My father used to drink beer, but now he drinks sake."
hier,Adverb,nan,nan,0,A1,18875,here,"Es ist wundervoll in Amerika zu sein, wenn man hier ist, um Geld zu verdienen.","America is a lovely place to be, if you are here to earn money."
Hilfe,Substantiv,fem.,die,0,A1,1837,help,Danke für die Hilfe.,Thanks for the help.
hinten,Adverb,nan,nan,0,A1,1402,at the back,Er verschwand in einer dunklen Ecke hinten im Laden.,He disappeared into a dark corner at the back of the shop.
Hobby,Substantiv,neutr.,das,0,A1,457,hobby,Mein Hobby ist Musik.,My hobby is music.
hoch,Adjektiv,nan,nan,0,A1,93368,extremely,Ich fand das im höchsten Maße ärgerlich.,I found it extremely upsetting.
Hochzeit,Substantiv,fem.,die,0,A1,389,golden age,nan,nan
holen,Verb,nan,nan,0,A1,21473,breathe in,nan,nan
Hotel,Substantiv,neutr.,das,0,A1,2239,hotel,Die Zimmer dieses Hotels sind wirklich sehr schlecht schallgedämpft.,The rooms in this hotel are really very bad at muffling sounds.
Hund,Substantiv,mask.,der,0,A1,1519,Hund,nan,nan
hundert,Kardinalzahlwort,nan,nan,0,A1,1438,hundred,Mein Sohn kann jetzt bis hundert zählen.,My son can count up to a hundred now.
Hunger,Substantiv,mask.,der,0,A1,521,craving,nan,nan
Hähnchen,Substantiv,neutr.,das,0,A1,5,chicken,"Tom bereitet Hähnchen genauso zu, wie Mary es mag.",Tom cooks chicken just the way Mary likes it.
hören,Verb,nan,nan,0,A1,33648,hear,"Er wäre froh, das zu hören.",He would be glad to hear that.
ich,Personalpronomen,nan,nan,0,A1,113280,I,Ich werde bald zurück sein.,I will be back soon.
ihm,Personalpronomen,nan,nan,0,A1,10507,him,Ich würde ihm gerne ein Geschenk zu seinem Geburtstag machen.,I would like to give him a present for his birthday.
ihn,Personalpronomen,nan,nan,0,A1,8245,him,Ich werde ihn erschießen.,I'm gonna shoot him.
ihr,Possessivpronomen,"mask., neutr.",nan,0,A1,42831,her,Ich kann es ihr jetzt nicht sagen.,I can't tell her now.
ihre,Possessivpronomen,fem.,nan,0,A1,nan,nan,nan,nan
immer,Adverb,nan,nan,0,A1,88982,always,Ich mochte mysteriöse Charaktere schon immer mehr.,I always liked mysterious characters more.
in,Präposition,nan,nan,0,A1,34228482,in,Ich war in den Bergen.,I was in the mountains.
Information,Substantiv,fem.,die,0,A1,1463,information,"Was die Welt verändert, ist Kommunikation, nicht Information.","What changes the world is communication, not information."
ins,Präposition + Artikel,nan,nan,0,A1,44,to the,nan,nan
international,Adjektiv,nan,nan,0,A1,6448,international,Die Vereinten Nationen sind eine internationale Organisation.,The United Nations is an international organization.
Internet,Substantiv,neutr.,das,0,A1,921,Internet,"Es ist einfacher, Leute im Internet anzubaggern als auf der Straße.",It is easier to hit on people on the Internet than in the street.
ja,nan,nan,nan,0,A1,8993,yes,"Es ist schwierig, ein Gespräch mit jemandem zu führen, der nur Ja und Nein sagt.",It is difficult to keep up a conversation with someone who only says yes and no.
Jacke,Substantiv,fem.,die,0,A1,39,coat,Das Mädchen mit der blauen Jacke ist meine Tochter.,The girl in a blue coat is my daughter.
Jahr,Substantiv,neutr.,das,0,A1,17206,age,"Im Alter von sechs Jahren hatte er gelernt, eine Schreibmaschine zu bedienen und er erklärte dem Lehrer, dass er nicht lernen müsste, mit der Hand zu schreiben.",At the age of six he had learned to use the typewriter and told the teacher that he did not need to learn to write by hand.
Januar,Substantiv,mask.,der,0,A1,721,January,Der Januar ist normalerweise der kälteste Monat.,January is usually the coldest month.
jede,Indefinitpronomen,fem.,nan,0,A1,nan,nan,nan,nan
jeder,Indefinitpronomen,mask.,nan,0,A1,35211,each,"Ich vermute, dass es hinter jeder Sache, die wir tun müssen, etwas gibt, das wir tun wollen.","I suppose that behind each thing we have to do, there's something we want to do."
jedes,Indefinitpronomen,neutr.,nan,0,A1,nan,each,nan,nan
jetzt,Adverb,nan,nan,0,A1,9725,now,Muiriel ist jetzt 20.,Muiriel is 20 now.
Job,Substantiv,mask.,der,0,A1,478,job,Er ist genau der Richtige für den Job.,He is the very man for the job.
Jugendliche,Substantiv,"fem., mask.","die, der",0,A1,833,adolescent,nan,nan
Juli,Substantiv,mask.,der,0,A1,646,July,Er ist am 28.,"He was born on July 28th, 1888."
jung,Adjektiv,nan,nan,0,A1,3681,young,Die Verbreitung der Nutzung des Internets hat eine neue Generation von jungen Leuten hervorgebracht.,The proliferation of Internet usage has given birth to a new generation of young people.
Junge,Substantiv,mask.,der,0,A1,573,boy,"Das ist der Junge, an den ich denke.",This is the boy I think about.
Juni,Substantiv,mask.,der,0,A1,657,June,Heute ist der 18.,Today is June 18th and it is Muiriel's birthday!
Kaffee,Substantiv,mask.,der,0,A1,738,cafe,Ich habe in dem Café eine Tasse Kaffee getrunken.,I had a cup of coffee at the cafe.
kaputt,Adjektiv,nan,nan,0,A1,9890,broken,Aaah!,Aaah!
Karte,Substantiv,fem.,die,0,A1,838,billett,nan,nan
Kartoffel,Substantiv,fem.,die,0,A1,420,potato,Wann wurde die Kartoffel in Japan eingeführt?,When was the potato introduced into Japan?
Kasse,Substantiv,fem.,die,0,A1,204,cash,Ich bin im Moment knapp bei Kasse.,I'm short of cash at the moment.
kaufen,Verb,nan,nan,0,A1,13123,bribe,nan,nan
kein,Indefinitpronomen,nan,nan,0,A1,217161,no,Ich finde keine Worte.,I have no words.
kennen,Verb,nan,nan,0,A1,25251,know,"Wenn du mich nicht so gekannt hast, dann hast du mich einfach gar nicht gekannt.",If you didn't know me that way then you simply didn't know me.
kennen lernen,Verb,nan,nan,0,A1,nan,nan,nan,nan
kennenlernen,Verb,nan,nan,0,A1,144,get to know,Wie hast du sie kennengelernt?,How did you get to know her?
kg,Symbol,nan,nan,0,A1,167,nan,nan,nan
Kilo,Substantiv,neutr.,das,0,A1,173,kilo,Wie viel kostet ein halbes Kilo?,How much for half a kilo?
Kilogramm,Substantiv,neutr.,das,0,A1,266,kilogram,Was wiegt weniger: ein Kilogramm Gold oder ein Kilogramm Silber?,"Which weighs less, a kilogram of gold or a kilogram of silver?"
Kilometer,Substantiv,"mask., neutr.",der,0,A1,2555,kilometer,Es war weniger als ein Kilometer bis zu dem Dorfpostamt.,It was less than one kilometer to the village post office.
Kind,Substantiv,neutr.,das,0,A1,12892,child,"Ein Kind ist nicht ein Gefäß zum Vollfüllen, sondern ein Feuer zum Anzünden.","A child is not a vessel for filling, but a fire to light."
Kindergarten,Substantiv,mask.,der,0,A1,13,kindergarten,Ich werde Shigemi nicht vom Kindergarten abholen können.,I will not be able to pick up Shigemi at the kindergarten.
Kino,Substantiv,neutr.,das,0,A1,298,cinema,Ich gehe oft ins Kino.,I often go to the cinema.
Kiosk,Substantiv,mask.,der,0,A1,63,dairy,nan,nan
klar,Adjektiv,nan,nan,0,A1,8010,clear,"Es ist klar, dass er die Antwort weiß.",It is clear that he knows the answer.
Klasse,Substantiv,fem.,die,0,A1,1107,class,"Sein Aufsatz gab nur eine oberflächliche Analyse des Problems, daher war es eine richtige Überraschung für ihn, als er die beste Note in der Klasse bekam.","His essay gave only a superficial analysis of the problem, so it was a real surprise to him when he got the highest grade in the class."
Kleidung,Substantiv,fem.,die,0,A1,733,clothes,"Mit seiner bunten Kleidung, seiner langen Perücke und seinen weißen Handschuhen könnte man meinen, er sei gerade aus einer Art Disneyland entlaufen.","With his colored clothes, his long wig and his white gloves, one could guess he has run away from some kind of Disneyland."
klein,Adjektiv,nan,nan,0,A1,129141,insignificant,nan,nan
km,Symbol,nan,nan,0,A1,1358,nan,nan,nan
kochen,Verb,nan,nan,0,A1,3415,be seething with rage,nan,nan
Koffer,Substantiv,mask.,der,0,A1,382,suitcase,Wem gehört dieser Koffer?,Who does this suitcase belong to?
Kollege,Substantiv,mask.,der,0,A1,661,co-worker,Mein Kollege ist ein Wolf im Schafspelz.,My co-worker is a wolf in sheep's clothing.
kommen,Verb,nan,nan,0,A1,1158860,advance,"Falls ich dich besuchen komme, lasse ich es dich vorher wissen.","When I call on you, I'll let you know in advance."
Konto,Substantiv,neutr.,das,0,A1,288,account,Ich habe kein Konto in diesen Foren.,I do not have an account in these forums.
Kopf,Substantiv,mask.,der,0,A1,7559,head,Sie zog ihren Kopf von einem Fenster zurück.,She withdrew her head from a window.
kosten,Verb,nan,nan,0,A1,1831,cost,Das wird 30 € kosten.,This will cost €30.
krank,Adjektiv,nan,nan,0,A1,1170,ill,Ann scheint krank zu sein.,Ann seems to be ill.
Kreditkarte,Substantiv,fem.,die,0,A1,57,credit card,"Die Polizei ist gut darin zu verstehen, dass jemand meine Kreditkarte gestohlen hat und viel Geld abgehoben hat.",The police are really good at understanding Someone stole my credit card and ran up a lot of charges.
kriegen,Verb,nan,nan,0,A1,5849,catch,"Sie mussten sofort aufbrechen, um den Zug zu kriegen.",They had to leave at once to catch the train.
Kuchen,Substantiv,mask.,der,0,A1,335,cake,Dieser Kuchen schmeckt nach Käse.,This cake tastes like it has cheese in it.
Kugelschreiber,Substantiv,mask.,der,0,A1,49,ballpoint pen,Schreib mit einem Kugelschreiber!,Write with a ballpoint pen.
kulturell,Adjektiv,nan,nan,0,A1,1787,cultural,"Jeder hat als Mitglied der Gesellschaft das Recht auf soziale Sicherheit und Anspruch darauf, durch innerstaatliche Maßnahmen und internationale Zusammenarbeit sowie unter Berücksichtigung der Organisation und der Mittel jedes Staates in den Genuss der wirtschaftlichen, sozialen und kulturellen Rechte zu gelangen, die für seine Würde und die freie Entwicklung seiner Persönlichkeit unentbehrlich sind.","Everyone, as a member of society, has the right to social security and is entitled to realization, through national effort and international co-operation and in accordance with the organization and resources of each State, of the economic, social and cultural rights indispensable for his dignity and the free development of his personality."
Kunde,Substantiv,mask.,der,0,A1,1024,area,nan,nan
Kundin,Substantiv,fem.,die,0,A1,63,client,Ich bin eine Kundin.,I'm a client.
Kurs,Substantiv,mask.,der,0,A1,446,course,In diesem Kurs lernt man Grundkenntnisse in Erste Hilfe.,This course teaches basic skills in first aid.
kurz,Adjektiv,nan,nan,0,A1,14495,brief,"Kurz, ich brauche Geld.","In brief, I need money."
können,Verb,nan,nan,0,A1,744550,be able to,"Selbst wenn deine Sätze tatsächlich sinnfrei waren, hast du zumindest das Glück, schöne Sätze bilden zu können.","Even if your sentences were actually senseless, you at least have the luck to be able to form beautiful sentences."
Küche,Substantiv,fem.,die,0,A1,951,cooking,"Pok Choi ist ein Gemüse, das in der chinesischen Küche verwendet wird.",Bok choy is a vegetable used in Chinese cooking.
Kühlschrank,Substantiv,mask.,der,0,A1,215,fridge,In einem Wörterbuch wie diesem sollte es mindestens zwei Sätze mit Kühlschrank geben.,In a dictionary like this one there should be at least two sentences with fridge.
kümmern,Verb,nan,nan,0,A1,543,look after,Wer wird sich um das Baby kümmern?,Who will look after the baby?
lachen,Verb,nan,nan,0,A1,7556,giggle,nan,nan
Laden,Substantiv,mask.,der,0,A1,164,business,Wir müssen etwas Schwung in den Laden bringen.,We've got to drum up some business in the shop.
Land,Substantiv,neutr.,das,0,A1,38761,country,"Jimmy versuchte, seine Eltern dazu zu kriegen, ihn mit seinen Freunden quer durch das Land fahren zu lassen.",Jimmy tried to cajole his parents into letting him drive across the country with his friends.
lang,Adjektiv,nan,nan,0,A1,26870,long,10 Jahre sind eine lange Zeit zum Warten.,Ten years is a long time to wait.
lange,Adverb,nan,nan,0,A1,16928,long,Wie lange bist du geblieben?,How long did you stay?
langsam,Adjektiv,nan,nan,0,A1,1551,slow,Schnell ist das Gegenteil von langsam.,Fast is the opposite of slow.
laufen,Verb,nan,nan,0,A1,83165,run,Die beiden Straßen laufen parallel zu einander.,The two streets run parallel to one another.
laut,Adjektiv,nan,nan,0,A1,21926,according,"Laut einer landesweiten Umfrage in den USA ist es ein geläufiger Glaube, dass Moslems mit Terrorismus verbunden sind.","It is a prevalent belief, according to a nationwide poll in the United States, that Muslims are linked with terrorism."
Leben,Substantiv,neutr.,das,0,A1,6661,life,Ich kann so ein Leben nicht leben.,I can't live that kind of life.
leben,Verb,nan,nan,0,A1,38333,live,Ich kann so ein Leben nicht leben.,I can't live that kind of life.
Lebensmittel,Substantiv,neutr.,das,0,A1,721,food,Dieser Lastwagen transportiert frische Lebensmittel von Aomori nach Tokyo.,This truck transports fresh food from Aomori to Tokyo.
ledig,Adjektiv,nan,nan,0,A1,151,single,Sie blieb ihr ganzes Leben lang ledig.,She remained single all her life.
legen,Verb,nan,nan,0,A1,117409,castrate,nan,nan
Lehrer,Substantiv,mask.,der,0,A1,877,instructor,"Der Lehrer wies alle an, auf dem Bauch zu schwimmen.",The instructor asked the swimmers to float on their stomachs.
leicht,Adjektiv,nan,nan,0,A1,27432,easy,Das ist alles andere als leicht.,This is anything but easy.
leider,Adverb,nan,nan,0,A1,1333,alas,"Seine Freundin ist eine schöne Frau, aber leider ist sie dumm wie Bohnenstroh.","His girlfriend is a beautiful woman, but alas she is as dumb as a sack of hammers."
leise,Adjektiv,nan,nan,0,A1,567,faint,nan,nan
lernen,Verb,nan,nan,0,A1,6054,learn,Letztendlich muss jeder selbst lernen.,Everyone must learn on their own in the end.
lesen,Verb,nan,nan,0,A1,19197,glean,nan,nan
letzt,Adjektiv,nan,nan,0,A1,nan,nan,nan,nan
Leute,Substantiv,nan,nan,1,A1,2092,people,"Die meisten Leute denken, ich sei verrückt.",Most people think I'm crazy.
Licht,Substantiv,neutr.,das,0,A1,2050,light,Könntest du bitte das Licht anmachen?,"Could you turn on the light, please?"
lieb,Adjektiv,nan,nan,0,A1,2482,dear,"Hallo, mein lieber Freund, wie geht es dir?","Hi, how are you, my dear friend?"
lieben,Verb,nan,nan,0,A1,2930,have sex,"Ich dachte, er liebe mich, aber in Wirklichkeit wollte er nur mit mir ins Bett.","I thought that he loved me, but in reality he just wanted to have sex with me."
lieber,Komparativ,nan,nan,0,A1,2884,better,Ich mag Dunkelrot lieber.,I like dark red better.
Lieblingslied,Substantiv,neutr.,das,0,A1,14,nan,nan,nan
Lied,Substantiv,neutr.,das,0,A1,1011,song,"Dieses Lied ist so bewegend, dass es mir die Tränen in die Augen treibt.",This song is so moving that it brings tears to my eyes.
liegen,Verb,nan,nan,0,A1,385929,be,"Das liegt daran, dass du nicht allein sein willst.",It's because you don't want to be alone.
links,Adverb,nan,nan,0,A1,2316,left,Links ist ein Geheimweg.,There's a secret path on the left.
Liter,Substantiv,"mask., neutr.","der, das",0,A1,416,liter,Ein Liter Milch enthält ungefähr dreißig Gramm Protein.,A liter of milk contains about thirty grams of protein.
LKW,Substantiv,mask.,der,0,A1,111,nan,nan,nan
Lkw,Substantiv,mask.,der,0,A1,124,HGV,Ein Lkw wird in Großbritannien als lorry bezeichnet.,"In Britain, an HGV is called a lorry."
Lokal,Substantiv,neutr.,das,0,A1,52,bar,Das Lokal schließt bald.,The bar is closing soon.
lustig,Adjektiv,nan,nan,0,A1,476,funny,Er erzählte eine lustige Geschichte.,He told a funny story.
Lösung,Substantiv,fem.,die,0,A1,860,answer,Es schien keine Lösung für das Problem zu geben.,There seemed to be no answer to the problem.
m,Symbol,nan,nan,0,A1,6515,nan,nan,nan
machen,Verb,nan,nan,0,A1,753818,do,Du kannst das machen!,You can do it.
Mai,Substantiv,mask.,der,0,A1,2605,May,Er fuhr Ende Mai nach Paris.,He went to Paris at the end of May.
man,Indefinitpronomen,nan,nan,0,A1,212281,one,Man kann immer Zeit finden.,One can always find time.
Mann,Substantiv,mask.,der,0,A1,11396,God,"Da kam ein Mann, der von Gott gesandt war; sein Name war Johannes.",There came a man who was sent from God; his name was John.
Maschine,Substantiv,fem.,die,0,A1,1017,aircraft,"Als Testpilot unternahm Neil Armstrong sieben Flüge mit der Maschine X-15, wobei er eine Höhe von 63 198 m zu erreichen imstande war.","As a test pilot, Neil Armstrong made 7 flights in the X-15 aircraft."
Meer,Substantiv,neutr.,das,0,A1,1493,lake,Der See wirkt wie ein Meer.,That lake looks like the sea.
mehr,Komparativ,nan,nan,0,A1,53596,longer,Ich kann diesen Lärm nicht mehr ertragen.,I can't put up with the noise any longer.
mein,Possessivpronomen,"mask., neutr.",nan,0,A1,30092,my,"Die letzte Person, der ich meine Idee erzählt habe, dachte, ich wäre bekloppt.",The last person I told my idea to thought I was nuts.
meine,Possessivpronomen,fem.,nan,0,A1,1191,nan,nan,nan
meist,Superlativ,nan,nan,0,A1,5355,most,Tom steht des Morgens meist vor Sonnenaufgang auf.,Tom gets up before dawn most mornings.
Mensch,Substantiv,mask.,der,0,A1,12086,Blimey!,nan,nan
Meter,Substantiv,"mask., neutr.",der,0,A1,2395,meter,Dieses Seil kostet 200 Yen pro Meter.,This rope is 200 yen a meter.
Miete,Substantiv,fem.,die,0,A1,503,clamp,nan,nan
mieten,Verb,nan,nan,0,A1,440,rent,Ich würde gerne ein Auto mieten.,I'd like to rent a car.
Milch,Substantiv,fem.,die,0,A1,640,milk,"Käse ist ein festes Nahrungsmittel, das aus der Milch von Kühen, Ziegen, Schafen oder anderen Säugetieren hergestellt wird.","Cheese is a solid food made from the milk of cows, goats, sheep, and other mammals."
Milliarde,Substantiv,fem.,die,0,A1,759,billion,"1998 überstiegen Japans Exporte die Importe um 77,8 Milliarden Dollar.",Japan's exports exceeded imports by $77.
Million,Substantiv,fem.,die,0,A1,4633,million,Eine Million Menschen haben im Krieg ihr Leben verloren.,One million people lost their lives in the war.
Minute,Substantiv,fem.,die,0,A1,1562,minute,Eine Minute entspricht sechzig Sekunden.,A minute has sixty seconds.
mit,Präposition,nan,nan,0,A1,11423742,against,Wir stehen mit dem Rücken zur Wand.,We're up against the wall.
mitbringen,Verb,nan,nan,0,A1,361,bring,Was soll ich mitbringen?,What should I bring?
mitkommen,Verb,nan,nan,0,A1,119,accompany,nan,nan
mitmachen,Verb,nan,nan,0,A1,80,function,nan,nan
mitnehmen,Verb,nan,nan,0,A1,214,keep,Du kannst diese Kassette bis morgen mitnehmen.,You can keep this tape until tomorrow.
Mittag,Substantiv,mask.,der,0,A1,253,lunchtime,Der Laden ist auch über Mittag geöffnet.,The shop is also open at lunchtime.
Mitte,Substantiv,fem.,die,0,A1,1622,Mitte,Der Stadtteil Mitte liegt im Zentrum von Berlin.,The Mitte district is located in the central part of Berlin.
Mittwoch,Substantiv,mask.,der,0,A1,430,Wednesday,Sie ist seit letztem Mittwoch krank.,She has been sick since last Wednesday.
Mo,Symbol,nan,nan,0,A1,44,nan,nan,nan
Moment,Substantiv,mask.,der,0,A1,826,moment,"Einen Moment lang habe ich geglaubt, er wäre verrückt geworden.","For a moment there, I thought he had gone mad."
Montag,Substantiv,mask.,der,0,A1,487,Monday,Die Schule beginnt nächsten Montag.,School starts next Monday.
Morgen,Substantiv,mask.,der,0,A1,2212,good morning,"Guten Morgen, sagte Tom mit einem Lächeln.","Good morning, said Tom with a smile."
morgen,Adverb,nan,nan,0,A1,2212,tomorrow,"Ich werde sie morgen anrufen, wenn ich zurückkomme.",I'll call them tomorrow when I come back.
Mund,Substantiv,mask.,der,0,A1,2125,lips,Tom küsste Maria auf den Mund.,Tom kissed Mary on the lips.
Mutter,Substantiv,fem.,die,0,A1,6864,Mom,Meine Mutter spricht nicht sehr gut Englisch.,My mom doesn't speak English very well.
m²,Symbol,nan,nan,0,A1,nan,nan,nan,nan
Mädchen,Substantiv,neutr.,das,0,A1,3023,girl,"Als beide Mädchen John sagten, dass sie Gefühle für ihn hatten, wusste der nicht, mit welchem Mädchen er zusammen sein sollte.","When both girls told John they had feelings for him, he was in a quandary as to which girl he should be with."
männlich,Adjektiv,nan,nan,0,A1,1998,male,Der Penis ist eines der männlichen Geschlechtsorgane.,The penis is one of the male reproductive organs.
März,Substantiv,mask.,der,0,A1,773,March,Ich bin am 5.,"I was born in Osaka on March 5, 1977."
Möbel,Substantiv,neutr.,das,0,A1,312,furniture,In seinem Zimmer sind viele Möbel.,There is a lot of furniture in his room.
mögen,Verb,nan,nan,0,A1,5896,like,"Ich mag es nicht, wenn Mathematiker, die viel mehr als ich wissen, sich nicht genau ausdrücken können.",I don't like it when mathematicians who know much more than I do can't express themselves explicitly.
möglich,Adjektiv,nan,nan,0,A1,5605,possible,"Sie fragt, wie das möglich ist.",She's asking how that's possible.
müde,Adjektiv,nan,nan,0,A1,321,sleepy,Bist du nicht müde?,Aren't you sleepy?
müssen,Verb,nan,nan,0,A1,49274,have to,"Ich vermute, dass es hinter jeder Sache, die wir tun müssen, etwas gibt, das wir tun wollen.","I suppose that behind each thing we have to do, there's something we want to do."
nach,Präposition,nan,nan,0,A1,573683,after,Nach der Wäsche in Form bringen.,Pull into shape after washing.
Nachmittag,Substantiv,mask.,der,0,A1,472,afternoon,"Ich habe den ganzen Nachmittag damit verbracht, mit Freunden zu schwätzen.",I spent the whole afternoon chatting with friends.
Name,Substantiv,mask.,der,0,A1,3661,name,"Mein nächster Türnachbar ist ein Virtuose, dessen Geschick am Klavier ihm einen Namen unter den Musikexperten eingebracht hat.",My next door neighbor is a virtuoso whose skills with the piano have earned him a name among music experts.
Namen,Substantiv,mask.,der,0,A1,nan,nan,nan,nan
nehmen,Verb,nan,nan,0,A1,241209,have,Ich muss Medikamente nehmen.,I have to take medicine.
nein,Partikel,nan,nan,0,A1,535,nay,"Sie hätte zugegeben, dass sie Anne mochte, nein dass sie Anne sehr lieb hatte.","She would have admitted that she liked Anne--nay, that she was very fond of Anne."
neu,Adjektiv,nan,nan,0,A1,61989,new,"Ich dachte, du würdest gerne neue Sachen lernen.",I thought you liked to learn new things.
neun,Kardinalzahlwort,nan,nan,0,A1,609,nine,"Eins, zwei, drei, vier, fünf, sechs, sieben, acht, neun, zehn.","One, two, three, four, five, six, seven, eight, nine, ten."
neunzehn,Kardinalzahlwort,nan,nan,0,A1,46,nineteen,"Zehn, elf, zwölf, dreizehn, vierzehn, fünfzehn, sechzehn, siebzehn, achtzehn, neunzehn, zwanzig.","Ten, eleven, twelve, thirteen, fourteen, fifteen, sixteen, seventeen, eighteen, nineteen, twenty."
neunzig,Kardinalzahlwort,nan,nan,0,A1,82,ninety,"Es ist überhaupt nicht selten, länger als neunzig Jahre zu leben.",It is not rare at all to live over ninety years.
nicht,Adverb,nan,nan,0,A1,2273356,not,Zum Lernen sollte man nicht gezwungen werden.,Learning should not be forced.
nichts,Indefinitpronomen,nan,nan,0,A1,30462,nothing,Das wird nichts ändern.,That will change nothing.
nie,Adverb,nan,nan,0,A1,11826,never,Das wird nie enden.,This is never going to end.
noch,Adverb,nan,nan,0,A1,187700,nor,"Eine mathematische Wahrheit ist weder einfach noch kompliziert, sie ist.",A mathematical truth is neither simple nor complicated; it is.
Norden,Substantiv,mask.,der,0,A1,1276,North,Der Bus fuhr in Richtung Norden.,The bus was heading north.
normal,Adjektiv,nan,nan,0,A1,655,normal,"Hör auf, mich als einen normalen Menschen anzusehen!",Stop seeing me as a normal person!
November,Substantiv,mask.,der,0,A1,700,November,"Januar, Februar, März, April, Mai, Juni, Juli, August, September, Oktober, November und Dezember sind die zwölf Monate eines Jahres.","January, February, March, April, May, June, July, August, September, October, November and December are the twelve months of the year."
Nummer,Substantiv,fem.,die,0,A1,534,number,Rufen Sie mich im Notfall unter dieser Nummer an.,"In case of an emergency, phone me at this number."
nur,Adverb,nan,nan,0,A1,186978,just,"Ich bin kein echter Fisch, ich bin nur ein einfaches Plüschtier.","I'm not a real fish, I'm just a mere plushy."
nächst,Superlativ,nan,nan,0,A1,31,next,Nächsten Monat wohne ich seit zehn Jahren hier.,I will have lived here for ten years next month.
oben,Adverb,nan,nan,0,A1,8761,above,Wichtig!,Important!
Obst,Substantiv,neutr.,das,0,A1,322,fruit,Du solltest mehr Obst essen.,You should eat more fruit.
oder,Konjunktion,nan,nan,0,A1,62048,else,"Wenn der Ball Dich irgendwo trifft außer am Kopf oder den Händen, bist Du draußen.","If the ball hits you somewhere else than on the head or hands, you're out."
oft,Adverb,nan,nan,0,A1,5049,frequently,Ich erinnere mich oft an meine glückliche Kindheit.,I frequently recall my happy childhood.
ohne,nan,nan,nan,0,A1,125773,without,"Ich habe gelernt, ohne sie zu leben.",I learned to live without her.
Oktober,Substantiv,mask.,der,0,A1,700,October,Ich wurde am 10.,"I was born on October 10, 1972."
Oma,Substantiv,fem.,die,0,A1,366,gran,Meine Oma ist achtzig Jahre alt.,My gran is eighty years old.
Opa,Substantiv,mask.,der,0,A1,865,grandad,Wo ist denn Opa?,Where's Grandad?
Ordnung,Substantiv,fem.,die,0,A1,3705,order,Im Allgemeinen weiß man wenig über nicht lineare Differentialgleichungen zweiter Ordnung.,"In general, little is known about nonlinear second order differential equations."
Ort,Substantiv,mask.,der,0,A1,4605,awl,nan,nan
Osten,Substantiv,mask.,der,0,A1,1424,east,Die Sonne geht immer im Osten auf.,The sun always rises in the east.
Papier,Substantiv,neutr.,das,0,A1,1038,document,"Ich wurde gezwungen, das Papier zu unterschreiben.",I was forced to sign the document.
Partner,Substantiv,mask.,der,0,A1,517,associate,nan,nan
Partnerin,Substantiv,fem.,die,0,A1,81,nan,nan,nan
Party,Substantiv,fem.,die,0,A1,272,do,Komm doch zu der Party!,Do come to the party.
Pass,Substantiv,mask.,der,0,A1,1079,pace,nan,nan
Pause,Substantiv,fem.,die,0,A1,432,break,Du hast den ganzen Morgen über dieses Problem nachgedacht.,You have been thinking about this problem the whole morning.
Pfund,Substantiv,neutr.,das,0,A1,220,pound,Wir kauften ein Pfund Tee.,We bought a pound of tea.
Plan,Substantiv,mask.,der,0,A1,2205,blueprint,nan,nan
Platz,Substantiv,mask.,der,0,A1,10187,circus,nan,nan
Polizei,Substantiv,fem.,die,0,A1,1488,police,"Die Polizei wird euch dazu bringen, die Kugeln zu finden.",The police will get you to find the bullets.
Pommes frites,Mehrwortausdruck,nan,nan,1,A1,nan,chips,nan,nan
Post,Substantiv,fem.,die,0,A1,2118,mail,Könnten Sie mir bitte einen Katalog per Post schicken?,Would you please send me a catalogue by mail?
Postleitzahl,Substantiv,fem.,die,0,A1,24,ZIP code,Kannst du mir die Postleitzahl von New York nennen?,Can you tell me what the zip code is for New York?
Praktikum,Substantiv,neutr.,das,0,A1,71,internship,Ich bewarb mich um ein Praktikum für den Sommer.,I applied for a summer internship.
Praxis,Substantiv,fem.,die,0,A1,452,doctors office,nan,nan
Preis,Substantiv,mask.,der,0,A1,1401,price,"Mein Zimmerkamerad ist verschwenderisch, was das Geldausgeben für Filme betrifft; er kauft sie am Tag, wo sie herauskommen, ohne Rücksicht auf den Preis.","My roommate is prodigal when it comes to spending money on movies; he buys them the day they're released, regardless of price."
Problem,Substantiv,neutr.,das,0,A1,2078,problem,Dann haben wir ein Problem.,Then there is a problem.
Prospekt,Substantiv,"mask., neutr.",der,0,A1,45,back cloth,nan,nan
Prozent,Substantiv,neutr.,das,0,A1,2834,percent,Mehr als 90 Prozent der Besuche einer Website kommen von den Suchmaschinen.,More than 90 percent of visits to a web page are from search engines.
Prüfung,Substantiv,fem.,die,0,A1,628,audit,nan,nan
pünktlich,Adjektiv,nan,nan,0,A1,415,punctual,Er ist pünktlich.,He is punctual.
qm,Symbol,nan,nan,0,A1,16,nan,nan,nan
Quadratmeter,Substantiv,"mask., neutr.",der,0,A1,204,square meter,Die Leistung einer Solarzelle mit einer Fläche von einem Quadratmeter beträgt ungefähr ein Watt.,"The output power of a one square meter solar panel is about one watt, so it is difficult to use solar power on a large scale at present."
Rad fahren,Mehrwortausdruck,nan,nan,0,A1,nan,bike,nan,nan
rauchen,Verb,nan,nan,0,A1,1580,smoke,"Stört es Sie, wenn ich rauche?",Would you mind if I smoke?
Raum,Substantiv,mask.,der,0,A1,3056,region,nan,nan
Rechnung,Substantiv,fem.,die,0,A1,410,arithmetic,nan,nan
rechts,Adverb,nan,nan,0,A1,1613,right,Biegen Sie an der Kreuzung rechts ab.,Turn right at the crossroad.
Regen,Substantiv,mask.,der,0,A1,899,Regen,"Altmühl, Naab und Regen, ziehen der Donau links entgegen.","The Altmühl, Naab and Regen tributaries meet the Danube from the left."
regnen,Verb,nan,nan,0,A1,1615,rain,"Ich hatte vor, heute an den Strand zu gehen, aber dann fing es an zu regnen.","I was planning on going to the beach today, but then it started to rain."
Reis,Substantiv,mask.,der,0,A1,264,rice,Ich esse Reis.,I am eating rice.
Reise,Substantiv,fem.,die,0,A1,5017,journey,Gute Reise!,Safe journey.
Reisebüro,Substantiv,neutr.,das,0,A1,42,travel agency,Ich arbeite für ein Reisebüro.,I work for a travel agency.
Reiseführer,Substantiv,mask.,der,0,A1,54,guide,Kann man einen Reiseführer bekommen?,Is there a tour guide available?
reisen,Verb,nan,nan,0,A1,3974,travel,"Ich habe niemanden, der mit mir reisen würde.",I don't have anyone who'd travel with me.
Reparatur,Substantiv,fem.,die,0,A1,166,repair,Mein Auto ist in Reparatur.,My car is under repair.
reparieren,Verb,nan,nan,0,A1,562,repair,"Ich habe es geschafft, mein Auto selbst zu reparieren.",I managed to repair my car by myself.
Restaurant,Substantiv,neutr.,das,0,A1,578,restaurant,Ich gehe alle zwei Tage ins Restaurant.,I go to the restaurant every 2 days.
Rezeption,Substantiv,fem.,die,0,A1,67,perception,nan,nan
richtig,Adjektiv,nan,nan,0,A1,2362,correct,Geht deine Uhr richtig?,Is your watch correct?
riechen,Verb,nan,nan,0,A1,638,reek,nan,nan
rot,Adjektiv,nan,nan,0,A1,40521,red,Ich habe noch nie einen roten Kühlschrank gesehen.,I have never seen a red refrigerator.
ruhig,Adjektiv,nan,nan,0,A1,989,quiet,Nara ist eine ruhige und schöne Stadt.,Nara is a quiet and beautiful city.
S-Bahn,Substantiv,fem.,die,0,A1,2,S-train,nan,nan
Saft,Substantiv,mask.,der,0,A1,219,juice,Blut ist ein ganz besondrer Saft.,Blood is a juice of rarest quality.
sagen,Verb,nan,nan,0,A1,185712,say,"Ich weiß einfach nicht, was ich sagen soll.",I just don't know what to say.
Salat,Substantiv,mask.,der,0,A1,299,lettuce,Der Salat ist braun geworden.,The lettuce has turned brown.
Salz,Substantiv,neutr.,das,0,A1,947,sal,nan,nan
Samstag,Substantiv,mask.,der,0,A1,478,Saturday,Ich muss das Buch vor Samstag zurückgeben.,I have to give back the book before Saturday.
Satz,Substantiv,mask.,der,0,A1,3429,composition,nan,nan
Schalter,Substantiv,mask.,der,0,A1,125,counter,Tom stellte sich den Leuten hinter dem Schalter vor.,Tom introduced himself to the people behind the counter.
scheinen,Verb,nan,nan,0,A1,14513,seem,Sie schien nicht interessiert zu sein.,She didn't seem interested.
schicken,Verb,nan,nan,0,A1,17972,consign,nan,nan
Schild,Substantiv,neutr.,das,0,A1,99,shield,Ich brauche einen Schild.,I need a shield.
Schinken,Substantiv,mask.,der,0,A1,3,ham,Er mag Schinken und Eier.,He likes ham and eggs.
schlafen,Verb,nan,nan,0,A1,4743,sleep,Du solltest schlafen.,You should sleep.
schlecht,Adjektiv,nan,nan,0,A1,3965,bad,Donnerwetter!,Damn!
schließen,Verb,nan,nan,0,A1,14558,close,"Schließen Sie bitte die Tür, wenn Sie hinausgehen.",Please will you close the door when you go out.
Schluss,Substantiv,mask.,der,0,A1,1086,close,Warum hast du nur damals so kurz vor Schluss dein Jurastudium hingeschmissen?,Why did you drop out of law school so close to the end?
Schlüssel,Substantiv,mask.,der,0,A1,329,key,Sie haben den falschen Schlüssel genommen.,You took the wrong key.
schmecken,Verb,nan,nan,0,A1,1868,smack,nan,nan
schnell,Adjektiv,nan,nan,0,A1,14633,fast,"Ich habe eine Lösung gefunden, aber ich habe sie so schnell gefunden, dass es nicht die richtige Lösung sein kann.","I found a solution, but I found it so fast that it can't be the right solution."
schon,Adverb,nan,nan,0,A1,10410,admittedly,nan,nan
Schrank,Substantiv,mask.,der,0,A1,287,cabinet,Die Tischdecke ist im Schrank.,The tablecloth is in the cabinet.
schreiben,Verb,nan,nan,0,A1,61257,store,nan,nan
Schuh,Substantiv,mask.,der,0,A1,594,shoe,In einem zu großen Schuh stolpert man.,A shoe too large trips one up.
Schule,Substantiv,fem.,die,0,A1,2208,school,Ich kann in 10 Minuten zur Schule gehen.,I can walk to school in 10 minutes.
schwarz,Adjektiv,nan,nan,0,A1,45021,black,Sie trug einen schwarzen Hut.,She was wearing a black hat.
schwer,Adjektiv,nan,nan,0,A1,22336,a damn lot,nan,nan
Schwester,Substantiv,fem.,die,0,A1,777,nurse,"Die Schwester wird Ihnen sagen, wie es zu machen ist.",The nurse will tell you how to do it.
Schwimmbad,Substantiv,neutr.,das,0,A1,73,pool,"Thomas hat mich gefragt, ob ich ihn ins Schwimmbad begleiten würde.",Thomas asked me whether I could accompany him to the swimming pool.
schwimmen,Verb,nan,nan,0,A1,12481,bathe,Die Tiere schwimmen im See.,The animals bathe in the lake.
schön,Adjektiv,nan,nan,0,A1,2166,beautiful,Unschuld ist eine schöne Sache.,Innocence is a beautiful thing.
Schüler,Substantiv,mask.,der,0,A1,1332,disciple,"Wie der Meister, so der Schüler.","Like master, like disciple."
sechs,Kardinalzahlwort,nan,nan,0,A1,1607,six,"Im Alter von sechs Jahren hatte er gelernt, eine Schreibmaschine zu bedienen und er erklärte dem Lehrer, dass er nicht lernen müsste, mit der Hand zu schreiben.",At the age of six he had learned to use the typewriter and told the teacher that he did not need to learn to write by hand.
sechzehn,Kardinalzahlwort,nan,nan,0,A1,100,sixteen,Zwei ist die vierte Wurzel von sechzehn.,Two is the fourth root of sixteen.
sechzig,Kardinalzahlwort,nan,nan,0,A1,144,sixty,Eine Minute entspricht sechzig Sekunden.,A minute has sixty seconds.
See,Substantiv,mask.,der,0,A1,3701,lake,Wie tief ist dieser See?,What is the depth of the lake?
sehen,Verb,nan,nan,0,A1,340222,look,"Wenn man beginnt, seinem Passfoto ähnlich zu sehen, sollte man in den Urlaub fahren.","When you're beginning to look like the photo in your passport, you should go on a holiday."
Sehenswürdigkeit,Substantiv,fem.,die,0,A1,81,sight,An dieser Sehenswürdigkeit häufen sich die Touristen.,Tourists flock to this sight.
sehr,Adverb,nan,nan,0,A1,21122,much,Es gefällt mir sehr gut.,I like it very much.
sein,Verb,nan,nan,0,A1,2016470,be,Ich werde bald zurück sein.,I will be back soon.
seine,Possessivpronomen,fem.,nan,0,A1,nan,nan,nan,nan
seit,nan,nan,nan,0,A1,6577,for,Ich halte es nicht mehr aus!,I can't take it anymore!
Sekunde,Substantiv,fem.,die,0,A1,604,second,Wir können durch die Zeit reisen.,We can travel through time.
selbstständig,Adjektiv,nan,nan,0,A1,252,independent,Der Kosovo ist nun ein selbstständiger Staat.,Kosovo is now an independent state.
selbständig,Adjektiv,nan,nan,0,A1,284,nan,nan,nan
September,Substantiv,mask.,der,0,A1,712,September,Schockiert durch die Ereignisse des 11.,"Shocked by the events of September 11th, politicians all over the world condemned the terrorists for their reprehensible deed."
sich,Reflexivpronomen,nan,nan,0,A1,12859192,each other,"Sie sind zu sehr damit beschäftigt, sich gegenseitig zu bekämpfen, als dass sie sich gemeinsamen Idealen widmen könnten.",They are too busy fighting against each other to care for common ideals.
Sie,Personalpronomen,nan,nan,0,A1,59741,she,nan,nan
sie,Personalpronomen,nan,nan,0,A1,59741,her,Hör auf!,Stop it!
sieben,Kardinalzahlwort,nan,nan,0,A1,5400,seven,"Eins, zwei, drei, vier, fünf, sechs, sieben, acht, neun, zehn.","One, two, three, four, five, six, seven, eight, nine, ten."
siebenzig,Kardinalzahlwort,nan,nan,0,A1,1,nan,nan,nan
siebzehn,Kardinalzahlwort,nan,nan,0,A1,68,seventeen,"Zehn, elf, zwölf, dreizehn, vierzehn, fünfzehn, sechzehn, siebzehn, achtzehn, neunzehn, zwanzig.","Ten, eleven, twelve, thirteen, fourteen, fifteen, sixteen, seventeen, eighteen, nineteen, twenty."
siebzig,Kardinalzahlwort,nan,nan,0,A1,107,seventy,Er wurde siebzig Jahre alt.,He lived to be seventy years old.
sitzen,Verb,nan,nan,0,A1,60829,fit,Der Mantel sitzt an den Schultern nicht richtig.,The coat doesn't fit properly across the shoulders.
so,nan,nan,nan,0,A1,444502,as,"Es gibt keine Distanz auf der Erde, die so weit entfernt ist wie gestern.",There is no distance on this earth as far away as yesterday.
Sofa,Substantiv,neutr.,das,0,A1,216,couch,Die Fernbedienung liegt unter dem Sofa.,The TV remote control is under the couch.
sofort,Adverb,nan,nan,0,A1,1212,immediately,Ich bringe Ihnen sofort die Rechnung.,I'll bring you the bill immediately.
Sohn,Substantiv,mask.,der,0,A1,2245,son,"Wie der Vater, so der Sohn.","Like father, like son."
sollen,Verb,nan,nan,0,A1,77994,shall,Du sollst eine Belohnung erhalten.,You shall have a reward.
Sommer,Substantiv,mask.,der,0,A1,1190,Summer,Diesen Sommer gehe ich nach Amerika.,I'm going to America this summer.
Sonnabend,Substantiv,mask.,der,0,A1,4,nan,nan,nan
Sonne,Substantiv,fem.,die,0,A1,1349,Sun,Katzen spielen gerne in der Sonne.,Cats like playing in the sun.
Sonntag,Substantiv,mask.,der,0,A1,751,Sunday,Es regnet seit letztem Sonntag.,It has been raining since last Sunday.
Speisekarte,Substantiv,fem.,die,0,A1,60,menu,Darf ich die Speisekarte bitte nochmal sehen?,"Can I have the menu again, please?"
Speisenkarte,Substantiv,fem.,die,0,A1,3,nan,nan,nan
spielen,Verb,nan,nan,0,A1,64113,play,"Ich werde also Sudoku spielen, anstatt dich weiter zu stören.",I will play Sudoku then instead of continuing to bother you.
Sport,Substantiv,mask.,der,0,A1,1254,sport,Dieser Sport wurde immer bekannter.,This sport got more and more popular.
Sprache,Substantiv,fem.,die,0,A1,8057,language,"Die Mathematiker sind eine Art Franzosen: redet man zu ihnen, so übersetzen sie es in ihre Sprache, und dann ist es alsobald ganz etwas anders.",Mathematicians are like French people: whatever you tell them they translate it into their own language and turn it into something totally different.
sprechen,Verb,nan,nan,0,A1,53954,propose,nan,nan
spät,Adjektiv,nan,nan,0,A1,5998,early,"Stehe zeitig auf, sonst kommst du zu spät.","Get up early, or you'll be late."
später,Adjektiv,nan,nan,0,A1,nan,future,nan,nan
st,Symbol,nan,nan,0,A1,76,nan,nan,nan
Stadt,Substantiv,fem.,die,0,A1,33577,center,Er hat einen Buchladen im Zentrum der Stadt.,He has a bookstore in the center of the city.
stehen,Verb,nan,nan,0,A1,493087,be,"Fällt der Bauer tot vom Traktor, steht am Waldrand ein Reaktor.","When the farmer drops dead off the tractor, then at the edge of the forest, there must be a reactor."
Stelle,Substantiv,fem.,die,0,A1,3995,digit,nan,nan
stellen,Verb,nan,nan,0,A1,211909,adjust,Jeden Sonntag stellt Takashi sehr gerne den Motor seines Autos ein.,"Every Sunday, Takashi loves to adjust his car's engine."
Stock,Substantiv,mask.,der,0,A1,383,floor,Im fünften Stock brach ein Feuer aus.,A fire broke out on the fifth floor.
Straße,Substantiv,fem.,die,0,A1,19970,road,Wegen des dichten Nebels wurde die Straße schwer erkennbar.,"Due to the thick fog, the road was difficult to see."
Straßenbahn,Substantiv,fem.,die,0,A1,151,streetcar,"Die Stadt hat sich entschieden, die Straßenbahn abzuschaffen.",The city has decided to do away with the streetcar.
Student,Substantiv,mask.,der,0,A1,685,student,Sind wir uns nicht schon einmal begegnet?,Haven't we met somewhere before?
studieren,Verb,nan,nan,0,A1,1905,study,Ich möchte in Paris studieren.,I'd like to study in Paris.
Studium,Substantiv,neutr.,das,0,A1,987,studies,Er vernachlässigt sein Studium.,He neglects his studies.
Stunde,Substantiv,fem.,die,0,A1,2544,hour,"Ich muss einkaufen gehen, ich komme in einer Stunde zurück.",I have to go shopping.
suchen,Verb,nan,nan,0,A1,19236,look for,"Ich ziehe es vor, eine Lösung für Probleme zu suchen und sie nicht nur anzuprangern.","I prefer to look for a solution to problems, not only to report them."
Süden,Substantiv,mask.,der,0,A1,1080,south,Die Pflanze ist vom Norden bis zum Süden Europas verbreitet.,The plant ranges from the north of Europe to the south.
Tag,Substantiv,mask.,der,0,A1,55357,day,Ich verdiene 100 Euro pro Tag.,I make €100 a day.
tanzen,Verb,nan,nan,0,A1,3400,dance,Ich kann nicht einen Schritt Salsa tanzen.,I cannot dance one single step of Salsa.
Tasche,Substantiv,fem.,die,0,A1,594,bag,"Es fiel mir ein, dass ich meine Tasche im Zug zurückgelassen hatte.",It occurred to me that I had left my bag on the train.
tausend,Kardinalzahlwort,nan,nan,0,A1,905,thousand,Sie zerriss den Brief in tausend Stücke.,She tore the letter into a thousand pieces.
Taxi,Substantiv,"neutr., mask.",das,0,A1,133,cab,In Japan kann man sowohl tagsüber als auch nachts ein Taxi bekommen.,"In Japan you can always catch a cab, day or night."
Tee,Substantiv,mask.,der,0,A1,532,infusion,nan,nan
Teil,Substantiv,"mask., neutr.","der, das",0,A1,7761,deal,Teil bitte die Karten aus.,Please deal the cards.
Telefon,Substantiv,neutr.,das,0,A1,372,phone,Das Telefon klingelt.,The phone is ringing.
telefonieren,Verb,nan,nan,0,A1,951,telephone,Kann ich von hier nach London telefonieren?,Can I telephone London from here?
Termin,Substantiv,mask.,der,0,A1,333,date,Wir haben den Termin für das Klassentreffen festgelegt.,We fixed the date for our class reunion.
Test,Substantiv,mask.,der,0,A1,513,check,nan,nan
teuer,Adjektiv,nan,nan,0,A1,702,dear,Sie ist mir lieb und teuer.,She is dear to me.
Text,Substantiv,mask.,der,0,A1,2085,lyric,nan,nan
Thema,Substantiv,neutr.,das,0,A1,1786,subject,Der Irakkrieg ist ein unberechenbares Thema der politischen Debatte; ein falsches Wort und ein Streit könnte sich entzünden.,The war on Iraq is a volatile subject of political debate; any wrong word and a heated argument could spark.
Ticket,Substantiv,neutr.,das,0,A1,116,ticket,"Ich sagte ihnen, sie sollen mir ein neues Ticket schicken.",I told them to send me another ticket.
Tisch,Substantiv,mask.,der,0,A1,1660,table,Ist eine Katze unter dem Tisch?,Is there a cat under the table?
Tochter,Substantiv,fem.,die,0,A1,1880,daughter,Er verheiratete seine Tochter mit einem reichen Mann.,He married his daughter to a rich man.
Toilette,Substantiv,fem.,die,0,A1,226,lavatory,Wo finde ich die Toilette?,Where can I find the lavatory?
Tomate,Substantiv,fem.,die,0,A1,312,love apple,nan,nan
tot,Adjektiv,nan,nan,0,A1,5184,dead,"Tatsächlich ist ein halbes Auge sehr nützlich, denn mit einem halben Auge kann ein Tier die Hälfte von einem anderen Tier sehen, das es auffressen will, und ihm aus dem Weg gehen, und es wird selber das Tier fressen, das nur ein Drittel-Auge oder nur 49% eines Auges hat, weil dieses ihm nicht schnell genug aus dem Weg gehen wird, und das Tier, das aufgefressen wurde, wird keine Kinder bekommen, weil es tot ist.","Half an eye is very useful actually, because an animal can see half of another animal, which wants to eat it, and can get out of the way, and it will eat the animal, which has only one-half eye or only 49% of an eye, because this to it will not be enough, and the animal, which was eaten up, will have no children, because it is dead."
treffen,Verb,nan,nan,0,A1,16367,affect,nan,nan
Treppe,Substantiv,fem.,die,0,A1,490,flight of stairs,nan,nan
trinken,Verb,nan,nan,0,A1,6549,drink,Willst du etwas zum Trinken?,Would you like something to drink?
Tschüss,Interjektion,nan,nan,0,A1,11,nan,nan,nan
tschüss,Interjektion,nan,nan,0,A1,nan,nan,nan,nan
tun,Verb,nan,nan,0,A1,57159,act,"Tun Sie nicht so, als wenn Sie überrascht wären.",Don't act surprised.
Uhr,Substantiv,fem.,die,0,A1,1902,clock,Ist es rund um die Uhr geöffnet?,Is it open round the clock?
um,Präposition,nan,nan,0,A1,652476,about,"Manchmal sorgt sich Spenser so sehr um Trang, dass er sie dazu bringt, zu glauben, dass er überfürsorglich ist.",Sometimes Spenser cares so much about Trang that he leads her to believe he is being overprotective.
umziehen,Verb,nan,nan,0,A1,165,change clothes,"Ich musste mich umziehen, weil das, was ich gerade trug, der Situation nicht angemessen war.",I had to change clothes because what I was wearing wasn't appropriate for the situation.
und,Konjunktion,nan,nan,0,A1,2114277,and,Heute ist der 18.,Today is June 18th and it is Muiriel's birthday!
unser,Possessivpronomen,"mask., neutr.",nan,0,A1,7907,our,Die Fantasie hat Auswirkungen auf alle Aspekte in unserem Leben.,Imagination affects every aspect of our lives.
unsere,Possessivpronomen,fem.,nan,0,A1,nan,nan,nan,nan
unsre,Possessivpronomen,fem.,nan,0,A1,17,nan,nan,nan
unten,Adverb,nan,nan,0,A1,4585,below,"Folge einfach der Anleitung unten und du wirst sofort Dokumente in Farbe drucken können, genauso einfach und schnell wie schwarz-weiß.","Simply follow the instructions below, and in no time you will be printing full color documents just as easily and quickly as black and white."
unter,Präposition,nan,nan,0,A1,403116,among,"Mein nächster Türnachbar ist ein Virtuose, dessen Geschick am Klavier ihm einen Namen unter den Musikexperten eingebracht hat.",My next door neighbor is a virtuoso whose skills with the piano have earned him a name among music experts.
Unterricht,Substantiv,mask.,der,0,A1,445,classes,"Meinem Physiklehrer ist es egal, wenn ich den Unterricht schwänze.",My physics teacher doesn't care if I skip classes.
unterschreiben,Verb,nan,nan,0,A1,199,sign,"Er wurde gezwungen, den Vertrag zu unterschreiben.",He was made to sign the contract against his will.
Unterschrift,Substantiv,fem.,die,0,A1,140,signature,Auf dem Dokument stand seine Unterschrift.,The document bore his signature.
Urlaub,Substantiv,mask.,der,0,A1,1826,furlough,nan,nan
Vater,Substantiv,mask.,der,0,A1,6332,dad,Mein Vater spricht gut Englisch.,My dad speaks English well.
verboten,partizipiales Adjektiv,nan,nan,0,A1,73,forbidden,"Je verbotener etwas ist, desto beliebter wird es.","The more things are forbidden, the more popular they become."
verdienen,Verb,nan,nan,0,A1,3802,deserve,"Ich weiß, dass ich dich nicht verdiene.",I know that I don't deserve you.
Verein,Substantiv,mask.,der,0,A1,720,association,"Sie gründete einen Verein, um Blinden zu helfen.",She set up an association to help blind people.
verheiratet,partizipiales Adjektiv,nan,nan,0,A1,17,married,"Da er ein verheirateter Mann ist, muss er an die Zukunft denken.","As he is a married man, he has to think of the future."
verkaufen,Verb,nan,nan,0,A1,5897,make a bad buy,nan,nan
Verkäufer,Substantiv,mask.,der,0,A1,169,salesman,Der Kunde hat zwei Stunden lang mit dem Verkäufer telefoniert.,The customer has been on the phone with the salesman for two hours.
vermieten,Verb,nan,nan,0,A1,459,let,Ich möchte dieses Zimmer an einen Studenten vermieten.,I want to let this room to a student.
Vermieter,Substantiv,mask.,der,0,A1,116,landlord,"Wir waren schockiert, als der Vermieter unsere Miete um 200 $ erhöhte.",We were shocked when the landlord raised our rent by $200.
verstehen,Verb,nan,nan,0,A1,2082,about,"Ich verstehe nicht, worüber ihr redet.",I don't understand what you are talking about.
Verwandte,Substantiv,"fem., mask.","die, der",0,A1,584,relative,nan,nan
viel,Adjektiv,nan,nan,0,A1,35830,a lot,"Die Polizei ist gut darin zu verstehen, dass jemand meine Kreditkarte gestohlen hat und viel Geld abgehoben hat.",The police are really good at understanding Someone stole my credit card and ran up a lot of charges.
vielleicht,Adverb,nan,nan,0,A1,1873,maybe,Vielleicht wird es für ihn genauso sein.,Maybe it will be exactly the same for him.
vier,Kardinalzahlwort,nan,nan,0,A1,5977,four,"Eins, zwei, drei, vier, fünf, sechs, sieben, acht, neun, zehn.","One, two, three, four, five, six, seven, eight, nine, ten."
vierte,Ordinalzahlwort,nan,nan,0,A1,24,fourth,nan,nan
Viertel,Substantiv,"neutr., mask.",das,0,A1,479,quarter,Es ist Viertel nach neun.,It's a quarter past nine.
vierzehn,Kardinalzahlwort,nan,nan,0,A1,136,fourteen,"Zehn, elf, zwölf, dreizehn, vierzehn, fünfzehn, sechzehn, siebzehn, achtzehn, neunzehn, zwanzig.","Ten, eleven, twelve, thirteen, fourteen, fifteen, sixteen, seventeen, eighteen, nineteen, twenty."
vierzig,Kardinalzahlwort,nan,nan,0,A1,225,forty,Vierzig Jahre sind vergangen.,Forty years passed.
von,Präposition,nan,nan,0,A1,4958895,about,"An sich selbst zu zweifeln, ist das erste Zeichen von Intelligenz.",To have doubts about oneself is the first sign of intelligence.
vor,Präposition,nan,nan,0,A1,305332,ago,"Wenn ich dich erschrecken wollte, würde ich dir erzählen, was ich vor ein paar Wochen geträumt habe.","If I wanted to scare you, I would tell you what I dreamt about a few weeks ago."
Vormittag,Substantiv,mask.,der,0,A1,181,forenoon,nan,nan
Vorname,Substantiv,mask.,der,0,A1,1849,Christian name,nan,nan
Vorsicht,Substantiv,fem.,die,0,A1,387,care,Mit ein bisschen mehr Vorsicht hättest du es geschafft.,"With a little more care, you would have succeeded."
vorstellen,Verb,nan,nan,0,A1,802,envisage,Kannst du dir Tom in einer Autowerkstatt arbeitend vorstellen?,Can you envisage Tom working in a garage?
Vorwahl,Substantiv,fem.,die,0,A1,23,area code,Muss ich auch die Vorwahl wählen?,"Do I have to dial the area code, too?"
Wagen,Substantiv,mask.,der,0,A1,1176,Dipper,Den Großen Wagen kann man leicht finden.,You can find the Big Dipper easily.
wandern,Verb,nan,nan,0,A1,4541,go trekking,nan,nan
wann,Adverb,nan,nan,0,A1,193,when,"Es ist unvermeidbar, dass ich eines Tages nach Frankreich gehe, ich weiß nur nicht, wann.","It is inevitable that I go to France someday, I just don't know when."
warten,Verb,nan,nan,0,A1,4862,maintain,nan,nan
warum,Adverb,nan,nan,0,A1,1115,how come,Warum geht Mary mit ihm zum Picknick?,How come Mary is going on a picnic with him?
was,Pronomen,nan,nan,0,A1,104218,something,Was hältst du von einer Tasse Tee?,"How about a cup of tea or something, if you aren't in a hurry?"
was für ein,Mehrwortausdruck,nan,nan,0,A1,nan,nan,nan,nan
was für eine,Mehrwortausdruck,nan,nan,0,A1,nan,nan,nan,nan
waschen,Verb,nan,nan,0,A1,1833,wash,Vor dem Tragen waschen.,Wash before first wearing.
Wasser,Substantiv,neutr.,das,0,A1,36452,water,Was ist passiert?,What happened?
weg sein,Verb,nan,nan,0,A1,nan,nan,nan,nan
weh tun,Verb,nan,nan,0,A1,nan,nan,nan,nan
wehtun,Verb,nan,nan,0,A1,59,hurt,Ich habe mir am Ellbogen wehgetan.,I hurt my elbow.
weiblich,Adjektiv,nan,nan,0,A1,5432,female,Nur sechzehn Prozent der Lehrer dieser Schule sind weiblich.,Only 16 percent of the teachers of this school are female.
Wein,Substantiv,mask.,der,0,A1,1526,grape,"Das ist Wein von unseren eigenen Reben, erklärte Tom, während er ein Glas aus dem Fass befüllte.","This is wine from our own grape, explained Tom, filling a glass from the wood."
weit,Adjektiv,nan,nan,0,A1,16523,far,"Ich wünsche mir ein Boot, das mich weit weg von hier bringt.",I want a boat that will take me far away from here.
weiter-,Affix,nan,nan,0,A1,1,nan,nan,nan
weiß,Adjektiv,nan,nan,0,A1,39280,Caucasian,nan,nan
welche,Interrogativpronomen,fem.,nan,0,A1,nan,ones,Welche?,Which ones?
welcher,Interrogativpronomen,mask.,nan,0,A1,6746,ones,"Wenn du deine Frau mit drei Worten charakterisieren müsstest, welche würdest du nehmen?","If you had to characterize your wife in three words, which ones would you pick?"
welches,Interrogativpronomen,neutr.,nan,0,A1,nan,nan,nan,nan
Welt,Substantiv,fem.,die,0,A1,3969,Earth,Wo in aller Welt hast du ihn getroffen?,Where on earth did you meet him?
wenig,Adjektiv,nan,nan,0,A1,3036,a bit,Mein Vater ist ein wenig altmodisch.,My father is a bit old-fashioned.
wer,Pronomen,nan,nan,0,A1,34231,somebody,"Das Frustrierendste, was dir auf Tatoeba passieren kann, ist, dass du jemanden auf einen Fehler aufmerksam machst und er ihn nicht nur nicht korrigiert, sondern auch die Variante mit der von dir vorgeschlagenen Verbesserung erstellt.","The most frustrating thing that can happen to you, on Tatoeba, is to report a mistake to somebody, and that not only they don't correct it, but they create the variant with the correction that you suggested."
werden,Verb,nan,nan,0,A1,721085,be,Ich werde bald zurück sein.,I will be back soon.
Westen,Substantiv,mask.,der,0,A1,1302,Mainland West,nan,nan
Wetter,Substantiv,neutr.,das,0,A1,660,air,"Lüfte das Bettzeug, wenn das Wetter gut ist.",Air the bedclothes when the weather is good.
wichtig,Adjektiv,nan,nan,0,A1,3637,important,Dies ist nicht wichtig.,This is not important.
wie,Adverb,nan,nan,0,A1,2011067,eg.,nan,nan
wie viel,Adverb,nan,nan,0,A1,nan,how many,nan,nan
wieder,Adverb,nan,nan,0,A1,196854,again,Der Unterricht fängt bald wieder an.,Classes are starting again soon.
wieder holen,Verb,nan,nan,0,A1,nan,nan,nan,nan
wiederholen,Verb,nan,nan,0,A1,823,fetch back,nan,nan
Wiederhören,Substantiv,neutr.,das,0,A1,nan,nan,nan,nan
Wiedersehen,Substantiv,neutr.,das,0,A1,103,reunion,nan,nan
willkommen,Adjektiv,nan,nan,0,A1,10915,welcome,Willkommen!,Welcome.
Wind,Substantiv,mask.,der,0,A1,1254,flatulence,nan,nan
Winter,Substantiv,mask.,der,0,A1,908,winter,Der Winter ist meine Lieblingsjahreszeit.,Winter is my favorite season.
wir,Personalpronomen,nan,nan,0,A1,30477,we,"Ich vermute, dass es hinter jeder Sache, die wir tun müssen, etwas gibt, das wir tun wollen.","I suppose that behind each thing we have to do, there's something we want to do."
wissen,Verb,nan,nan,0,A1,53800,know,"Ich weiß einfach nicht, was ich sagen soll.",I just don't know what to say.
wo,Adverb,nan,nan,0,A1,86998,if,"Wenn es jemand gibt, der noch zweifelt, dass Amerika ein Ort ist, wo alles möglich ist; der sich noch fragt, ob der Traum unserer Gründer in unserer Zeit noch lebendig ist; der die Kraft unserer Demokratie noch infrage stellt: Heute Abend erhält er die Antwort.","If there is anyone out there who still doubts that America is a place where all things are possible; who still wonders if the dream of our founders is alive in our time; who still questions the power of our democracy, tonight is your answer."
Woche,Substantiv,fem.,die,0,A1,2710,puerperal,nan,nan
Wochenende,Substantiv,neutr.,das,0,A1,548,weekend,Sie ist an diesem Wochenende krank geworden.,She got sick this weekend.
Wochentag,Substantiv,mask.,der,0,A1,58,day of the week,"Tomme hätte nichts dagegen, an jedem Wochentag Fleisch und Kartoffeln zu essen.",Tom wouldn't mind eating meat and potatoes every day of the week.
woher,Pronominaladverb,nan,nan,0,A1,265,from where,Woher?,From where?
wohin,Pronominaladverb,nan,nan,0,A1,203,where,Wohin gehst du?,Where are you going?
wohnen,Verb,nan,nan,0,A1,4868,dwell,"Ich weiß, wo Sie wohnen.",I know where you dwell.
Wohnung,Substantiv,fem.,die,0,A1,1419,accommodation,nan,nan
wollen,Verb,nan,nan,0,A1,151105,want,"Ich will nicht erbärmlich sein, ich will cool sein!",I don't want to be lame; I want to be cool!
Wort,Substantiv,neutr.,das,0,A1,14707,expression,"Was als Schüchternheit wahrgenommen wird, ist des Öfteren schlicht ein Ausdruck der Höflichkeit, den anderen als Ersten zu Wort kommen zu lassen.",Perceived shyness is often simply an expression of politeness in waiting to be addressed before speaking.
wunderbar,Adjektiv,nan,nan,0,A1,317,marvellous,Dieses Forum ist wunderbar.,This forum is marvellous.
zahlen,Verb,nan,nan,0,A1,8401,pay,"Das Leben beginnt, wenn man Steuern zahlt.",Life begins when you pay taxes.
zehn,Kardinalzahlwort,nan,nan,0,A1,2361,ten,"Das wäre zu cool, wenn ich zehn Sprachen sprechen könnte!",It would be so cool if I could speak ten languages!
Zeit,Substantiv,fem.,die,0,A1,39975,tense,"Es ist sehr interessant, dass im Chinesischen die grammatikalische Zeit nicht existiert.",It's very interesting that in Chinese the concept of tense does not exist.
Zeitung,Substantiv,fem.,die,0,A1,1068,gazette,nan,nan
Zentimeter,Substantiv,"mask., neutr.",der,0,A1,398,centimeter,nan,nan
Zigarette,Substantiv,fem.,die,0,A1,474,cigarette,"Ich habe der Versuchung nachgegeben und angefangen, eine Zigarette zu rauchen.",I gave in to temptation and began to smoke a cigarette.
Zimmer,Substantiv,neutr.,das,0,A1,1337,chamber,"Die gnädige Frau weilt auf ihrem Zimmer, sagte der Diener.","My lady is in her chamber, said the servant."
zirka,Adverb,nan,nan,0,A1,57,nan,nan,nan
Zoll,Substantiv,mask.,der,0,A1,218,customs,"Nachdem ich den Zoll passiert hatte, konnte ich gehen, wohin ich wollte.","After getting through customs, I was free to go wherever I wanted."
zu,Partikel,nan,nan,0,A1,10389964,at,"Du könntest zumindest versuchen, ein bisschen höflicher zu sein, auch wenn das nicht in deiner Natur liegt.","You could at least try to be a bit more polite, even though it's not like you."
zu sein,Verb,nan,nan,0,A1,nan,nan,nan,nan
zufrieden,Adjektiv,nan,nan,0,A1,380,content,"Bevor ihr nicht Frieden schließt mit dem, was ihr seid, werdet ihr nie zufrieden sein mit dem, was ihr habt.","Until you make peace with who you are, you'll never be content with what you have."
Zug,Substantiv,mask.,der,0,A1,1635,breath,nan,nan
zurzeit,Adverb,nan,nan,0,A1,nan,at present,nan,nan
zurück,Adverb,nan,nan,0,A1,5531,back,Ich werde bald zurück sein.,I will be back soon.
zusammen,Adverb,nan,nan,0,A1,2623,together,"Wir müssen lernen, als Brüder zusammen zu leben, oder wir werden als Narren zusammen untergehen.","We must learn to live together as brothers, or we will perish together as fools."
zwanzig,Kardinalzahlwort,nan,nan,0,A1,588,twenty,Er verdient zwanzig Dollar pro Tag.,He earns twenty dollars a day.
zwei,Kardinalzahlwort,nan,nan,0,A1,40468,two,"Ich habe über zwei Stunden gebraucht, um einige Seiten Englisch zu übersetzen.",It took me more than two hours to translate a few pages of English.
zweihundert,Kardinalzahlwort,nan,nan,0,A1,nan,two hundred,Diese Firma stellt zweihundert Autos am Tag her.,This firm manufactures cars at the rate of two hundred per day.
zweite,Ordinalzahlwort,nan,nan,0,A1,nan,second,nan,nan
zwischen,Präposition,nan,nan,0,A1,64426,among,Die Bildung muss auf die volle Entfaltung der menschlichen Persönlichkeit und auf die Stärkung der Achtung vor den Menschenrechten und Grundfreiheiten gerichtet sein.,Education shall be directed to the full development of the human personality and to the strengthening of respect for human rights and fundamental freedoms.
zwölf,Kardinalzahlwort,nan,nan,0,A1,689,twelve,Ich habe zwölf Stunden im Zug verbracht.,I spent twelve hours on the train.
öffnen,Verb,nan,nan,0,A1,1478,open,"Nicht öffnen, bevor der Zug hält.",Don't open before the train stops.
Öl,Substantiv,neutr.,das,0,A1,1845,oil,Öl und Wasser mischen sich nicht.,Oil and water don't mix.
über,Präposition,nan,nan,0,A1,492910,about,"Lass uns über das Schlimmste, das passieren könnte, nachdenken.",Let's think about the worst that could happen.
übernachten,Verb,nan,nan,0,A1,96,sleep over,nan,nan
überweisen,Verb,nan,nan,0,A1,230,transfer,Auf welches Konto soll ich das Geld überweisen?,Which account should I transfer the money to?
abschließen,Verb,nan,nan,0,A2,681,end,Man muss einen Satz mit einem Punkt abschließen.,You need to put a period at the end of a sentence.
Ahnung,Substantiv,fem.,die,0,A2,177,foreboding,nan,nan
aktiv,Adjektiv,nan,nan,0,A2,514373,active,Der Vulkan ist wieder aktiv.,The volcano has become active again.
aktuell,Adjektiv,nan,nan,0,A2,849,current,Sind die Republikaner für die aktuelle Wirtschaftskrise verantwortlich?,Is the GOP to blame for the current economic crisis?
als,Konjunktion,nan,nan,0,A2,166392,as,"Hör auf, mich als einen normalen Menschen anzusehen!",Stop seeing me as a normal person!
Ampel,Substantiv,fem.,die,0,A2,140,hanging basket,nan,nan
anders,Adverb,nan,nan,0,A2,1230,a lot,Jedes Jahr ist anders.,"Every year is different … some years you catch a lot of lobsters, some years you don't."
Angst,Substantiv,fem.,die,0,A2,2151,anxiety,Die Angst machte sie fast wild.,Her anxiety almost drove her wild.
ansehen,Verb,nan,nan,0,A2,1297,look at,"Nicolas meint, dass die Romanisierung des kyrillischen Alphabets genauso schön wie die Sonne ist, die die Augen verbrennt, wenn man sie ansieht.","Nicolas means that romanization of the Cyrillic alphabet is as beautiful as the sun, which burns your eyes when you look at it."
Anzug,Substantiv,mask.,der,0,A2,325,approach,nan,nan
Apotheke,Substantiv,fem.,die,0,A2,121,chemists,nan,nan
Apparat,Substantiv,mask.,der,0,A2,204,accessory,nan,nan
arm,Adjektiv,nan,nan,0,A2,2045,deficient,nan,nan
Artikel,Substantiv,mask.,der,0,A2,936,article,"Entschuldigung, erlauben Sie mir, auf drei Fehler in dem obigen Artikel hinzuweisen.",Excuse me; allow me to point out three errors in the above article.
auf jeden Fall,Mehrwortausdruck,nan,nan,0,A2,nan,anyway,nan,nan
auf keinen Fall,Mehrwortausdruck,nan,nan,0,A2,nan,absolutely not,nan,nan
aufmachen,Verb,nan,nan,0,A2,195,make for a place,nan,nan
aufpassen,Verb,nan,nan,0,A2,946,be careful,"Du solltest aufpassen, was du sagst.",You should be careful what you say.
aufregen,Verb,nan,nan,0,A2,115,excite,nan,nan
aufräumen,Verb,nan,nan,0,A2,131,clean up,Ich muss meine Wohnung aufräumen.,I have to clean up my apartment.
Ausbildung,Substantiv,fem.,die,0,A2,797,education,Die Ausbildung in dieser Welt enttäuscht mich.,Education in this world disappoints me.
ausgeben,Verb,nan,nan,0,A2,486,dispense,nan,nan
ausgehen,Verb,nan,nan,0,A2,902,assume,"Autos sind so populär, dass wir davon ausgehen, dass jeder eins hat.",Today cars are so popular that we assume everyone has one.
auspacken,Verb,nan,nan,0,A2,103,fess up,nan,nan
ausruhen,Verb,nan,nan,0,A2,138,rest,"Du bist krank, du musst dich ausruhen.",You're sick.
aussprechen,Verb,nan,nan,0,A2,603,pronounce,"Ich weiß nicht genau, wie ich dieses Wort aussprechen soll.",I'm not sure how to pronounce the word.
Ausstellung,Substantiv,fem.,die,0,A2,328,exhibition,Die Ausstellung wird noch einen Monat geöffnet sein.,The exhibition will be open for another month.
austauschen,Verb,nan,nan,0,A2,304,exchange,Möchten Sie Links austauschen?,Would you like to exchange links?
austragen,Verb,nan,nan,0,A2,158,carry to term,nan,nan
außer,Präposition,nan,nan,0,A2,8110,apart from,Gott ist der Schöpfer.,God is the creator.
außerdem,Adverb,nan,nan,0,A2,1196,additionally,nan,nan
außerhalb,Adverb,nan,nan,0,A2,771,outside,Die Bidet-Toilette hat sich außerhalb Japans nicht sehr verbreitet.,The bidet-toilet itself has not spread much outside of Japan.
Babysitter,Substantiv,mask.,der,0,A2,16,baby-sitter,nan,nan
backen,Verb,nan,nan,0,A2,3010,bake,Hast du die Pastete wirklich selbst gebacken?,Did you really bake the pie by yourself?
Ball,Substantiv,mask.,der,0,A2,897,ball,Er kickte den Ball ins Tor.,He kicked the ball into the goal.
Band,Substantiv,fem.,die,0,A2,1661,band,Ich spiele in einer Band.,I play in a band.
Basketball,Substantiv,"mask., neutr.",der,0,A2,72,basketball,Ballsportarten wie Basketball und Tischtennis werden normalerweise in der Halle gespielt.,"Ball games, such as basketball and ping-pong, are usually played indoors."
basteln,Verb,nan,nan,0,A2,428,do handicrafts,nan,nan
bauen,Verb,nan,nan,0,A2,16079,build,"Unser Betrieb plant, in Russland eine neue Chemiefabrik zu bauen.",Our company is planning to build a new chemical plant in Russia.
Baustelle,Substantiv,fem.,die,0,A2,179,building ground,nan,nan
beantworten,Verb,nan,nan,0,A2,261,answer,Du musst die Frage beantworten.,You need to answer the question.
bedanken,Verb,nan,nan,0,A2,94,bethank,nan,nan
beeilen,Verb,nan,nan,0,A2,73,hurry,Du solltest dich besser beeilen.,You'd better hurry up.
beenden,Verb,nan,nan,0,A2,716,close,nan,nan
begründen,Verb,nan,nan,0,A2,501,establish,"Wir, das Volk der Vereinigten Staaten, von der Absicht geleitet, unseren Bund zu vervollkommnen, die Gerechtigkeit zu verwirklichen, die Ruhe im Innern zu sichern, für die Landesverteidigung zu sorgen, das allgemeine Wohl zu fördern und das Glück der Freiheit uns selbst und unseren Nachkommen zu bewahren, setzen und begründen diese Verfassung für die Vereinigten Staaten von Amerika.","We the People of the United States, in Order to form a more perfect Union, establish Justice, insure domestic Tranquility, provide for the common defence, promote the general Welfare, and secure the Blessings of Liberty to ourselves and our Posterity, do ordain and establish this Constitution for the United States of America."
beliebt,partizipiales Adjektiv,nan,nan,0,A2,119,popular,"Auch wenn Go wahrscheinlich das beliebteste japanische Spiel in meinem Land ist, kennen es höchstens einige Universitätsstudenten.","Although Go is probably the most popular Japanese game in my country, at most only a few university students know it."
bequem,Adjektiv,nan,nan,0,A2,585,comfortable,Dieser Stuhl ist sehr bequem.,This chair is very comfortable.
beraten,Verb,nan,nan,0,A2,297,advise,Ein wahrer Freund würde dich beraten.,A true friend would advise you.
Berg,Substantiv,mask.,der,0,A2,2259,heap,nan,nan
berichten,Verb,nan,nan,0,A2,1104,detail,nan,nan
berühmt,partizipiales Adjektiv,nan,nan,0,A2,694,celebrated,nan,nan
Bescheid,Substantiv,mask.,der,0,A2,2508,answer,Ihr hättet mir früher Bescheid geben sollen.,You should have let me know sooner.
beschreiben,Verb,nan,nan,0,A2,1460,describe,"Bill Clinton sprach eine mehrdeutige Sprache, als er gebeten wurde, sein Verhältnis mit Monika Lewinsky zu beschreiben.",Bill Clinton spoke in ambiguous language when asked to describe his relationship with Monica Lewinsky.
beschweren,Verb,nan,nan,0,A2,205,complain,"Das Essen war schrecklich, trotzdem habe ich mich nicht darüber beschwert.",The food was terrible -all the same I didn't complain.
besonders,Adverb,nan,nan,0,A2,4926,especially,"Sogar jetzt, viele Jahre nach dem Kalten Krieg, ist immer noch viel Verbitterung zwischen Russen und Deutschen, besonders in Gebieten, die einst von der Sowjetunion besetzt waren.","Even now, many years after the Cold War, there is still much rancor between the Russians and the Germans, especially in areas once occupied by the Soviet Union."
bestehen,Verb,nan,nan,0,A2,13740,consist (of),nan,nan
bestätigen,Verb,nan,nan,0,A2,1151,authenticate,nan,nan
Besuch,Substantiv,mask.,der,0,A2,757,attendance,nan,nan
besucht,partizipiales Adjektiv,nan,nan,0,A2,1,attended,In den Jahren 1879 und 1880 besuchten Anton Tschechow und Ludwik Zamenhof die gleiche Schule und wurden Freunde.,"In 1879 and 1880, Anton Chekhov and Ludwig Zamenhof attended the same school and became friends."
bewerben,Verb,nan,nan,0,A2,106,apply,An deiner Stelle würde ich mich für den Job bewerben.,"Were I you, I would apply for the job."
Bewerbung,Substantiv,fem.,die,0,A2,95,application,Mary zog ihre Bewerbung für den Job zurück.,Mary withdrew her application for the job.
bewölkt,partizipiales Adjektiv,nan,nan,0,A2,1,cloudy,Es wird bewölkt.,It's getting cloudy.
Bibliothek,Substantiv,fem.,die,0,A2,380,library,Morgen werde ich in der Bibliothek lernen.,"Tomorrow, I'm going to study at the library."
Blatt,Substantiv,neutr.,das,0,A2,1315,blade,Die Wachmänner fanden in der Tasche des Häftlings das Blatt einer Eisensäge.,The guards found a hacksaw blade in the prisoner's pocket.
Blog,Substantiv,"neutr., mask.","das, der",0,A2,36,blog,Ich hab gerade einen Blick auf deinen Blog geworfen — er sieht interessant aus.,I just had a look at your blog— it looks interesting.
blond,Adjektiv,nan,nan,0,A2,5820,blond,Er hat blonde Haare.,He has blond hair.
Bluse,Substantiv,fem.,die,0,A2,131,blouse,Diese Bluse ist aus Baumwolle.,This blouse is cotton.
blöd,Adjektiv,nan,nan,0,A2,18,frustrating,nan,nan
blöde,Adjektiv,nan,nan,0,A2,129,nan,nan,nan
Bohne,Substantiv,fem.,die,0,A2,183,bean,Ich esse eine Bohne.,I eat one bean.
braten,Verb,nan,nan,0,A2,499,fry,Schneiden Sie in der Zwischenzeit die Brotscheiben in Würfel und braten Sie sie im heißen Öl.,"In the meantime, cut the bread into cubes and fry them in hot oil."
Brille,Substantiv,fem.,die,0,A2,272,eyeglasses,Ich schaue nach meiner Brille.,I'm looking for my eyeglasses.
Brücke,Substantiv,fem.,die,0,A2,622,backbend,nan,nan
buchen,Verb,nan,nan,0,A2,1097,beechen,nan,nan
bunt,Adjektiv,nan,nan,0,A2,1766,colourful,Sie entdeckte eine neue bunte Welt.,She discovered a colourful new world.
Büro,Substantiv,neutr.,das,0,A2,618,bureau,nan,nan
Cafeteria,Substantiv,fem.,die,0,A2,32,cafeteria,Ich würde gern in der Cafeteria arbeiten.,I'd like to work at the cafeteria.
chatten,Verb,nan,nan,0,A2,7,chat,"Sie würde lieber Sätze auf Tatoeba übersetzen, als mit mir zu chatten.",She would sooner translate sentences on Tatoeba than chat with me.
Chefin,Substantiv,fem.,die,0,A2,99,boss,Meine Chefin hat mich nie zu sich nach Hause eingeladen.,My boss has never invited me to her house.
Circus,Substantiv,mask.,der,0,A2,62,nan,nan,nan
Club,Substantiv,mask.,der,0,A2,508,nan,nan,nan
Comic,Substantiv,mask.,der,0,A2,250,cartoon,nan,nan
Creme,Substantiv,fem.,die,0,A2,29,cream,nan,nan
Crème,Substantiv,fem.,die,0,A2,8,nan,nan,nan
dabei,Pronominaladverb,nan,nan,0,A2,87232,thereby,"Neuentwickelte, IT-gestützte, minimalinvasive chirurgische Verfahren sind derzeit stark im Kommen und revolutionieren dabei das gesamte Gesundheitswesen.","Newly developed, IT-based, minimally invasive surgery techniques are currently gaining momentum, thereby revolutionizing healthcare in its entirety."
dafür,Pronominaladverb,nan,nan,0,A2,12906,exchange,"Dafür, dass er mir geholfen hatte, schenkte ich ihm drei Lehrbücher.",I gave him three textbooks in exchange for his help.
dagegen,Pronominaladverb,nan,nan,0,A2,4195,against it,Ich bin dagegen.,I'm against it.
damals,Adverb,nan,nan,0,A2,1643,at that time,Damals war sie Studentin in Yale.,"At that time, she was a student at Yale."
Dame,Substantiv,fem.,die,0,A2,871,checkers,Sie spielten eine Partie Dame.,They were playing a game of checkers.
darauf,Pronominaladverb,nan,nan,0,A2,21661,after that,"Einmal warf Linus dem Herkules vor, nicht fleißig zu sein; da nahm der Junge in seiner Wut plötzlich seine Leier und schlug mit aller Kraft auf den Kopf des unglücklichen Lehrers ein, der, von dem Schlag niedergestreckt, kurz darauf starb.","That Linus once reproached Hercules for not being studious; then, in a rage, the boy suddenly took up the lyre and struck with all his might the head of the unfortunate teacher, who, prostrated by the blow, soon after died."
darüber,Pronominaladverb,nan,nan,0,A2,3112,above it,nan,nan
dass,Konjunktion,nan,nan,0,A2,52033,except,"Nur, dass es hier nicht so einfach ist.","Except that here, it's not so simple."
Datei,Substantiv,fem.,die,0,A2,190,file,In welchen Ordner hast du die Datei gespeichert?,In which folder did you save the file?
denken,Verb,nan,nan,0,A2,37199,think,"Die meisten Leute denken, ich sei verrückt.",Most people think I'm crazy.
deshalb,Konjunktion,nan,nan,0,A2,1787,for that reason,Deshalb hat er seine Arbeit verloren.,"For that reason, he lost his job."
deutlich,Adjektiv,nan,nan,0,A2,2485,clear,"Tom machte sehr deutlich, was er wollte.",Tom made it quite clear what he wanted.
dick,Adjektiv,nan,nan,0,A2,2740,big,Sie hat dicke Titten.,She has big boobs.
Ding,Substantiv,neutr.,das,0,A2,1946,thing,Man kann solche Dinge nicht überall finden.,Such a thing cannot be found everywhere.
direkt,Adjektiv,nan,nan,0,A2,7815,direct,Setzen Sie diese Chemikalie nicht direktem Sonnenlicht aus.,Don't expose this chemical to direct sunlight.
Disco,Substantiv,fem.,die,0,A2,57,nan,nan,nan
Disko,Substantiv,fem.,die,0,A2,25,nan,nan,nan
diskutieren,Verb,nan,nan,0,A2,3462,discuss,Wir werden das Problem mit ihnen diskutieren.,We will discuss the problem with them.
doch,Adverb,nan,nan,0,A2,8350,but,Doch ein Mann ist nicht für die Niederlage geschaffen.,But a man is not made for defeat.
dorther,Pronominaladverb,nan,nan,0,A2,nan,nan,nan,nan
dorthin,Pronominaladverb,nan,nan,0,A2,275,there,"Sie riet mir, nicht allein dorthin zu gehen.",She told me not to go there alone.
dringend,partizipiales Adjektiv,nan,nan,0,A2,443,badly,Ich brauchte damals dringend seine Hilfe.,I was badly in need of his help at that time.
drinnen,Adverb,nan,nan,0,A2,156,inside,"Das Wetter war zu schön, um drinnen zu bleiben.",It was too nice a day to stay inside.
drüben,Adverb,nan,nan,0,A2,210,on the other side,nan,nan
dumm,Adjektiv,nan,nan,0,A2,1486,dumb,"Mit anderen Worten, sie ist dumm.","In other words, she's dumb."
dunkel,Adjektiv,nan,nan,0,A2,4431,dark,Draußen ist es ganz dunkel.,It's all dark outside.
dünn,Adjektiv,nan,nan,0,A2,862,thin,"Das Eis auf dem See ist zu dünn, um dein Gewicht zu tragen.",The ice on the lake is too thin to bear your weight.
E-Book,Substantiv,neutr.,das,0,A2,1,e-book,nan,nan
echt,Adjektiv,nan,nan,0,A2,5247,genuine,Alle Anwesenden hielten es für echtes Gold.,Those present took it for genuine gold.
egal,Adjektiv,nan,nan,0,A2,445,all the same,"Es ist mir egal, ob du gehst oder bleibst.",It's all the same to me whether you go or stay.
Ehepartner,Substantiv,mask.,der,0,A2,80,spouse,"Seinen Ehepartner in der Öffentlichkeit zu küssen, wird in einigen Ländern als akzeptables Verhalten erachtet.",Kissing one's spouse in public is considered acceptable behavior in some countries.
eigen,Adjektiv,nan,nan,0,A2,6867,own,"Heutzutage wollen wir, dass unsere Kinder ihre eigenen Entscheidungen treffen, aber wir erwarten, dass uns diese Entscheidungen passen.","Nowadays we want our children to make their own decisions, but we expect those decisions to please us."
eigentlich,Adjektiv,nan,nan,0,A2,2069,actually,Das.,I.
ein Mal,Adverb,nan,nan,0,A2,nan,nan,nan,nan
einige,Indefinitpronomen,nan,nan,0,A2,2392,quite a lot,"Maria behauptet nur, sie vertrüge nichts.","Mary is only saying that she can't drink, she can really drink quite a lot."
Einkaufszentrum,Substantiv,neutr.,das,0,A2,66,mall,Wo ist das nächste Einkaufszentrum?,Where's the nearest shopping mall?
einmal,Adverb,nan,nan,0,A2,11852,once,Einmal in meinem Leben tue ich eine gute Tat.,For once in my life I'm doing a good deed.
einpacken,Verb,nan,nan,0,A2,227,wrap up,nan,nan
eintragen,Verb,nan,nan,0,A2,174,enter,"Sie müssen Hausnummer, Stadtteil, Postleitzahl und Straße getrennt eintragen.","You have to enter your house number, suburb, post code and street separately."
einverstanden,partizipiales Adjektiv,nan,nan,0,A2,115,agreed,"Sie war einverstanden, die Hälfte der Miete zu übernehmen.",She agreed that she would pay half the rent.
einzeln,Adjektiv,nan,nan,0,A2,1586,single,Tom kommt an jedem einzelnen Tag hierher.,Tom comes here every single day.
einziehen,Verb,nan,nan,0,A2,275,insert,nan,nan
Eis,Substantiv,neutr.,das,0,A2,1973,E sharp,nan,nan
endlich,Adverb,nan,nan,0,A2,1389,eventually,Endlich ist der Groschen gefallen!,The penny eventually dropped!
eng,Adjektiv,nan,nan,0,A2,3448,close,Wie viele enge Freunde hast du?,How many close friends do you have?
Erdgeschoss,Substantiv,neutr.,das,0,A2,98,first floor,Ich wohne im Erdgeschoss.,I live on the first floor.
Erfahrung,Substantiv,fem.,die,0,A2,904,experience,"Wir lernen aus der Erfahrung, dass die Menschen nie etwas aus der Erfahrung lernen.",We learn from experience that men never learn anything from experience.
erinnern,Verb,nan,nan,0,A2,2853,remember,"Ah, jetzt erinnere ich mich.","Ah, now I remember."
Erlaubnis,Substantiv,fem.,die,0,A2,245,allowance,nan,nan
Ermäßigung,Substantiv,fem.,die,0,A2,14,discount,Tom bat um eine Ermäßigung.,Tom asked for a discount.
erreichen,Verb,nan,nan,0,A2,2982,accomplish,Er schien nie irgendetwas zu erreichen.,He never seemed to accomplish anything.
erst,Adverb,nan,nan,0,A2,5685,all the more,"Wenn man uns sagt, wir sollen nicht kommen, wollen wir erst recht gehen.","When we are told not to come, we become all the more eager to go."
etwas,Indefinitpronomen,nan,nan,0,A2,2285630,anything,"Jason war ein wortkarges Individuum, daher war es immer eine echte Überraschung, wenn er etwas sagte.","Jason was a taciturn individual, so it was always a real surprise when he said anything."
Fach,Substantiv,neutr.,das,0,A2,637,compartment,Mein Schreibtisch hat ein geheimes Fach.,My desk has a secret compartment.
Fahrplan,Substantiv,mask.,der,0,A2,53,schedule,"Schaue in den Fahrplan, wann unser Zug abfährt.",Check in the schedule when our train leaves.
fallen,Verb,nan,nan,0,A2,99873,be killed in action,nan,nan
Fan,Substantiv,mask.,der,0,A2,355,admirer,nan,nan
fantastisch,Adjektiv,nan,nan,0,A2,149,fantastic,Fantastisch!,Fantastic!
fast,Adverb,nan,nan,0,A2,11299,all but,Das Gemälde ist fast fertig.,The painting is all but finished.
faul,Adjektiv,nan,nan,0,A2,5,idle,"Sie verachtet Menschen, die faul sind.",She looks down on people who are idle.
Feier,Substantiv,fem.,die,0,A2,392,ceremony,"Ein Unfall hinderte ihn daran, an der Feier teilzunehmen.",An accident prohibited his attending the ceremony.
Fenster,Substantiv,neutr.,das,0,A2,1533,window,Wir konnten den Sonnenuntergang vom Fenster aus sehen.,We could see the sunset from the window.
Ferien,Substantiv,nan,nan,1,A2,121,holidays,Die Ferien kamen schließlich zum Ende.,The holidays came to an end at last.
Fest,Substantiv,neutr.,das,0,A2,280,celebration,Weihnachten ist immer ein schönes Fest für die Enkel.,Christmas is always a nice celebration for the grandchildren.
Festival,Substantiv,neutr.,das,0,A2,124,festival,Das Festival war alles andere als öde.,The festival was far from dull.
fett,Adjektiv,nan,nan,0,A2,304,bold,nan,nan
fit,Adjektiv,nan,nan,0,A2,382,fit,"Na, heute siehst du ja fit wie ein Turnschuh aus.",You're certainly looking fit as a fiddle today.
fleißig,Adjektiv,nan,nan,0,A2,195,assiduous,nan,nan
Flohmarkt,Substantiv,mask.,der,0,A2,43,flea market,Karen hat auf dem Flohmarkt einen Haufen Zeug gekauft.,Karen bought a lot of things at the flea market.
Flug,Substantiv,mask.,der,0,A2,406,flight,"Jetzt muss ich gehen, sie rufen gerade meinen Flug auf.","Now I have to leave, they're calling for my flight."
Fluss,Substantiv,mask.,der,0,A2,1019,flow,"Es gibt die Wunder, aber wir nehmen sie einfach nicht wahr im Fluss der Ereignisse.","Miracles do exist, but we just don't notice them in the flow of events."
Fotoapparat,Substantiv,mask.,der,0,A2,42,camera,Wie benutzt man diesen Fotoapparat?,How do you use this camera?
fotografieren,Verb,nan,nan,0,A2,535,take a photo,nan,nan
freiwillig,Adjektiv,nan,nan,0,A2,1327,optionally,nan,nan
freundlich,Adjektiv,nan,nan,0,A2,523,affable,nan,nan
frisch,Adjektiv,nan,nan,0,A2,3471,fresh,Dieser Lastwagen transportiert frische Lebensmittel von Aomori nach Tokyo.,This truck transports fresh food from Aomori to Tokyo.
froh,Adjektiv,nan,nan,0,A2,493,glad,"Er wäre froh, das zu hören.",He would be glad to hear that.
früh,Adjektiv,nan,nan,0,A2,7652,early,"Wenn du müde bist, wieso gehst du nicht schlafen?","If you're tired, why don't you go to sleep?"
Fundsache,Substantiv,fem.,die,0,A2,nan,lost property,nan,nan
furchtbar,Adjektiv,nan,nan,0,A2,212,terrible,Nichts ist so furchtbar wie ein Erdbeben.,Nothing is so terrible as an earthquake.
fühlen,Verb,nan,nan,0,A2,9969,feel,Aus irgendeinem Grund fühle ich mich nachts lebendiger.,For some reason I feel more alive at night.
Führerschein,Substantiv,mask.,der,0,A2,106,driver licence,nan,nan
Gabel,Substantiv,fem.,die,0,A2,157,fork,Eine Gabel ist vom Tisch gefallen.,A fork fell off the table.
ganz,Adjektiv,nan,nan,0,A2,32754,complete,"Sie brauchte den ganzen Nachmittag, um die Arbeit zu erledigen.",She needed the entire afternoon to complete the work.
Garage,Substantiv,fem.,die,0,A2,180,garage,Stell das Auto in die Garage.,Put the car into the garage.
gefährlich,Adjektiv,nan,nan,0,A2,733,dangerous,"Es ist gefährlich, gleichzeitig zu telefonieren und zu fahren.",It's dangerous to talk on the phone and drive at the same time.
Gegenteil,Substantiv,neutr.,das,0,A2,321,opposite,Schnell ist das Gegenteil von langsam.,Fast is the opposite of slow.
gegenüber,Adverb,nan,nan,0,A2,2591,across,Welches Haus ist deinem gegenüber?,Whose house is across from yours?
Gehalt,Substantiv,"neutr., mask.",das,0,A2,380,content,Er ist mit seinem derzeitigen Gehalt nicht zufrieden.,He is not content with his present salary.
Geldbörse,Substantiv,fem.,die,0,A2,36,purse,Ich muss meine Geldbörse im Supermarkt verloren haben.,I must have lost my purse in the supermarket.
genau,Adjektiv,nan,nan,0,A2,2771,accurate,Meine Armbanduhr ist sehr genau.,My watch is very accurate.
genug,Indefinitpronomen,nan,nan,0,A2,2245,enough,Ich spreche nicht gut genug Französisch!,I don't speak French well enough!
Gericht,Substantiv,neutr.,das,0,A2,1249,court,"Die Ankläger bei Gericht müssen ihre Klagen erhärten, um einen Verdächtigen als schuldig zu beweisen.",Prosecutors in court have to substantiate their claims in order to prove a suspect is guilty.
Gerät,Substantiv,neutr.,das,0,A2,1742,appliance,"Das ist das einzige Gerät, das ich habe.",That's the only appliance that I have.
Geschichte,Substantiv,fem.,die,0,A2,2229,concern,nan,nan
Geschirr,Substantiv,neutr.,das,0,A2,194,cookware,nan,nan
gesund,Adjektiv,nan,nan,0,A2,1032,healthy,"Obwohl er älter geworden ist, ist er nach wie vor gesund.","He is getting old, but he is as healthy as ever."
Gesundheit,Substantiv,fem.,die,0,A2,395,bless you,Gesundheit!,Bless you!
Gewitter,Substantiv,neutr.,das,0,A2,147,thunderstorm,Schwarze Wolken kündeten das Gewitter an.,Black clouds announced the coming thunderstorm.
Gitarre,Substantiv,fem.,die,0,A2,176,guitar,"Ich habe mit zehn gelernt, Gitarre zu spielen.",I learned to play guitar when I was ten years old.
Grippe,Substantiv,fem.,die,0,A2,106,cold,"Was du hast, ist Schnupfen, nicht Grippe.","What you have got is a cold, not the flu."
Hals,Substantiv,mask.,der,0,A2,1474,neck,"Ich kann meinen Hals nicht drehen, weil er sehr schmerzt.","I can't turn my neck, because it hurts a lot."
Hamburger,Substantiv,mask.,der,0,A2,1452,Hamburger,"Ich wollte einen Hamburger, aber ich hielt mich zurück.","I wanted a hamburger, but I restrained myself."
Handtuch,Substantiv,neutr.,das,0,A2,81,towel,Dieses Handtuch fühlt sich rau an.,This towel is harsh to the touch.
hart,Adjektiv,nan,nan,0,A2,5109,brutal,nan,nan
Hauptstadt,Substantiv,fem.,die,0,A2,1732,capital,Paris ist die Hauptstadt von Frankreich.,Paris is the capital of France.
Haushalt,Substantiv,mask.,der,0,A2,515,budget,Wir müssen unseren Haushalt ausgleichen.,We must balance our budget.
Heft,Substantiv,neutr.,das,0,A2,132,booklet,nan,nan
Heizung,Substantiv,fem.,die,0,A2,158,heating,Die Heizung funktioniert nicht.,The heating doesn't work.
heiß,Adjektiv,nan,nan,0,A2,12412,hot,"Es ist so heiß, dass man Eier auf den Motorhauben der Autos braten könnte.",It's so hot that you could cook an egg on the hood of a car.
Hemd,Substantiv,neutr.,das,0,A2,327,shirt,Er trug eine schwarze Hose und eine wunderschönes weißes Hemd.,He was wearing black trousers and a beautiful white shirt.
her,Adverb,nan,nan,0,A2,1707,ago,"Obwohl der Unfall schon ein halbes Jahr her ist, tut mein Hals noch immer weh.","Even though the accident was six months ago, my neck still hurts."
her-,Affix,nan,nan,0,A2,nan,nan,nan,nan
heraus,Adverb,nan,nan,0,A2,2348,out,Ein zorniger Elefant stößt die Einzäunung von seinem Gehege weg und schleudert den Wärter heraus.,A furious elephant kicks out the fencing of his enclosure and sends the keeper flying.
herein,Adverb,nan,nan,0,A2,214,come in,Komm herein.,Come in.
herstellen,Verb,nan,nan,0,A2,2038,manufacture,Roboter werden verwendet um Autos herzustellen.,Robots are used to manufacture cars.
herunterladen,Verb,nan,nan,0,A2,104,download,"Wenn Sie nicht über dieses Programm verfügen, können Sie es jetzt herunterladen.","If you do not have this program, you can download it now."
Himmel,Substantiv,mask.,der,0,A2,3916,firmament,"Die Himmel erzählen die Ehre Gottes, und die Feste verkündigt seiner Hände Werk.",The heavens declare the glory of God; and the firmament sheweth his handywork.
hin,Adverb,nan,nan,0,A2,8606,lost,Er verlor das Gleichgewicht und fiel hin.,He lost his balance and fell down.
hin-,Affix,nan,nan,0,A2,nan,nan,nan,nan
hinter,Präposition,nan,nan,0,A2,24176,after,Der Hund rannte hinter dem Kaninchen her.,The dog ran after the rabbit.
hoffen,Verb,nan,nan,0,A2,520,hope,"Wir werden heute Abend viel essen, ich hoffe also, dass du nicht auf Diät bist.",We're going to eat a lot tonight so I hope you're not on a diet.
hoffentlich,Adverb,nan,nan,0,A2,76,hopefully,Hoffentlich wird er bald gesund sein.,Hopefully he will be healthy soon.
Homepage,Substantiv,fem.,die,0,A2,58,homepage,nan,nan
Hose,Substantiv,fem.,die,0,A2,161,landspout,nan,nan
husten,Verb,nan,nan,0,A2,416,cough,Tom fing an zu husten.,Tom started to cough.
Händetuch,Substantiv,neutr.,das,0,A2,nan,nan,nan,nan
hängen,Verb,nan,nan,0,A2,27612,be fond of,nan,nan
hässlich,Adjektiv,nan,nan,0,A2,206,nasty,Tom gab Maria einige hässliche Schimpfnamen.,Tom called Mary some nasty names.
Idee,Substantiv,fem.,die,0,A2,1156,idea,"Die letzte Person, der ich meine Idee erzählt habe, dachte, ich wäre bekloppt.",The last person I told my idea to thought I was nuts.
informieren,Verb,nan,nan,0,A2,933,inform,"Mit diesem Schreiben informieren wir Sie darüber, dass Herr Koichi Ohara als Nachfolger von Herrn Taro Ida zum Leiter der Abteilung Technik ernannt worden ist.",We are writing to inform you that Mr Koichi Ohara has been appointed as Manager of the Technical Department in succession to Mr Taro Iida.
Insel,Substantiv,fem.,die,0,A2,3126,island,Es gibt nur einen Laden auf der ganzen Insel.,There is only one store on the whole island.
Instrument,Substantiv,neutr.,das,0,A2,595,instrument,Ein Thermometer ist ein Instrument zum Messen der Temperatur.,The thermometer is an instrument for measuring temperature.
intelligent,Adjektiv,nan,nan,0,A2,150,intelligent,Meine Schwester ist sehr intelligent.,My sister is very intelligent.
Interesse,Substantiv,neutr.,das,0,A2,1145,concern,"Im Zusammenhang mit der von Angela Merkel geäußerten Besorgnis angesichts der Ereignisse auf der Krim und in der Ukraine insgesamt verwies Wladimir Putin auf die nicht nachlassende Androhung von Gewalt durch ultranationalistische Kräfte, welche das Leben und die legitimen Interessen der russischen Bürger und der gesamten russischsprachigen Bevölkerung gefährden.","In response to Angela Merkel's concern regarding the developments in Crimea and Ukraine as a whole, Vladimir Putin drew the attention to the unrelenting threat of violence by ultra-nationalist forces, endangering the lives and legitimate interests of Russian citizens and the entire Russian-speaking population."
interessieren,Verb,nan,nan,0,A2,276,interest,Politik interessierte ihn nicht.,Politics didn't interest him.
Interview,Substantiv,neutr.,das,0,A2,1870,interview,"Der Minister weigerte sich, den Reportern ein Interview zu geben.",The minister refused to give an interview to the reporters.
Jeans,Substantiv,fem.,die,0,A2,nan,jeans,Sie zog die Jeans ihrer Schwester an und schaute in den Spiegel.,She put on her sister's jeans and looked in the mirror.
jemand,Indefinitpronomen,nan,nan,0,A2,742363,anybody,"Er hat mich gefragt, ob jemand hier war.",He asked me whether anybody was there.
joggen,Verb,nan,nan,0,A2,630,jog,Ich gehe jeden Morgen vor dem Frühstück joggen.,I jog before breakfast every morning.
Jugendherberge,Substantiv,fem.,die,0,A2,24,youth hostel,Gibt es hier in der Nähe eine Jugendherberge?,Is there a youth hostel near here?
Kalender,Substantiv,mask.,der,0,A2,278,calendar,Sie hängte den Kalender an die Wand.,She hung the calendar on the wall.
kalt,Adjektiv,nan,nan,0,A2,11437,chilling,nan,nan
Kamera,Substantiv,fem.,die,0,A2,377,camera,"Ich werde mir eine neue Kamera kaufen, dieses Mal eine digitale.","I'm going to buy myself a new camera, digital this time."
Katze,Substantiv,fem.,die,0,A2,574,bitch,nan,nan
Kaufhaus,Substantiv,neutr.,das,0,A2,66,department store,"Ich ging ins Kaufhaus mit der Absicht, ein Geschenk zu kaufen.",I went to the department store with a view to buying a present.
Keller,Substantiv,mask.,der,0,A2,445,basement,"Das, was du suchst, befindet sich im Keller in einer Kiste.",What you're looking for is in a box in the basement.
Kenntnis,Substantiv,fem.,die,0,A2,585,acquaintance,nan,nan
Kette,Substantiv,fem.,die,0,A2,1025,catenary,nan,nan
Kirche,Substantiv,fem.,die,0,A2,2140,church,Heute Abend gehen wir in die Kirche.,Tonight we're going to church.
klappen,Verb,nan,nan,0,A2,1474,clap,nan,nan
Klavier,Substantiv,neutr.,das,0,A2,24,piano,Er spielt sehr gut Klavier.,He plays the piano very well.
Kleid,Substantiv,neutr.,das,0,A2,971,clothes,Kleider machen Leute.,Clothes make the man.
Klub,Substantiv,mask.,der,0,A2,87,club,Der Klub hat dreißig Mitglieder.,The club has thirty members.
klug,Adjektiv,nan,nan,0,A2,291,clever,Er ist ein kluger Junge.,He is a clever boy.
Kollegin,Substantiv,fem.,die,0,A2,128,colleague,Meine Kollegin und ihr Mann sind beide Amerikaner.,My colleague and her husband are both American.
komisch,Adjektiv,nan,nan,0,A2,279,comic,Die komischen Szenen des Stückes waren übertrieben.,The comic scenes in the play were overdone.
Kontakt,Substantiv,mask.,der,0,A2,689,contact,Wegen der Scheidung seiner Eltern hatte das Mädchen nur wenig Kontakt zu ihrem Vater.,"Because the parents divorced, the girl had little contact with the father."
kontrollieren,Verb,nan,nan,0,A2,696,check,"Bitte kontrolliere, wann er zurück kommt.",Please check on when he will return.
Konzert,Substantiv,neutr.,das,0,A2,295,concert,Dieses Konzert war genial.,This concert was awesome.
Kosmetik,Substantiv,fem.,die,0,A2,37,cosmetic,nan,nan
kostenlos,Adjektiv,nan,nan,0,A2,221,free,"Er war eine gütiger alter Mann, der sich freiwillig anbot, den Rasen seiner Nachbarn kostenlos zu mähen.",He was a benevolent old man who volunteered to mow his neighbors' lawns for free.
Krankenhaus,Substantiv,neutr.,das,0,A2,640,hospital,Ich bin im Krankenhaus.,I'm at the hospital.
Krankenkasse,Substantiv,fem.,die,0,A2,110,health maintenance organization,nan,nan
Krankheit,Substantiv,fem.,die,0,A2,1225,disease,"Das Leben ist eine tödliche, sexuell übertragbare Krankheit.",Life is a fatal sexually transmitted disease.
Kredit,Substantiv,mask.,der,0,A2,228,credit,Der Besitzer dieser Bar verkauft nie alkoholische Getränke auf Kredit.,The owner of this bar never sells liquor on credit.
Kreuzung,Substantiv,fem.,die,0,A2,237,cross,Jostabeeren sind ein Kreuzung aus schwarzen Johannisbeeren und Stachelbeeren und mindestens genauso lecker wie unbekannt.,"Jostaberries are a hybrid cross of blackcurrant with gooseberry, and they're at least as tasty as they're unknown."
Krimi,Substantiv,mask.,der,0,A2,80,crime novel,Ich bin mit diesem Krimi halb durch.,I'm halfway through this crime novel.
Kultur,Substantiv,fem.,die,0,A2,1241,civilization,Die europäische Kultur stammte von diesen Ländern ab.,European civilization had its birth in these lands.
Kunst,Substantiv,fem.,die,0,A2,2811,art,Wer kauft diese Art von Kunst?,Who buys this type of art?
Käse,Substantiv,mask.,der,0,A2,663,baloney,nan,nan
Körper,Substantiv,mask.,der,0,A2,2535,body,"Wenn der Körper berührt wird, schicken Rezeptoren in der Haut Nachrichten zum Gehirn und verursachen die Ausschüttung von chemischen Stoffen wie Endorphinen.","When the body is touched, receptors in the skin send messages to the brain causing the release of chemicals such as endorphins."
kühl,Adjektiv,nan,nan,0,A2,1243,chilly,Es war kühl an diesem Tag.,It was chilly that day.
kündigen,Verb,nan,nan,0,A2,1094,cancel,Hiermit kündige ich mein Abonnement des Tageblatts fristgerecht zum nächstmöglichen Termin.,"I hereby cancel my subscription to the newspaper, within the deadline, effective immediately."
Lampe,Substantiv,fem.,die,0,A2,274,lamp,Nicht jede Lampe ist magisch.,Not every lamp is magic.
Landschaft,Substantiv,fem.,die,0,A2,861,landscape,Wir wollen Sprachwerkzeuge auf ein neues Niveau bringen.,We want to bring language tools to the next level.
langweilig,Adjektiv,nan,nan,0,A2,253,boring,Ich fand das Buch langweilig.,I found the book boring.
Laptop,Substantiv,"mask., neutr.",der,0,A2,83,laptop,"Es ist praktisch, einen Laptop zu haben.",It's practical to have a laptop.
lassen,Verb,nan,nan,0,A2,433107,allow,"Ich glaube nicht, dass das geschehen kann, denn die Festlichkeiten am Jahresende lassen eine Diät nicht zu.","I don't believe this can happen, as the year-end festivities don't allow a diet."
leer,Adjektiv,nan,nan,0,A2,34089,empty,Mein Leben ist leer ohne ihn.,My life is empty without him.
leidtun,Verb,nan,nan,0,A2,46,be sorry,Irgendwann wird es ihm leidtun.,He will be sorry for it some day.
leihen,Verb,nan,nan,0,A2,343,borrow,Kann ich mir dein Auto leihen?,Can I borrow your car?
Liebe,Substantiv,fem.,die,0,A2,5419,love,"Man sagt, Liebe mache blind.",They say love is blind.
liefern,Verb,nan,nan,0,A2,7815,deliver,Wir können es heute Abend liefern.,We can deliver it this evening.
Link,Substantiv,"mask., neutr.",der,0,A2,52,link,Dieser Mitarbeiter hat den Status Fortgeschrittener Mitarbeiter beantragt.,This contributor has asked for advanced contributor status.
Lust,Substantiv,fem.,die,0,A2,453,desire,"Wenn es möglich ist, öffne das Fenster nicht, ich habe keine allzu große Lust, Luftzüge in meinem Rücken zu spüren.",Avoid opening the window; I have no great desire to feel air currents on my back.
Löffel,Substantiv,mask.,der,0,A2,201,spoon,Das Baby kann noch keinen Löffel benutzen.,The baby cannot use a spoon yet.
Lüge,Substantiv,fem.,die,0,A2,267,lie,"Was er gesagt hatte, entpuppte sich als Lüge.",What he had said turned out to be a lie.
lügen,Verb,nan,nan,0,A2,872,lie,"Leute, die für dich lügen würden, würden dich anlügen.","People who will lie for you, will lie to you."
Magen,Substantiv,mask.,der,0,A2,368,maw,nan,nan
Mail,Substantiv,"fem., neutr.",die,0,A2,409,nan,nan,nan
Mailbox,Substantiv,fem.,die,0,A2,11,mailbox,Ich checke meine Mailbox.,I am checking my mailbox.
mal,Adverb,nan,nan,0,A2,30849,just,Schau einfach mal in den Spiegel.,Just look in the mirror.
malen,Verb,nan,nan,0,A2,1866,calligraph,nan,nan
manch,Indefinitpronomen,nan,nan,0,A2,nan,some,Im Gegensatz zu manch anderem bin ich nicht passiv-aggressiv.,"I'm not passive aggressive, unlike some people."
manchmal,Adverb,nan,nan,0,A2,1292,sometimes,Manchmal kann er ein seltsamer Junge sein.,Sometimes he can be a strange guy.
Mannschaft,Substantiv,fem.,die,0,A2,671,crew,Der Tanker hat nur eine kleine Mannschaft an Bord.,The tanker has only a small crew on board.
Mantel,Substantiv,mask.,der,0,A2,395,coat,Dieser dunkle Mantel passt nicht zu ihrer dunklen Haut.,That dark coat does not match her dark skin.
Markt,Substantiv,mask.,der,0,A2,861,market,Ist dieses neue Modell auf dem Markt erhältlich?,Is this new model available on the market?
Medikament,Substantiv,neutr.,das,0,A2,504,drug,Mit welchem Medikament kann man diese Krebsart am besten behandeln?,What's the best drug for that cancer?
meinen,Verb,nan,nan,0,A2,11570,intend,nan,nan
Meinung,Substantiv,fem.,die,0,A2,962,intention,nan,nan
meistens,Adverb,nan,nan,0,A2,656,largely,"Wie viel Bier man trinkt, hängt meistens vom Wetter ab.",How much beer people drink largely depends on the weather.
Menge,Substantiv,fem.,die,0,A2,2400,abundance,Es sind jede Menge Bilder in dem Buch.,There is an abundance of pictures in the book.
merken,Verb,nan,nan,0,A2,1420,keep in mind,Wo ist denn Opa?,Where's Grandad?
Messe,Substantiv,fem.,die,0,A2,382,expo,nan,nan
Messer,Substantiv,neutr.,das,0,A2,457,gager,nan,nan
mindestens,Adverb,nan,nan,0,A2,1312,at least,In einem Wörterbuch wie diesem sollte es mindestens zwei Sätze mit Kühlschrank geben.,In a dictionary like this one there should be at least two sentences with fridge.
Mineralwasser,Substantiv,neutr.,das,0,A2,71,sparkling water,nan,nan
Mitarbeiter,Substantiv,mask.,der,0,A2,884,assistant,nan,nan
Mittagessen,Substantiv,neutr.,das,0,A2,154,lunch,Ich mache jeden Tag das Mittagessen.,I make lunch every day.
Mittel,Substantiv,neutr.,das,0,A2,1558,average,Wir verwenden das Mittel aller Werte als Durchschnitt.,We will use the mean of all values as an average.
Mobiltelefon,Substantiv,neutr.,das,0,A2,99,cell phone,Du solltest dein Mobiltelefon ausschalten.,You should turn off your cell phone.
Mode,Substantiv,fem.,die,0,A2,274,fashion,Schwarze Mäntel sind diesen Winter in Mode.,A black coat is in fashion this winter.
modern,Adjektiv,nan,nan,0,A2,3580,cool,nan,nan
Motor,Substantiv,mask.,der,0,A2,521,engine,"Open Source ist der Motor, der technische Innovationen vorantreibt.",Open source is the engine that drives technological innovation.
Motorroller,Substantiv,mask.,der,0,A2,25,motor scooter,nan,nan
Museum,Substantiv,neutr.,das,0,A2,507,museum,Dieses Museum ist einen Besuch wert.,It is worth visiting that museum.
Musik,Substantiv,fem.,die,0,A2,1208,music,Sie mag Musik.,She likes music.
Müll,Substantiv,mask.,der,0,A2,314,garbage,Krähen durchstöbern oft den Müll.,Crows often fish through garbage.
Mütze,Substantiv,fem.,die,0,A2,179,beanie,nan,nan
Nachbar,Substantiv,mask.,der,0,A2,631,neighbour,Ich hasse meinen Nachbarn.,I hate my neighbour.
Nachbarin,Substantiv,fem.,die,0,A2,130,neighbour,Sie ist unsere Nachbarin.,She's our neighbour.
Nachricht,Substantiv,fem.,die,0,A2,763,message,Möchten Sie eine Nachricht hinterlassen?,Shall I take a message?
nass,Adjektiv,nan,nan,0,A2,1278,wet,Meine Katze mag nicht nass werden.,My cat doesn't like to get wet.
Natur,Substantiv,fem.,die,0,A2,1082,nature,Sie ist von Natur aus schwach.,She is weak by nature.
natürlich,Adjektiv,nan,nan,0,A2,12942,course,Natürlich werde ich zur Party gehen.,"Of course, I will be at the party."
nebelig,Adjektiv,nan,nan,0,A2,108,nan,nan,nan
neben,Präposition,nan,nan,0,A2,5886,beside,Alle wollen neben ihr sitzen.,Everybody wants to sit beside her.
nebenan,Adverb,nan,nan,0,A2,169,next door,Der Hund von nebenan bellt immer.,The dog next door is always barking.
neblig,Adjektiv,nan,nan,0,A2,115,brumous,nan,nan
nennen,Verb,nan,nan,0,A2,5780,call,Wir nennen unseren Hund Pochi.,We call our dog Pochi.
nervös,Adjektiv,nan,nan,0,A2,261,jittery,Tom ist nervös.,Tom is jittery.
nett,Adjektiv,nan,nan,0,A2,265,cute,nan,nan
niemand,Indefinitpronomen,nan,nan,0,A2,1143,nobody,Niemand versteht mich.,Nobody understands me.
nirgends,Adverb,nan,nan,0,A2,99,nowhere,Der Schlüssel war nirgends zu finden.,The key was nowhere to be found.
Note,Substantiv,fem.,die,0,A2,359,grade,"Sein Aufsatz gab nur eine oberflächliche Analyse des Problems, daher war es eine richtige Überraschung für ihn, als er die beste Note in der Klasse bekam.","His essay gave only a superficial analysis of the problem, so it was a real surprise to him when he got the highest grade in the class."
notieren,Verb,nan,nan,0,A2,202,make a note,Hast du dir ihre neue Adresse notiert?,Did you make a note of her new address?
Notiz,Substantiv,fem.,die,0,A2,157,note,An dem Dokument war mit einer Büroklammer eine Notiz befestigt.,A note was attached to the document with a paper clip.
notwendig,Adjektiv,nan,nan,0,A2,1033,necessary,"Ist es notwendig, das menschliche Wissen durch die Erforschung des Weltraumes auszuweiten?",Is it necessary to expand human knowledge with space exploration?
Nudel,Substantiv,fem.,die,0,A2,26,cock,nan,nan
Nächste,Substantiv,mask.,der,0,A2,33,nan,nan,nan
nächste,Substantiv,mask.,der,0,A2,33,nan,nan,nan
Nähe,Substantiv,fem.,die,0,A2,1439,closeness,"Körperliche Nähe schüchterte ihn ein, also ließ es seine Freundin sehr sehr langsam angehen.","Physical closeness made him feel threatened, so his girlfriend took things very, very slow."
nützlich,Adjektiv,nan,nan,0,A2,275,useful,"Antworten sind nur dann nützlich, wenn sie neue Fragen aufwerfen.",The only useful answers are those that raise new questions.
offen,Adjektiv,nan,nan,0,A2,7503,open,"Peter sieht, dass das Garagentor offen ist.",Peter sees that the garage door is open.
Ohr,Substantiv,neutr.,das,0,A2,811,ear,"David hat ein leidenschaftliches Interesse an Ästhetik - den Eigenschaften, die ein Gemälde, eine Skulptur, eine musikalische Komposition oder ein Gedicht Auge, Ohr oder Geist gefallen lassen.","David has a keen interest in aesthetics — the qualities that make a painting, sculpture, musical composition, or poem pleasing to the eye, ear, or mind."
online,Adverb,nan,nan,0,A2,458,online,"Es hat mir fast Angst gemacht, dich einen ganzen Tag nicht online zu sehen.",It almost scared me not to see you online for a whole day.
Orange,Substantiv,fem.,die,0,A2,95,China orange,nan,nan
organisieren,Verb,nan,nan,0,A2,1411,get hold,nan,nan
Paar,Substantiv,neutr.,das,0,A2,608,couple,"Herr und Frau Smith gehören zu den Paaren, die abends nicht oft ausgehen.",Mr.
paar,Indefinitpronomen,nan,nan,0,A2,2251,few,"Wenn ich dich erschrecken wollte, würde ich dir erzählen, was ich vor ein paar Wochen geträumt habe.","If I wanted to scare you, I would tell you what I dreamt about a few weeks ago."
packen,Verb,nan,nan,0,A2,3679,carry it off,nan,nan
Paket,Substantiv,neutr.,das,0,A2,196,package,Wie viel kostet das ganze Paket?,How much is the whole package?
Parfum,Substantiv,neutr.,das,0,A2,50,nan,nan,nan
Parfüm,Substantiv,neutr.,das,0,A2,52,perfume,Ist das ein neues Parfüm?,Is that a new perfume?
Park,Substantiv,mask.,der,0,A2,2074,park,Ich gehe in einem Park spazieren.,I'm taking a walk in a park.
parken,Verb,nan,nan,0,A2,567,park,Sie dürfen Ihr Auto hier nicht parken.,"Sir, you are not allowed to park your car here."
passen,Verb,nan,nan,0,A2,3493,fit,Diese Schuhe passen mir nicht.,These shoes don't fit my feet.
passieren,Verb,nan,nan,0,A2,1384,cross,nan,nan
Passwort,Substantiv,neutr.,das,0,A2,44,password,Das Passwort ist Muiriel.,The password is Muiriel.
Person,Substantiv,fem.,die,0,A2,1042031,person,"Die letzte Person, der ich meine Idee erzählt habe, dachte, ich wäre bekloppt.",The last person I told my idea to thought I was nuts.
Pferd,Substantiv,neutr.,das,0,A2,1463,equidae,nan,nan
Pflanze,Substantiv,fem.,die,0,A2,2616,plant,"Freundschaft ist eine Pflanze, die oft gegossen werden muss.",Friendship is a plant which must be often watered.
phantastisch,Adjektiv,nan,nan,0,A2,138,nan,nan,nan
Pizza,Substantiv,fem.,die,0,A2,109,za,nan,nan
Plakat,Substantiv,neutr.,das,0,A2,89,poster,"Er hielt an, um das Plakat anzusehen.",He paused to look at the poster.
planen,Verb,nan,nan,0,A2,2739,contrive,nan,nan
plötzlich,Adjektiv,nan,nan,0,A2,2694,suddenly,Unser Zug hielt plötzlich an.,Our train stopped suddenly.
Portion,Substantiv,fem.,die,0,A2,183,portion,"Eine kleine Portion Schinken bitte, und ein Bier vom Fass.","A small portion of ham, please, and a draught beer."
Poster,Substantiv,"neutr., mask.",das,0,A2,64,poster,Hast du schon einmal ein Poster an eine Wand geklebt?,Have you ever stuck a poster on a wall?
Postkarte,Substantiv,fem.,die,0,A2,94,post card,nan,nan
praktisch,Adjektiv,nan,nan,0,A2,877,handy,"Dropbox-Konten sind oft praktisch, aber Imogen aus dem Internet schickt sich immer noch Dinge selbst per E-mail, weil es, Zitat, klassisch ist.","Dropboxes are often handy, but Imogen of the Internet still emails things to herself because (and I quote) it's vintage."
preiswert,Adjektiv,nan,nan,0,A2,125,inexpensive,"Jeder sagt, das Essen in dieser Gaststätte ist schmackhaft und preiswert.",Everyone says the food in this restaurant is both delicious and inexpensive.
privat,Adjektiv,nan,nan,0,A2,953,private,Die privaten Colleges und Universitäten der Vereinigten Staaten sind selbstständig.,The private colleges and universities of the United States are autonomous.
pro,Präposition,nan,nan,0,A2,9224,per,Wir können durch die Zeit reisen.,We can travel through time.
probieren,Verb,nan,nan,0,A2,520,attempt,nan,nan
Produkt,Substantiv,neutr.,das,0,A2,1225,product,Dieses Produkt wurde in Italien hergestellt.,This product is made in Italy.
Programm,Substantiv,neutr.,das,0,A2,875,channel,nan,nan
Projekt,Substantiv,neutr.,das,0,A2,976,project,"Ich bin stolz, an diesem Projekt teilzuhaben.",I am proud to be a part of this project.
prüfen,Verb,nan,nan,0,A2,1325,assess,nan,nan
Pullover,Substantiv,mask.,der,0,A2,612,jersey,nan,nan
putzen,Verb,nan,nan,0,A2,1008,clean,Putzen Sie Ihre Zähne.,Clean your teeth.
Qualität,Substantiv,fem.,die,0,A2,611,quality,Qualität ist wichtiger als Quantität.,Quality is more important than quantity.
Quiz,Substantiv,neutr.,das,0,A2,26,quiz,nan,nan
Rad,Substantiv,neutr.,das,0,A2,21512,bicycle,Ich fahre meist mit dem Rad zur Schule.,I usually go to school by bicycle.
Radio,Substantiv,"neutr., mask.",das,0,A2,635,radio,Ich habe das Radio abgeschaltet.,I turned off the radio.
raten,Verb,nan,nan,0,A2,1579,advise,"Ich rate dir, mit dem Rauchen aufzuhören.",I advise you to stop smoking.
Rathaus,Substantiv,neutr.,das,0,A2,175,cityhall,nan,nan
raus,Adverb,nan,nan,0,A2,276,out,"Ich schlage vor, du hältst dich da raus.",I suggest you keep out of this.
rechnen,Verb,nan,nan,0,A2,9203,anticipate,"Einzig die Annahme bestimmt mich dazu, dass der Leser - ich sage besser: der zukünftige Leser; denn für den Augenblick besteht ja noch nicht die geringste Aussicht, dass meine Schrift das Licht der Öffentlichkeit erblicken könnte, - es sei denn, dass sie durch ein Wunder unsere umdrohte Festung Europa zu verlassen und denen draußen einen Hauch von den Geheimnissen unserer Einsamkeit zu bringen vermöchte; - ich bitte wieder ansetzen zu dürfen: nur weil ich damit rechne, dass man wünschen wird, über das Wer und Was des Schreibenden beiläufig unterrichtet zu sein, schicke ich diesen Eröffnungen einige wenige Notizen über mein eigenes Individuum voraus, - nicht ohne die Gewärtigung freilich, gerade dadurch dem Leser Zweifel zu erwecken, ob er sich auch in den richtigen Händen befindet, will sagen: ob ich meiner ganzen Existenz nach der rechte Mann für eine Aufgabe bin, zu der vielleicht mehr das Herz als irgendwelche berechtigende Wesensverwandtschaft mich zieht.","Only the assumption that the reader - I better say: the prospective reader, because for the moment there is not the slightest prospect, that my writing could see the lights of publicity, - unless it miraculously left our endangered fortress Europe and brought a hint of the secrets of our loneliness to those outside; - I beg to be allowed to begin anew: only because I anticipate the wish to be told casually about the who and what of the writer, I send some few notes on my own individuum out before these openings, - of course not without the awareness that exactly by doing so I might provoke doubts in the reader, that he is in the right hands, which is to say: if I, from all my being, am the right man for a task to which maybe the heart pulls me more than any qualifying relation in character."
recht,Adjektiv,nan,nan,0,B1,40775,right,"Wenn du eine Frage hast, hebe bitte die rechte Hand.","If you have a question, please raise your right hand."
reden,Verb,nan,nan,0,A2,18848,say,"Die Mathematiker sind eine Art Franzosen: redet man zu ihnen, so übersetzen sie es in ihre Sprache, und dann ist es alsobald ganz etwas anders.","Mathematicians are like some Frenchmen: whatever you say to them they translate into their own language, and forthwith it is something entirely different."
reich,Adjektiv,nan,nan,0,A2,6236,abundant,Die Vereinigten Staaten sind reich an natürlichen Ressourcen.,The United States is abundant in natural resources.
Reifen,Substantiv,mask.,der,0,A2,258,bangle,nan,nan
Reihe,Substantiv,fem.,die,0,A2,1681,chain,nan,nan
rein,Adverb,nan,nan,0,A2,1701,clean,Sie hat ein reines Herz.,She has a clean heart.
Reinigung,Substantiv,fem.,die,0,A2,194,cleaners,Ich muss meinen Anzug zur Reinigung bringen.,I've got to take my suit to the dry cleaners.
reiten,Verb,nan,nan,0,A2,2562,ride,Willst du auf einem Einhorn zur Arbeit reiten?,Do you want to ride a unicorn to work?
renovieren,Verb,nan,nan,0,A2,126,refurbish,nan,nan
Rentner,Substantiv,mask.,der,0,A2,89,pensioner,"Als Rentner bin ich jetzt mein eigener Herr, endlich.","As a pensioner, I'm my own boss now, finally."
Rentnerin,Substantiv,fem.,die,0,A2,20,nan,nan,nan
reservieren,Verb,nan,nan,0,A2,215,reserve,Ich möchte gerne einen Sitz reservieren.,I'd like to reserve a seat.
Rest,Substantiv,mask.,der,0,A2,709,radical,nan,nan
Rezept,Substantiv,neutr.,das,0,A2,189,prescription,"Geh zum Arzt, um dein Rezept zu bekommen!",Go to the doctor to get your prescription!
Rind,Substantiv,neutr.,das,0,A2,324,beef,"Du sagtest zwar, das sei Rind; ich halte es jedoch für Schwein.",You said it was beef.
Ring,Substantiv,mask.,der,0,A2,1030,ring,"Es ist aus zwischen uns, gib mir meinen Ring zurück!",It's over between us.
Rock,Substantiv,mask.,der,0,A2,978,coat,nan,nan
romantisch,Adjektiv,nan,nan,0,A2,301,romantic,Das ist sehr romantisch!,It's very romantic!
Rose,Substantiv,fem.,die,0,A2,272,rose,Diese Rose ist wunderschön.,This rose is beautiful.
Rucksack,Substantiv,mask.,der,0,A2,141,backpack,Sie trägt einen Rucksack auf dem Rücken.,She is carrying a backpack on her back.
rufen,Verb,nan,nan,0,A2,17856,call,Ich rufe Sie später zurück.,I'll call you back later.
Ruhe,Substantiv,fem.,die,0,A2,1379,calm,Wir müssen Ruhe bewahren.,We must keep calm.
rund,Adjektiv,nan,nan,0,A2,9344,about,Es leben rund 6 Milliarden Menschen auf der Welt.,There are about 6 billion people in the world.
Rundgang,Substantiv,mask.,der,0,A2,56,circuit,nan,nan
Rätsel,Substantiv,neutr.,das,0,A2,157,enigma,"Ein Rätsel ist jemand oder etwas, das schwer zu verstehen oder zu erklären ist.",An enigma is someone or something that is difficult to understand or explain.
Rücken,Substantiv,mask.,der,0,A2,1574,back,"Wenn es möglich ist, öffne das Fenster nicht, ich habe keine allzu große Lust, Luftzüge in meinem Rücken zu spüren.",Avoid opening the window; I have no great desire to feel air currents on my back.
Sache,Substantiv,fem.,die,0,A2,3815,business,Das ist nicht seine Sache.,That is no business of his.
sammeln,Verb,nan,nan,0,A2,3631,accumulate,nan,nan
sauber,Adjektiv,nan,nan,0,A2,8094,accurate,nan,nan
sauer,Adjektiv,nan,nan,0,A2,238,acid,Diese Apfelsine ist zu sauer.,There is too much acid in this orange.
schade,Adjektiv,nan,nan,0,A2,52,pity,"Es ist schade, wenn jemand stirbt.",It's a pity when somebody dies.
schaffen,Verb,nan,nan,0,A2,20467,accomplish,Wie hast du das geschafft?,How did you accomplish this?
scharf,Adjektiv,nan,nan,0,A2,1496,acrid,nan,nan
schenken,Verb,nan,nan,0,A2,2510,donate,nan,nan
Schere,Substantiv,fem.,die,0,A2,180,(pair of) scissors,nan,nan
Schiff,Substantiv,neutr.,das,0,A2,1488,aisle,nan,nan
schimpfen,Verb,nan,nan,0,A2,955,curse,nan,nan
Schirm,Substantiv,mask.,der,0,A2,105,screen,nan,nan
Schlafzimmer,Substantiv,neutr.,das,0,A2,191,bedroom,"Er ist sehr hitzeempfindlich, und ich bin eher kälteempfindlich.",He's really sensitive to heat and I'm sensitive to the cold.
schlimm,Adjektiv,nan,nan,0,A2,414,bad,Ist es schlimm?,Is it bad?
Schloss,Substantiv,neutr.,das,0,A2,3385,bolt,nan,nan
Schmerz,Substantiv,mask.,der,0,A2,734,ache,Plötzlich fühlte ich einen starken Schmerz im Magen.,Suddenly I felt a strong stomach ache.
schmutzig,Adjektiv,nan,nan,0,A2,902,dirty,"Solange du es nicht schmutzig machst, kannst du das Buch mit nach Hause nehmen.",You may take the book home so long as you don't get it dirty.
Schnee,Substantiv,mask.,der,0,A2,1404,snow,Gibt es heute Abend Schnee?,Will it snow tonight?
schneiden,Verb,nan,nan,0,A2,6941,cut,Ich kann mir nicht gleichzeitig die Nägel schneiden und bügeln!,I can't cut my nails and do the ironing at the same time!
schneien,Verb,nan,nan,0,A2,2,snow,Wird es heute Abend schneien?,Will it snow tonight?
Schokolade,Substantiv,fem.,die,0,A2,267,chocolate,"Denk nicht mal dran, meine Schokolade zu essen!",Don't you even think of eating my chocolate!
schrecklich,Adjektiv,nan,nan,0,A2,263,horrible,Es ist wirklich schrecklich.,It's really horrible.
schriftlich,Adjektiv,nan,nan,0,A2,579,written,Ich habe die schriftliche Prüfung nicht bestanden.,I failed the written test.
schwach,Adjektiv,nan,nan,0,A2,2444411,weak,"Der Geist ist willig, aber das Fleisch ist schwach.","The spirit is willing, but the flesh is weak."
schwanger,Adjektiv,nan,nan,0,A2,168,gravid,nan,nan
Schwein,Substantiv,neutr.,das,0,A2,551,pig,Das ist kein Schwein; das ist ein Affe.,It's not a pig; it's a monkey.
schwierig,Adjektiv,nan,nan,0,A2,833,difficult,"Es ist schwierig, ein Gespräch mit jemandem zu führen, der nur Ja und Nein sagt.",It is difficult to keep up a conversation with someone who only says yes and no.
schädlich,Adjektiv,nan,nan,0,A2,266,damaging,Strafen für Drogenkonsum sollten für das Individuum nicht schädlicher sein als der Konsum selbst.,Penalties against drug use should not be more damaging to an individual than the use of the drug itself.
Schülerin,Substantiv,fem.,die,0,A2,110,disciple,nan,nan
Seife,Substantiv,fem.,die,0,A2,nan,placer,nan,nan
Seite,Substantiv,fem.,die,0,A2,3545,angle,"Die Dinge sind manchmal schöner, wenn man sie von einer anderen Seite betrachtet.","Sometimes, things are more beautiful when you look at them from a different angle."
selbst,Pronomen,nan,nan,0,A2,77696,-self,nan,nan
Sendung,Substantiv,fem.,die,0,A2,372,broadcasting,nan,nan
Service,Substantiv,"mask., neutr.",der,0,A2,181,service,"Sie beschwerte sich beim Manager, dass der Service schlecht sei.",She complained to the manager about the service.
setzen,Verb,nan,nan,0,A2,114745,bet,Ich setze 10 Dollar auf das Pferd.,I bet ten dollars on that horse.
singen,Verb,nan,nan,0,A2,3904,rat,nan,nan
Situation,Substantiv,fem.,die,0,A2,1344,situation,"Die Situation ist schlimmer, als wir dachten.",The situation is worse than we believed.
sogar,Adverb,nan,nan,0,A2,2743,as far as,Er nannte dich sogar einen Heuchler.,He went as far as to call you a hypocrite.
sonnig,Adjektiv,nan,nan,0,A2,37,sunny,Es ist zu sonnig um drinnen zu bleiben.,It's too sunny to stay inside.
sonst,Adverb,nan,nan,0,A2,1450,else,"Du hast mich gefunden, wo sonst niemand gesucht hat.",You found me where no one else was looking.
spannend,partizipiales Adjektiv,nan,nan,0,A2,234,enthralling,nan,nan
sparen,Verb,nan,nan,0,A2,2156,economise,nan,nan
Spass,Substantiv,mask.,der,0,A2,34,nan,nan,nan
spazieren,Verb,nan,nan,0,A2,5951,stroll,Spanier gehen gern in der Abendkühle spazieren.,Spaniards love to stroll around in the evening cool.
Spaziergang,Substantiv,mask.,der,0,A2,218,a walk in the park,Was sagst du zu einem Spaziergang im Park?,What do you say to taking a walk in the park?
Spaß,Substantiv,mask.,der,0,A2,335,amusement,Tom hat der Besuch im Vergnügungspark sehr viel Spaß gemacht.,Tom had a lot of fun going to the amusement park.
Spiel,Substantiv,neutr.,das,0,A2,2295,clearance,nan,nan
sportlich,Adjektiv,nan,nan,0,A2,370,athletic,Linguisten sind sportlich und gebildet zugleich — allein dank ihrer Zunge.,"Linguists are both athletic and educated, and that's just their tongues."
Sportplatz,Substantiv,mask.,der,0,A2,47,sports field,nan,nan
Sprechstunde,Substantiv,fem.,die,0,A2,27,consultation hours,Wann hat der Arzt seine Sprechstunde?,What are the doctor's consultation hours?
Stadtplan,Substantiv,mask.,der,0,A2,26,city map,Ich hätte gerne einen Stadtplan.,I'd like a city map.
Star,Substantiv,mask.,der,0,A2,374,Star,Ich habe Star Wars zweimal gesehen.,I have seen Star Wars twice.
stark,Adjektiv,nan,nan,0,A2,6385264,intense,"Statt sich zu legen, wurde der Sturm sogar noch stärker.","Far from stopping, the storm became much more intense."
stattfinden,Verb,nan,nan,0,A2,945,happen,Wir wollen Sprachwerkzeuge auf ein neues Niveau bringen.,We want to bring language tools to the next level.
sterben,Verb,nan,nan,0,A2,7504,be gathered to ones fathers,nan,nan
Stiefel,Substantiv,mask.,der,0,A2,301,boot,"Ein Mann kam mit einem Stiefel auf dem Kopf ins Zimmer gerannt, schrie irgendeinen Unsinn und ging gleich darauf wieder hinaus.","The man ran into the room wearing a boot on his head, shouted a bunch of gibberish, and promptly exited."
Stift,Substantiv,mask.,der,0,A2,198,apprentice,nan,nan
Stipendium,Substantiv,neutr.,das,0,A2,51,grant,Ich erhielt ein Stipendium für meine Studiengebühren.,I got a grant for my tuition.
Stockwerk,Substantiv,neutr.,das,0,A2,179,floor,In welchem Stockwerk wohnst du?,What floor do you live on?
Strand,Substantiv,mask.,der,0,A2,500,beach,"Ich hatte vor, heute an den Strand zu gehen, aber dann fing es an zu regnen.","I was planning on going to the beach today, but then it started to rain."
streiten,Verb,nan,nan,0,A2,625,argue,"Sie streiten viel, aber die meiste Zeit kommen sie ganz gut miteinander aus.","They argue a lot, but for the most part they get along quite well together."
streng,Adjektiv,nan,nan,0,A2,3285,hard,Sei nicht so streng mit deinem Sohn.,Don't be so hard on your son.
Stress,Substantiv,mask.,der,0,A2,161,aggro,nan,nan
stressig,Adjektiv,nan,nan,0,A2,111,stressful,Heutzutage ist das Leben in der Stadt stressig und hat keine Vorteile.,Nowadays city living is stressful and offers no advantages.
Studentin,Substantiv,fem.,die,0,A2,72,student,Ich bin eine neue Studentin.,I am a new student.
Stuhl,Substantiv,mask.,der,0,A2,677,bureau,nan,nan
stören,Verb,nan,nan,0,A2,552,disturb,"Ich werde mir Mühe geben, dich nicht beim Lernen zu stören.",I'll do my best not to disturb your studying.
Stück,Substantiv,neutr.,das,0,A2,2206,part,Er spielte in dem Stück eine Nebenrolle.,He played a minor part in the play.
super,Adjektiv,nan,nan,0,A2,nan,super,Gott und der Teufel sind wirklich super.,God and the devil are really super.
Supermarkt,Substantiv,mask.,der,0,A2,207,supermarket,Was für ein großer Supermarkt!,What a big supermarket!
Suppe,Substantiv,fem.,die,0,A2,367,soup,In dieser Suppe ist zu viel Salz.,There's too much salt in this soup.
surfen,Verb,nan,nan,0,A2,174,surf,Hat seit 1998 mal irgendjemand versucht im Internet zu surfen?,Has anyone attempted to surf the Internet since 1998?
sympathisch,Adjektiv,nan,nan,0,A2,155,affable,"Das Mädchen, das in der Bäckerei arbeitet, ist sympathisch.",The girl who works in the bakery is affable.
süß,Adjektiv,nan,nan,0,A2,372,cute,Was ist das nicht süß!,How cute!
Süßigkeit,Substantiv,fem.,die,0,A2,139,candy,Probiere diese Süßigkeit.,Try this candy.
T-Shirt,Substantiv,neutr.,das,0,A2,2,T-shirt,Möchtest du ein T-Shirt?,Do you want a T-shirt?
Tablet,Substantiv,"neutr., mask.","das, der",0,A2,43,tablet,Meine Mutter hat einen Laptop und ein Tablet.,My mother has a laptop and a tablet.
Tablette,Substantiv,fem.,die,0,A2,54,pill,Tom nimmt jeden Tag eine Tablette mit Vitaminen und Mineralien.,Tom takes a pill with vitamins and minerals every day.
Tafel,Substantiv,fem.,die,0,A2,345,banquet,nan,nan
Taschengeld,Substantiv,neutr.,das,0,A2,54,pocket money,Ich habe bereits mein ganzes Taschengeld für diesen Monat ausgegeben.,I've already spent all my pocket money for this month.
Tasse,Substantiv,fem.,die,0,A2,nan,cup,Möchten Sie eine Tasse Kaffee?,Do you want a cup of coffee?
tauschen,Verb,nan,nan,0,A2,861,change,Bitte tausche es in ein blaues Exemplar um.,Please change this for a blue one.
Team,Substantiv,neutr.,das,0,A2,576,team,"Jedes Mal, wenn ich in ein neues Warcraft-Spiel eintrete, stehe ich einem neuen Team von Gegnern gegenüber.","Every time I join a new game of Warcraft, I am pitted against a new team of adversaries."
teilen,Verb,nan,nan,0,A2,5882,divide,"Die einzige Möglichkeit auf der Erde, Glück zu vervielfachen, ist, es zu teilen.",The only way on Earth to multiply happiness is to divide it.
teilnehmen,Verb,nan,nan,0,A2,711,attend,Ich kann an dem Treffen nicht teilnehmen.,I can't attend the meeting.
Teller,Substantiv,mask.,der,0,A2,382,plate,Ich habe fast einen Teller fallen lassen.,I almost dropped a plate.
Tennis,Substantiv,neutr.,das,0,A2,258,tennis,Ann spielt sehr gut Tennis.,Ann plays tennis very well.
Theater,Substantiv,neutr.,das,0,A2,1135,ruckus,nan,nan
tief,Adjektiv,nan,nan,0,A2,9223,deep,Wie tief ist dieser See?,How deep is this lake?
Tier,Substantiv,neutr.,das,0,A2,2828,animal,"Tatsächlich ist ein halbes Auge sehr nützlich, denn mit einem halben Auge kann ein Tier die Hälfte von einem anderen Tier sehen, das es auffressen will, und ihm aus dem Weg gehen, und es wird selber das Tier fressen, das nur ein Drittel-Auge oder nur 49% eines Auges hat, weil dieses ihm nicht schnell genug aus dem Weg gehen wird, und das Tier, das aufgefressen wurde, wird keine Kinder bekommen, weil es tot ist.","Half an eye is very useful actually, because an animal can see half of another animal, which wants to eat it, and can get out of the way, and it will eat the animal, which has only one-half eye or only 49% of an eye, because this to it will not be enough, and the animal, which was eaten up, will have no children, because it is dead."
Tipp,Substantiv,mask.,der,0,A2,127,clue,nan,nan
Titel,Substantiv,mask.,der,0,A2,793,title,"Sie sang ein Lied, dessen Titel ich nicht kenne.","She sang a song, the title of which I did not know."
toll,Adjektiv,nan,nan,0,A2,794,cool,Der Spinnenmensch ist toll; Spinnen sind es aber nicht.,Spider-Man is cool.
Topf,Substantiv,mask.,der,0,A2,253,pot,Ein alter Topf wurde ausgegraben.,An antique pot was dug out.
Torte,Substantiv,fem.,die,0,A2,nan,layer cake,nan,nan
total,Adjektiv,nan,nan,0,A2,725,complete,Das ist ein totales Schlamassel und es geht mir auf die Nerven.,"It's a complete mess, and it's getting on my nerves."
Tour,Substantiv,fem.,die,0,A2,724,tour,Contador hat bei der Tour de France das gelbe Trikot gewonnen.,Contador won the maillot jaune in the Tour de France.
Tourist,Substantiv,mask.,der,0,A2,362,tourist,Ich bin Tourist.,I am a tourist.
Touristin,Substantiv,fem.,die,0,A2,17,tourist,Ich will nicht wie eine Touristin aussehen.,I don't want to look like a tourist.
tragen,Verb,nan,nan,0,A2,157125,carry,Lass mich deinen Koffer tragen.,Let me carry your suitcase.
trainieren,Verb,nan,nan,0,A2,1826,train,Ich habe nicht so viel trainiert wie er.,I didn't train as much as he did.
Training,Substantiv,neutr.,das,0,A2,341,practice,Sie kam zu früh zum Training.,She showed up early for practice.
Traum,Substantiv,mask.,der,0,A2,625,dream,Ich habe einen Traum.,I have a dream.
traurig,Adjektiv,nan,nan,0,A2,345,sad,"Als ich aufgewacht bin, war ich traurig.","When I woke up, I was sad."
trocken,Adjektiv,nan,nan,0,A2,721,dry,Paul hat trockenes Haar.,Paul has dry hair.
träumen,Verb,nan,nan,0,A2,556,dream,Wie könnte ich ein Roboter sein?,How could I be a robot?
typisch,Adjektiv,nan,nan,0,A2,940,typical,Das ist wirklich typisch für ihn.,That is just typical of him.
Tür,Substantiv,fem.,die,0,A2,1746,door,"Warte mal, jemand klopft an meiner Tür.","Hold on, someone is knocking at my door."
umsteigen,Verb,nan,nan,0,A2,83,change,Sie müssen an der nächsten Station umsteigen.,You have to change trains at the next stop.
Umzug,Substantiv,mask.,der,0,A2,137,move,Tom hat mir beim Umzug geholfen.,Tom helped me with the move.
unbedingt,Adjektiv,nan,nan,0,A2,528,absolute,"Die Zeit ist keine unbedingte Realität, sondern ein Aspekt unseres Bewusstseins.",Time is not an absolute reality but an aspect of our consciousness.
Unfall,Substantiv,mask.,der,0,A2,600,accident,"Er war immer noch verärgert über den Unfall, trotz den versöhnlichen Worten seiner Frau.",He was still mad about the accident despite his wife's conciliatory words.
Universität,Substantiv,fem.,die,0,A2,1151,university,Hast du ihn in der Universität getroffen?,You met him at the university?
unterhalten,Verb,nan,nan,0,A2,497,chat,Auf meinem Nachhauseweg habe ich Naomi getroffen und wir haben uns nett unterhalten.,I met Naomi on my way home and we had a chat.
Unterkunft,Substantiv,fem.,die,0,A2,218,accommodation,Die Unterkunft ist im eigenen Zelt.,Accommodation is in individual tents.
unternehmen,Verb,nan,nan,0,A2,310,undertake,"Als ich jung war, erstaunte mich Plutarchs Aussage, Cato der Ältere habe mit achtzig angefangen, Griechisch zu lernen.",When I was young I was amazed at Plutarch's statement that the elder Cato began at the age of eighty to learn Greek.
Unterschied,Substantiv,mask.,der,0,A2,974,contrast,Der Unterschied zwischen den beiden Ideen ist sehr deutlich.,The contrast between the two ideas is very marked.
untersuchen,Verb,nan,nan,0,A2,1054,examine,"Wie lange braucht ein Tierarzt, um ein Pferd zu untersuchen?",How long does it take for a veterinarian to examine a horse?
unterwegs,Adverb,nan,nan,0,A2,580,on the road,Wir werden im Ganzen fünf Tage unterwegs sein.,We'll be on the road for a total of five days.
verabreden,Verb,nan,nan,0,A2,99,agree,nan,nan
Veranstaltung,Substantiv,fem.,die,0,A2,635,event,Ich verschob die Veranstaltung.,I postponed the event.
verbieten,Verb,nan,nan,0,A2,690,forbid,"Seine Ex-Frau hatte einen Gerichtsbeschluss erwirkt, der es ihm verbot, ihr näher als 200 Meter zu kommen.",His ex-wife obtained a court order that forbid him from coming closer than 200 yards.
vereinbaren,Verb,nan,nan,0,A2,316,agree,Beim nächsten Mal vereinbaren wir einen Treffpunkt.,Next time we'll agree on a meeting place.
vergessen,Verb,nan,nan,0,A2,814,forget,Du wirst mich eines Tages vergessen.,You'll forget about me someday.
vergleichen,Verb,nan,nan,0,A2,406,compare,In diesem Aufsatz vergleiche ich deutsche und niederländische Volkssagen.,"In this paper, I compare the folklores of Germany and Holland."
Verkehr,Substantiv,mask.,der,0,A2,520,communication,nan,nan
Verkehrsmittel,Substantiv,neutr.,das,0,A2,129,means of transport,Das Fahrrad ist das eleganteste und effizienteste Verkehrsmittel das jemals erfunden wurde.,The bicycle is the most elegant and efficient means of transport ever invented.
verletzen,Verb,nan,nan,0,A2,791,bruise,nan,nan
verlieben,Verb,nan,nan,0,A2,332,fall in love,"Man verliebt sich nicht in jemanden, weil er perfekt ist.",You don't fall in love with somebody because he's perfect.
verlieren,Verb,nan,nan,0,A2,2011,lose,"Ich will meine Ideen nicht verlieren, selbst wenn einige von ihnen ein bisschen extrem sind.","I don't want to lose my ideas, even though some of them are a bit extreme."
Vermieterin,Substantiv,fem.,die,0,A2,21,landlady,Hast du mal mit der Vermieterin gesprochen?,Did you talk to the landlady?
verpassen,Verb,nan,nan,0,A2,108,miss,Sei schnell oder du verpasst den Zug.,"Be quick, or you will miss the train."
verreisen,Verb,nan,nan,0,A2,95,go away,"Wenn das Wetter gut ist, verreisen wir morgen.",We'll go away tomorrow if the weather's good.
verschieben,Verb,nan,nan,0,A2,329,move,"Wir haben beschlossen, die Versammlung auf nächsten Sonntag zu verschieben.",We've decided to move the meeting to next Sunday.
verschieden,Adjektiv,nan,nan,0,A2,4326,different,Im Alter von 25 hatte sie in fünf verschiedenen Ländern gelebt.,"By the age of 25, she had lived in five different countries."
Verspätung,Substantiv,fem.,die,0,A2,108,delay,"Wir fordern Sie auf, Ihre Verspätung zu erklären.",We ask you to account for your delay.
versuchen,Verb,nan,nan,0,A2,2638,taste,nan,nan
Vertrag,Substantiv,mask.,der,0,A2,609,agreement,Du solltest diesen Vertrag wirklich schriftlich festhalten.,You really should get this agreement down in writing.
Vogel,Substantiv,mask.,der,0,A2,963,bird,Ich wäre lieber ein Vogel als ein Fisch.,I'd rather be a bird than a fish.
voll,Adjektiv,nan,nan,0,A2,4119,full,Warum ist das Leben so voll mit Leiden?,Why is life so full of suffering?
Volleyball,Substantiv,"mask., neutr.","der, das",0,A2,43,volleyball,Spielst du gerne Volleyball?,Do you like playing volleyball?
vorbei,Adverb,nan,nan,0,A2,1057,over,Die Ferien sind jetzt vorbei.,The vacation is over now.
vorbereiten,Verb,nan,nan,0,A2,706,prepare,"Es ist nötig, aufs Schlimmste vorbereitet zu sein.",It is necessary to prepare for the worst.
vorgestern,Adverb,nan,nan,0,A2,35,ereyesterday,nan,nan
vorher,Adverb,nan,nan,0,A2,671,before,"Erinnerst du dich, mich vorher schon mal getroffen zu haben?",Do you remember seeing me before?
vorn,Adverb,nan,nan,0,A2,302,at the front,nan,nan
vorne,Adverb,nan,nan,0,A2,932,at the front,Im Bus sitze ich immer ganz vorne.,"When in a bus, I always sit at the front."
Vorschlag,Substantiv,mask.,der,0,A2,393,offer,"Versprich, dass du über meinen Vorschlag nachdenken wirst!",Promise you'll think about my offer!
vorwärts,Adverb,nan,nan,0,A2,167,forward,"Setz' einen Fuß vor den anderen, um vorwärts zu gehen.",Kick with your legs straight to go forward.
wach,Adjektiv,nan,nan,0,A2,221,awake,Kaffee hält mich wach.,Coffee keeps me awake.
wahr,Adjektiv,nan,nan,0,A2,739,true,Alles Erfundene ist wahr.,"All that which is invented, is true."
wahrscheinlich,Adjektiv,nan,nan,0,A2,989,likely,"Es ist nicht sehr wahrscheinlich, dass sie kommt.",It isn't likely that she will come.
Wald,Substantiv,mask.,der,0,A2,1342,Wald,nan,nan
warm,Adjektiv,nan,nan,0,A2,501,warm,Diese Handschuhe hielten ihre Hände warm.,These gloves kept her hands warm.
Web-Seite,Substantiv,fem.,die,0,A2,nan,nan,nan,nan
Webseite,Substantiv,fem.,die,0,A2,74,web page,nan,nan
wechseln,Verb,nan,nan,0,A2,6039,change,"Ich beriet mich mit meinem Vater und entschloss mich, die Arbeitsstelle zu wechseln.",I discussed it with my father and decided to change my job.
wecken,Verb,nan,nan,0,A2,733,bring about,nan,nan
Weg,Substantiv,mask.,der,0,A2,5134,method,Dies ist der beste Weg zur Lösung des Problems.,This is the best method to solve that problem.
weg,Adverb,nan,nan,0,A2,1,away,"Ich wünsche mir ein Boot, das mich weit weg von hier bringt.",I want a boat that will take me far away from here.
wegen,Präposition,nan,nan,0,A2,3794,because of,Wir können wegen des Lärms nicht schlafen.,We can't sleep because of the noise.
weich,Adjektiv,nan,nan,0,A2,3089,soft,"Der Bergsteig war unter einer Blätterdecke, weich und leicht, um darauf zu gehen.","The mountain path was under a blanket of leaves, soft and easy to walk on."
weil,Konjunktion,nan,nan,0,A2,7602,as,"Ich mag ihn nicht, weil er durchtrieben wie ein Fuchs ist.",I don't like him because he is sly as a fox.
weinen,Verb,nan,nan,0,A2,837,cry,"Aber im Ernst, die Episode 21 hat mich fast vor Lachen weinen lassen.","Seriously though, episode 21 made me almost cry while laughing."
wenigstens,Adverb,nan,nan,0,A2,460,at least,Er könnte sich wenigstens entschuldigen.,He might at least apologize.
wenn,Konjunktion,nan,nan,0,A2,124865,although,"Auch wenn Go wahrscheinlich das beliebteste japanische Spiel in meinem Land ist, kennen es höchstens einige Universitätsstudenten.","Although Go is probably the most popular Japanese game in my country, at most only a few university students know it."
Werkstatt,Substantiv,fem.,die,0,A2,300,automobile repair shop,nan,nan
Wettbewerb,Substantiv,mask.,der,0,A2,452,competition,Der Wettbewerb ist heftig geworden.,The competition has become fierce.
windig,Adjektiv,nan,nan,0,A2,128,windy,Es ist windig heute.,It is windy today.
wirklich,Adjektiv,nan,nan,0,A2,2000,genuine,Hast du schon einmal original ungarisches Gulasch gegessen?,Have you ever had genuine Hungarian goulash?
Witz,Substantiv,mask.,der,0,A2,436,gag,nan,nan
witzig,Adjektiv,nan,nan,0,A2,195,facetious,nan,nan
Wohnzimmer,Substantiv,neutr.,das,0,A2,289,family room,nan,nan
Wolke,Substantiv,fem.,die,0,A2,396,cloud,Nicht eine einzige Wolke war am Himmel.,There was not a cloud in the sky.
Workshop,Substantiv,mask.,der,0,A2,42,workshop,nan,nan
Wunsch,Substantiv,mask.,der,0,A2,626,request,Auf Wunsch senden wir Ihnen das Programm gegen eine Schutzgebühr von 1 € zuzüglich Versand zu.,"On request, we will send you the programme for a token fee of €1 plus shipping."
wurscht,Adjektiv,nan,nan,0,A2,nan,nan,nan,nan
Wurst,Substantiv,fem.,die,0,A2,192,sausage,Wollen Sie Speck oder Wurst?,Would you like bacon or sausage?
wurst,Adjektiv,nan,nan,0,A2,nan,nan,nan,nan
wählen,Verb,nan,nan,0,A2,4356,adopt,"Die Globalisierung ist verrückt geworden: Warum transportiert man spanische Gurken nach Norddeutschland, um die Menschen dort auszurotten, wo doch die Hälfte von ihnen auf Mallorca lebt?",Globalization has gone mad: why transport Spanish cucumbers to exterminate the Northern Germans when half of them live in Mallorca?
Wäsche,Substantiv,fem.,die,0,A2,242,laundry,"Ich muss die Wäsche machen, solange die Sonne noch da ist.",I have to do laundry while it's still sunny.
wünschen,Verb,nan,nan,0,A2,1701,desire,"Es gibt niemanden, der sich keinen Frieden wünscht.",There is no one who doesn't desire peace.
Zahl,Substantiv,fem.,die,0,A2,2540,count,nan,nan
Zahn,Substantiv,mask.,der,0,A2,567,cog,nan,nan
zeichnen,Verb,nan,nan,0,A2,6744,an,Er zeichnete einen Apfel.,He sketched an apple.
zeigen,Verb,nan,nan,0,A2,32632,demonstrate,Ich werde das anhand einiger konkreter Beispiele zeigen.,I'll demonstrate this with the help of a few concrete examples.
Zeitschrift,Substantiv,fem.,die,0,A2,408,journal,"Der Artikel, welchen Sie geschrieben haben, genügt nicht den Mindestanforderungen unserer Zeitschrift.",The article you wrote is not in compliance with our journal's standards.
Zelt,Substantiv,neutr.,das,0,A2,247,tent,Wie werden sie in diesem Zelt über den kalten Winter kommen?,How will they get through the cold winter in that tent?
Zentrum,Substantiv,neutr.,das,0,A2,844,center,Osaka ist das Zentrum des Handels in Japan.,Osaka is the center of commerce in Japan.
Zettel,Substantiv,mask.,der,0,A2,159,note,"Maria legte Tom einen Zettel in die Brotdose, auf dem stand, wie lieb sie ihn hatte.",Mary put a note in Tom's lunchbox to tell him how much she loves him.
Zeugnis,Substantiv,neutr.,das,0,A2,217,certificate,nan,nan
ziehen,Verb,nan,nan,0,A2,166206,breed,nan,nan
Ziel,Substantiv,neutr.,das,0,A2,2541,aim,"Sein Ziel ist, Anwalt zu werden.",His aim is to become a lawyer.
Zirkus,Substantiv,mask.,der,0,A2,93,circus,Mit der Nummer kannst du im Zirkus auftreten!,With that act you could join the circus!
Zitrone,Substantiv,fem.,die,0,A2,71,lemon,"Einen Tee mit Zitrone, bitte.","A tea with lemon, please."
Zoo,Substantiv,mask.,der,0,A2,131,zoo,Gestern bin ich in den Zoo gegangen.,I went to the zoo yesterday.
Zucker,Substantiv,mask.,der,0,A2,547,blood sugar level,nan,nan
zuerst,Adverb,nan,nan,0,A2,759,first,Zuerst werde ich ein Schema meiner neuen Website machen.,"First, I'm going to do an outline of my new website."
zuhören,Verb,nan,nan,0,A2,164,hear,Leider habe ich nicht zugehört.,"Sorry, I didn't hear."
zuletzt,Adverb,nan,nan,0,A2,701,last,"Wer zuletzt lacht, lacht am besten.",He laughs best who laughs last.
zum Beispiel,Mehrwortausdruck,nan,nan,0,A2,nan,for example,nan,nan
zumachen,Verb,nan,nan,0,A2,108,close,Kannst du die Tür zumachen?,Can you close the door?
zurück-,Affix,nan,nan,0,A2,nan,nan,nan,nan
zurückfahren,Verb,nan,nan,0,A2,136,nan,nan,nan
zurückgeben,Verb,nan,nan,0,A2,168,resign,nan,nan
zurückgehen,Verb,nan,nan,0,A2,315,decline,nan,nan
zurückkommen,Verb,nan,nan,0,A2,136,come back,"Ich werde sie morgen anrufen, wenn ich zurückkomme.",I'll call them tomorrow when I come back.
zurücklaufen,Verb,nan,nan,0,A2,93,nan,nan,nan
ändern,Verb,nan,nan,0,A2,2188,alter,"Diejenigen, die zu größeren, mächtigeren Sprachgemeinschaften gehören, ändern nur selten ihre Sprachpraxis, um sich weniger mächtigen Gruppen anzupassen.","Those who belong to larger, more powerful language communities rarely alter their linguistic practices to adapt to less powerful groups."
ärgern,Verb,nan,nan,0,A2,898,annoy,Muiriel ärgert mich in letzter Zeit gerne.,Muiriel likes to annoy me lately.
üben,Verb,nan,nan,0,A2,1367,do,"Ich weiß wohl, dass das ausschließliche Beitragen von Sätzen in der Muttersprache – oder der am besten beherrschten Sprache – nicht ganz so viel Spaß macht, wie sich im Schreiben von Fremdsprachen zu üben; steuere beim Tatoeba-Korpus aber bitte trotzdem keine Sätze bei, über deren Korrektheit du dir nicht völlig im Klaren bist.","I know that adding sentences only in your native or strongest language is probably not as much fun as practicing writing foreign languages, but please don't add sentences to the Tatoeba Corpus if you are not absolutely sure they are correct."
überall,Adverb,nan,nan,0,A2,964,all over,Was ist passiert?,What happened?
übermorgen,Adverb,nan,nan,0,A2,19,day after tomorrow,Hast du übermorgen Zeit?,Do you have time the day after tomorrow?
übersetzen,Verb,nan,nan,0,A2,998,carry over,nan,nan
Übersetzung,Substantiv,fem.,die,0,A2,295,gear,nan,nan
-weis,Affix,nan,nan,0,B1,nan,nan,nan,nan
-weise,Affix,nan,nan,0,B1,1,nan,nan,nan
abbiegen,Verb,nan,nan,0,B1,nan,bend,nan,nan
Abbildung,Substantiv,fem.,die,0,B1,250,depiction,nan,nan
Abenteuer,Substantiv,neutr.,das,0,B1,238,adventure,Das Leben ist voller Abenteuer.,Life is full of adventure.
Abfall,Substantiv,mask.,der,0,B1,392,apostasy,nan,nan
Abfalleimer,Substantiv,mask.,der,0,B1,11,bin,Der Abfalleimer ist leer.,The bin is empty.
Abgas,Substantiv,neutr.,das,0,B1,56,emission,nan,nan
abhangen,Verb,nan,nan,0,B1,1,nan,nan,nan
abheben,Verb,nan,nan,0,B1,192,answer,nan,nan
abhängen,Verb,nan,nan,0,B1,266,correlate,nan,nan
abhängig,Adjektiv,nan,nan,0,B1,507,dependent,Er ist völlig abhängig von seinen Eltern.,He is totally dependent on his parents.
Abitur,Substantiv,neutr.,das,0,B1,142,A-levels,"Die Chance, Abitur zu machen, schlug Maria aus, denn sie wollte so schnell wie möglich auf eigenen Beinen stehen.","Mary turned down the chance of doing A-levels, wanting instead to support herself financially as soon as possible."
ablehnen,Verb,nan,nan,0,B1,513,decline,Ich musste sein Angebot ablehnen.,I had to decline his offer.
abmachen,Verb,nan,nan,0,B1,89,agree,nan,nan
abnehmen,Verb,nan,nan,0,B1,425,amputate,nan,nan
Abonnement,Substantiv,neutr.,das,0,B1,43,subscription,Hiermit kündige ich mein Abonnement des Tageblatts fristgerecht zum nächstmöglichen Termin.,"I hereby cancel my subscription to the newspaper, within the deadline, effective immediately."
abonnieren,Verb,nan,nan,0,B1,74,subscribe,Welche Zeitung haben Sie abonniert?,What newspaper do you subscribe to?
absagen,Verb,nan,nan,0,B1,180,beg off,nan,nan
Abschied,Substantiv,mask.,der,0,B1,173,parting,Der Abschied ist ihnen schwergefallen.,The parting was hard for him.
Abschluss,Substantiv,mask.,der,0,B1,425,accounts,nan,nan
Abschnitt,Substantiv,mask.,der,0,B1,486,coupon,nan,nan
abschreiben,Verb,nan,nan,0,B1,164,copy,Ich habe meinen Freund meine Hausaufgaben abschreiben lassen.,I let my friend copy my homework.
Absenderin,Substantiv,fem.,die,0,B1,7,sender,nan,nan
absolut,Adjektiv,nan,nan,0,B1,10896,absolute,Computer sind heutzutage eine absolute Notwendigkeit.,A computer is an absolute necessity now.
abstimmen,Verb,nan,nan,0,B1,262,coordinate,nan,nan
Abt,Substantiv,mask.,der,0,B1,49,abbot,In der einstigen barocken Residenz des Abtes ist nun das Museum für Stadtgeschichte beheimatet.,The former baroque residence of the abbot now houses the town history museum.
Abteilung,Substantiv,fem.,die,0,B1,453,compartment,nan,nan
Abwart,Substantiv,mask.,der,0,B1,8,nan,nan,nan
Abwartin,Substantiv,fem.,die,0,B1,nan,nan,nan,nan
abwaschen,Verb,nan,nan,0,B1,109,wash off,nan,nan
abwesend,Adjektiv,nan,nan,0,B1,73,absent,Die Hälfte der Studenten ist abwesend.,Half of the students are absent.
abwärts,Adverb,nan,nan,0,B1,182,downwards,nan,nan
achten,Verb,nan,nan,0,B1,2702,keep an eye on,nan,nan
Aktion,Substantiv,fem.,die,0,B1,577,action,"Wenn Darwin heute leben würde, würde er sich vorstellen, dass das hochentwickelte Informationsverarbeitungssystem, das wir dank unserer fortschrittlichen Technologie in den Zellen in Aktion sehen können, zufällig und blind und durch natürliche Selektion entstanden ist?","If Darwin lived today, would he have imagined that the highly sophisticated information-processing system that our advanced technology allows us to see in action in cells came about randomly and blindly and by natural selection?"
Aktivität,Substantiv,fem.,die,0,B1,639,activity,"Rezession ist das temporäre Nachlassen wirtschaftlicher Aktivitäten während einer Zeit, in der diese üblicherweise zunehmen.",Recession is a temporary falling off of business activity during a period when such activity is generally increasing.
akzeptieren,Verb,nan,nan,0,B1,422,accept,"Ich akzeptiere, aber nur unter einer Bedingung.","I accept, but only under one condition."
Alarm,Substantiv,mask.,der,0,B1,93,alarm,Schalte den Alarm aus.,Turn off the alarm.
Alkohol,Substantiv,mask.,der,0,B1,633,alcohol,Haben Sie Getränke ohne Alkohol?,Do you have drinks without alcohol?
aller-,Affix,nan,nan,0,B1,1,nan,nan,nan
allerbest,Adjektiv,nan,nan,0,B1,1,nan,nan,nan
allerdings,Adverb,nan,nan,0,B1,2034,absolutely,nan,nan
allerschönst,Adjektiv,nan,nan,0,B1,nan,nan,nan,nan
allgemein,Adjektiv,nan,nan,0,B1,9461,common,"Wir, das Volk der Vereinigten Staaten, von der Absicht geleitet, unseren Bund zu vervollkommnen, die Gerechtigkeit zu verwirklichen, die Ruhe im Innern zu sichern, für die Landesverteidigung zu sorgen, das allgemeine Wohl zu fördern und das Glück der Freiheit uns selbst und unseren Nachkommen zu bewahren, setzen und begründen diese Verfassung für die Vereinigten Staaten von Amerika.","We the People of the United States, in Order to form a more perfect Union, establish Justice, insure domestic Tranquility, provide for the common defence, promote the general Welfare, and secure the Blessings of Liberty to ourselves and our Posterity, do ordain and establish this Constitution for the United States of America."
Alltag,Substantiv,mask.,der,0,B1,388,everyday life,Sie wollte dem Alltag entfliehen.,She wanted to get away from everyday life.
alltäglich,Adjektiv,nan,nan,0,B1,185,bread-and-butter,nan,nan
Alphabet,Substantiv,neutr.,das,0,B1,313,alphabet,"Nicolas meint, dass die Romanisierung des kyrillischen Alphabets genauso schön wie die Sonne ist, die die Augen verbrennt, wenn man sie ansieht.","Nicolas means that romanization of the Cyrillic alphabet is as beautiful as the sun, which burns your eyes when you look at it."
Altenheim,Substantiv,neutr.,das,0,B1,37,old peoples home,nan,nan
alternativ,Adjektiv,nan,nan,0,B1,275,alternative,Sie hatten keine alternativen Energien.,They had no alternative energy sources.
Alternative,Substantiv,fem.,die,0,B1,628,alternative,Das ist die einzige Alternative.,This is the only alternative.
Altersheim,Substantiv,neutr.,das,0,B1,2,old folks home,nan,nan
Amt,Substantiv,neutr.,das,0,B1,797,office,Er trat von seinem Amt zurück.,He resigned from his office.
amüsieren,Verb,nan,nan,0,B1,44,amuse,Sie amüsieren mich.,You amuse me.
analysieren,Verb,nan,nan,0,B1,275,analyze,Die Studenten müssen einen Auszug aus dem Buch analysieren.,The students have to analyze an excerpt from the book.
Anbieter,Substantiv,mask.,der,0,B1,174,provider,"Maria wollte ihren Geburtstagsgutschein, den ihr die Telefongesellschaft hatte zukommen lassen, einlösen, aber der Artikel war nicht mehr vorrätig, so dass sie ohne Geschenk traurig wieder abziehen musste.","Mary wanted to use the gift token the telephone company had given her, but the item she wanted was out of stock; she had to leave, heavy-hearted and empty-handed."
andererseits,Adverb,nan,nan,0,B1,478,on the other hand,Es gibt viele reiche Amerikaner.,There're many rich Americans.
anderseits,Adverb,nan,nan,0,B1,19,nan,nan,nan
andrerseits,Adverb,nan,nan,0,B1,8,nan,nan,nan
anerkennen,Verb,nan,nan,0,B1,519,acknowledge,Du solltest deinen Misserfolg anerkennen.,You should acknowledge your failure.
anfangs,Adverb,nan,nan,0,B1,190,at first,Er war anfangs schüchtern.,He was shy at first.
Angabe,Substantiv,fem.,die,0,B1,982,declaration,nan,nan
angeben,Verb,nan,nan,0,B1,684,boast,"Das ist nichts, mit dem sich gut angeben ließe.",It's not a thing one can well boast of.
Angehörige,Substantiv,"fem., mask.","die, der",0,B1,1268,affiliate,nan,nan
angenehm,Adjektiv,nan,nan,0,B1,294,agreeable,Sie hat eine angenehme Stimme.,She has an agreeable voice.
Angestellte,Substantiv,"mask., fem.","der, die",0,B1,nan,employee,nan,nan
anhaben,Verb,nan,nan,0,B1,67,harm,nan,nan
ankündigen,Verb,nan,nan,0,B1,343,announce,"Der Premierminister hat eine Pressekonferenz einberufen, um die Reformpläne anzukündigen.",The prime minister called a press conference to announce the planned reforms.
Anlage,Substantiv,fem.,die,0,B1,1080,attachment,nan,nan
Anleitung,Substantiv,fem.,die,0,B1,125,guidance,Ich brauche Anleitung.,I need some guidance.
annehmen,Verb,nan,nan,0,B1,1015,accept,"Ich habe seine Einladung erhalten, sie aber nicht angenommen.","I received an invitation from him, but didn't accept it."
Annonce,Substantiv,fem.,die,0,B1,28,ad,"Warum gibst du nicht eine Annonce in der örtlichen Zeitung auf, wenn du dein altes Sofa verkaufen willst?","If you want to sell your old sofa, why not put an ad in the local paper?"
anschaffen,Verb,nan,nan,0,B1,185,purchase,nan,nan
anschließen,Verb,nan,nan,0,B1,379,affiliate,nan,nan
anschnallen,Verb,nan,nan,0,B1,nan,buckle on,nan,nan
ansprechen,Verb,nan,nan,0,B1,384,accost,nan,nan
Anspruch,Substantiv,mask.,der,0,B1,759,claim,Er erhob Anspruch auf das Land.,He laid claim to the land.
anstellen,Verb,nan,nan,0,B1,307,accomplish,nan,nan
anstrengen,Verb,nan,nan,0,B1,101,make an effort,nan,nan
anstrengend,partizipiales Adjektiv,nan,nan,0,B1,218,demanding,Diese Aufgabe ist anstrengend.,This is a demanding task.
Antrag,Substantiv,mask.,der,0,B1,424,application,Die Bank lehnte meinen Antrag auf ein Studentendarlehnen ab.,The bank vetoed my student loan application.
Anwalt,Substantiv,mask.,der,0,B1,258,advocate,nan,nan
anwenden,Verb,nan,nan,0,B1,632,apply,Kannst du die Regeln nicht ein wenig flexibler anwenden?,Can't you apply the rules a little more elastically?
anwesend,Adjektiv,nan,nan,0,B1,201,present,Bis auf Tom waren alle anwesend.,All but Tom were present.
Anwältin,Substantiv,fem.,die,0,B1,31,advocate,nan,nan
Anzahl,Substantiv,fem.,die,0,B1,1053,number,"Die Anzahl an Japanern, die von Brot leben, hat zugenommen.",The number of Japanese who live on bread has increased.
anzeigen,Verb,nan,nan,0,B1,388,announce,"Die Zeit hat keine Trennlinien, um ihren Fortlauf anzuzeigen.","Time has no divisions to mark its passage, there is never a thunderstorm or blare of trumpets to announce the beginning of a new month or year."
Aprikose,Substantiv,fem.,die,0,B1,17,apricot,nan,nan
Arbeiter,Substantiv,mask.,der,0,B1,549,worker,Tom ist ein guter Arbeiter.,Tom is a good worker.
Arbeiterin,Substantiv,fem.,die,0,B1,83,labourer,nan,nan
Arbeitserlaubnis,Substantiv,fem.,die,0,B1,16,employment permit,nan,nan
Arbeitslosigkeit,Substantiv,fem.,die,0,B1,97,joblessness,nan,nan
Arbeitsstelle,Substantiv,fem.,die,0,B1,77,job,Ich habe die Arbeitsstelle gewechselt.,I've changed my job.
Architekt,Substantiv,mask.,der,0,B1,194,architect,Der Architekt adaptierte das Haus an die Bedürfnisse alter Menschen.,The architect adapted the house to the needs of old people.
Architektin,Substantiv,fem.,die,0,B1,17,architect,Maria ist Architektin.,Mary is an architect.
Art,Substantiv,fem.,die,0,B1,21480,Art,Wer kauft diese Art von Kunst?,Who buys this type of art?
Asyl,Substantiv,neutr.,das,0,B1,95,asylum,"Jeder hat das Recht, in anderen Ländern vor Verfolgung Asyl zu suchen und zu genießen.",Everyone has the right to seek and to enjoy in other countries asylum from persecution.
Atem,Substantiv,mask.,der,0,B1,439,breath,Sein Atem riecht nach Ziegenkäse.,His breath smells like goat cheese.
atmen,Verb,nan,nan,0,B1,1493,breathe,"Dies ist unsere Chance, auf diesen Ruf zu antworten.",This is our chance to answer that call.
Au,Symbol,nan,nan,0,B1,56,nan,nan,nan
Aufenthalt,Substantiv,mask.,der,0,B1,261,delay,nan,nan
auffallen,Verb,nan,nan,0,B1,305,attract attention,nan,nan
auffordern,Verb,nan,nan,0,B1,299,request,"Ich muss Sie auffordern, meine Anweisungen zu befolgen.",I must request you to obey my orders.
Aufforderung,Substantiv,fem.,die,0,B1,208,call,nan,nan
aufführen,Verb,nan,nan,0,B1,391,build,nan,nan
aufgeben,Verb,nan,nan,0,B1,524,assign,nan,nan
aufhalten,Verb,nan,nan,0,B1,488,balk,nan,nan
aufheben,Verb,nan,nan,0,B1,433,abolish,nan,nan
aufladen,Verb,nan,nan,0,B1,115,charge,Ich muss die Batterie meines Wagens aufladen.,I have to charge the battery of my car.
auflösen,Verb,nan,nan,0,B1,446,annul,nan,nan
aufmerksam,Adjektiv,nan,nan,0,B1,462,alert,nan,nan
Aufnahme,Substantiv,fem.,die,0,B1,646,absorption,nan,nan
aufnehmen,Verb,nan,nan,0,B1,1241,absorb,"Ich habe versucht, so viel von der einheimischen Kultur in mich aufzunehmen wie möglich.",I tried to absorb as much of local culture as possible.
aufschreiben,Verb,nan,nan,0,B1,127,make a note,nan,nan
Auftrag,Substantiv,mask.,der,0,B1,690,application,nan,nan
auftreten,Verb,nan,nan,0,B1,1308,act,Mit der Nummer kannst du im Zirkus auftreten!,With that act you could join the circus!
Auftritt,Substantiv,mask.,der,0,B1,328,appearance,nan,nan
aufwachen,Verb,nan,nan,0,B1,146,awake,"Ich zähle jetzt langsam bis drei, Maria, und Sie werden aufwachen.","I'm going to count up slowly to three, Mary, and you'll wake up."
aufwärts,Adverb,nan,nan,0,B1,170,upwards,nan,nan
Augenblick,Substantiv,mask.,der,0,B1,659,eyeblink,nan,nan
ausbilden,Verb,nan,nan,0,B1,541,educate,nan,nan
Ausdruck,Substantiv,mask.,der,0,B1,1601,expression,Ich werde den Ausdruck im Wörterbuch nachschlagen.,I'll look up the expression in the dictionary.
ausdrucken,Verb,nan,nan,0,B1,99,print,Können Sie mir dieses Dokument ausdrucken?,Can you print this document for me?
auseinander,Adverb,nan,nan,0,B1,521,apart,Der Junge nahm das Radio auseinander.,The boy took the radio apart.
Ausfahrt,Substantiv,fem.,die,0,B1,42,exit,Wir haben die Ausfahrt verpasst.,We missed the exit.
ausfallen,Verb,nan,nan,0,B1,306,cancelled,nan,nan
Ausgabe,Substantiv,fem.,die,0,B1,859,edition,Hätten Sie nicht auch eine billigere Ausgabe?,Haven't you got a cheaper edition?
ausgezeichnet,partizipiales Adjektiv,nan,nan,0,B1,59,decorated,Michael Phelps ist nun der am höchsten ausgezeichnete Olympionike aller Zeiten.,Michael Phelps is now the most decorated Olympian of all time.
Aushilfe,Substantiv,fem.,die,0,B1,19,help,Überall in der Stadt sieht man an den Fassaden der Läden Schilder mit der Aufschrift Aushilfe gesucht!,Help wanted signs are ubiquitous in storefronts across the city.
Ausnahme,Substantiv,fem.,die,0,B1,485,exception,Von dieser Regel gibt es keine Ausnahme.,This rule allows no exception.
ausreichen,Verb,nan,nan,0,B1,200,suffice,"Maria fürchtete, ihr Schoßhündchen könnte nicht als Vorwand für all ihre gasförmigen Emissionen herhalten, insbesondere wenn die anderen Zimmergenossen über geschulte Sinne verfügten.","Mary feared that her lap dog could not be the excuse for all of her emissions, especially when other cohabitants possessed refined senses."
ausrichten,Verb,nan,nan,0,B1,435,align,nan,nan
ausschließen,Verb,nan,nan,0,B1,497,banish,nan,nan
ausschließlich,Adverb,nan,nan,0,B1,817,exclusive,"Frustriert, weil er nicht mehr das ausschließliche Objekt ihrer Begierde war, ließ Tom ab von Mary.","Frustrated at not being the exclusive object of her desires anymore, Tom demoted Mary."
Aussprache,Substantiv,fem.,die,0,B1,221,discussion,nan,nan
ausstellen,Verb,nan,nan,0,B1,307,exhibit,"Er hofft, seine Gemälde in Japan ausstellen zu können.",He hopes to exhibit his paintings in Japan.
aussuchen,Verb,nan,nan,0,B1,222,choose,Jeder sollte sich zumindest ein Gedicht aussuchen und dieses auswendig lernen.,Everyone should choose at least one poem and learn it by heart.
Auswahl,Substantiv,fem.,die,0,B1,327,assortment,nan,nan
auswählen,Verb,nan,nan,0,B1,313,choose,"Würden Sie einige Kataloge schicken, die mir dabei helfen, ein Hotel auf dem normalen Postweg auszuwählen?","Would you send, by real mail, some brochures that will help me to choose a hotel?"
Autor,Substantiv,mask.,der,0,B1,875,author,Ihre Tochter ist mit einem jungen Autor durchgebrannt.,Her daughter ran away with a young author.
Autorin,Substantiv,fem.,die,0,B1,114,author,Danielle Steel ist die meistverkaufte Autorin der Gegenwart.,Danielle Steel is the bestselling author alive.
außen,Adverb,nan,nan,0,B1,777,external,Der Druck von außen wird immer stärker.,External pressure grows ever more intense.
Backofen,Substantiv,mask.,der,0,B1,2,oven,nan,nan
Backrohr,Substantiv,neutr.,das,0,B1,14,nan,nan,nan
Badewanne,Substantiv,fem.,die,0,B1,69,bath,"Ich war gerade in die Badewanne gestiegen, da klingelte das Telefon.",I had hardly got into the bath when the phone rang.
Ballett,Substantiv,neutr.,das,0,B1,72,ballet,Auch ich habe mich im Ballett versucht.,I'm having a bash myself at the ballet.
Bancomat,Substantiv,mask.,der,0,B1,14,ABM,nan,nan
Bancomatkarte,Substantiv,fem.,die,0,B1,nan,nan,nan,nan
Bankleitzahl,Substantiv,fem.,die,0,B1,9,routing number,nan,nan
Bankomat,Substantiv,mask.,der,0,B1,19,ABM,nan,nan
Bankomatkarte,Substantiv,fem.,die,0,B1,7,cash card,nan,nan
Bar,Substantiv,fem.,die,0,B1,2225,bar,Der Besitzer dieser Bar verkauft nie alkoholische Getränke auf Kredit.,The owner of this bar never sells liquor on credit.
Bargeld,Substantiv,neutr.,das,0,B1,116,bar money,nan,nan
Bart,Substantiv,mask.,der,0,B1,214,beard,Hast du schon einen Bart?,Have you got a beard already?
Batterie,Substantiv,fem.,die,0,B1,219,battery,Die Batterie ist leer.,The battery is flat.
Bau,Substantiv,mask.,der,0,B1,1132,building,Das Gebäude befindet sich im Bau.,The building is under construction.
Bauer,Substantiv,mask.,der,0,B1,973,Farmer,"Fällt der Bauer tot vom Traktor, steht am Waldrand ein Reaktor.","When the farmer drops dead off the tractor, then at the edge of the forest, there must be a reactor."
Bauernhof,Substantiv,mask.,der,0,B1,126,farm,Sie bauten einen Zaun um den Bauernhof.,They built a fence around the farm.
beachten,Verb,nan,nan,0,B1,327,be aware,nan,nan
Beamtin,Substantiv,fem.,die,0,B1,61,civil servant,nan,nan
beantragen,Verb,nan,nan,0,B1,238,apply for,Er will Arbeitslosengeld beantragen.,He wants to apply for JSA.
Bedarf,Substantiv,mask.,der,0,B1,409,need,Es gibt einen dringenden Bedarf an Wasser.,There is an urgent need for water.
Bedeutung,Substantiv,fem.,die,0,B1,2317,implications,nan,nan
bedienen,Verb,nan,nan,0,B1,592,operate,Niemand kann diese Maschine bedienen.,No one can operate this machine.
Bedienungsanleitung,Substantiv,fem.,die,0,B1,15,manual,"Wenn ich mir nur die Zeit genommen hätte, um die Bedienungsanleitung zu lesen!",If I'd only taken the time to read the instruction manual!
Bedingung,Substantiv,fem.,die,0,B1,777,circumstance,nan,nan
beeinflussen,Verb,nan,nan,0,B1,322,influence,"Übersetze den Satz, den du übersetzen willst.",Make a good translation of the sentence that you are translating.
befinden,Verb,nan,nan,0,B1,2850,be located,nan,nan
befreit,partizipiales Adjektiv,nan,nan,0,B1,12,nan,nan,nan
befriedigend,partizipiales Adjektiv,nan,nan,0,B1,149,acceptable,nan,nan
begegnen,Verb,nan,nan,0,B1,1072,come across,"Ist dir auf dem Weg hierher jemand begegnet, den du kennst?",Did you come across anyone you know on your way here?
begeistert,partizipiales Adjektiv,nan,nan,0,B1,285,ardent,nan,nan
Beginn,Substantiv,mask.,der,0,B1,1119,beginning,"Die Zeit hat keine Trennlinien, um ihren Fortlauf anzuzeigen.","Time has no divisions to mark its passage, there is never a thunderstorm or blare of trumpets to announce the beginning of a new month or year."
begleiten,Verb,nan,nan,0,B1,5397,accompany,Krieg wird von Elend und Trauer begleitet.,Misery and sorrow accompany war.
begrenzt,partizipiales Adjektiv,nan,nan,0,B1,186,bounded,nan,nan
Begründung,Substantiv,fem.,die,0,B1,164,establishment,nan,nan
begrüßen,Verb,nan,nan,0,B1,323,greet,"Er stand auf, um mich zu begrüßen.",He rose to his feet to greet me.
behalten,Verb,nan,nan,0,B1,4810,keep,Bitte behalte diese Information für dich.,Please keep this information to yourself.
behandeln,Verb,nan,nan,0,B1,5423,cover,nan,nan
behaupten,Verb,nan,nan,0,B1,754,allege,nan,nan
behindern,Verb,nan,nan,0,B1,325,hinder,"Hilft Ihnen Ihr Umfeld, Ihre Ziele zu erreichen, oder behindert es Sie?",Do your surroundings help you achieve your goals or hinder you?
Behörde,Substantiv,fem.,die,0,B1,944,agency,nan,nan
beinah,Adverb,nan,nan,0,B1,nan,nan,nan,nan
beinahe,Adverb,nan,nan,0,B1,407,almost,Er wäre beinahe vor Trauer verrückt geworden.,He was so sad that he almost went mad.
Beitrag,Substantiv,mask.,der,0,B1,482,article,Der Autor dieses Beitrags ist ein bekannter Kritiker.,The author of this article is a famous critic.
beißen,Verb,nan,nan,0,B1,1734,bite,Ich muss in den sauren Apfel beißen.,I must bite the sour apple.
bekannt geben,Verb,nan,nan,0,B1,nan,nan,nan,nan
bekanntgeben,Verb,nan,nan,0,B1,187,announce,Morgen werden sie den Gewinner bekanntgeben.,They will announce the winner tomorrow.
Beleg,Substantiv,mask.,der,0,B1,199,evidence,Kannst du mir irgendeinen Beleg für deine Aussage zeigen.,Can you show me any evidence for your statement?
beleidigen,Verb,nan,nan,0,B1,257,affront,nan,nan
bemerken,Verb,nan,nan,0,B1,597,comment,nan,nan
bemühen,Verb,nan,nan,0,B1,1502,consult,nan,nan
Benzin,Substantiv,"neutr., mask.",das,0,B1,205,gas,Uns ist das Benzin ausgegangen.,We have run out of gas.
benötigen,Verb,nan,nan,0,B1,1050,need,"Ich benötige einen Umschlag, Papier sowie einen Bleistift oder Füller.","I need an envelope, a piece of paper, and a pencil or a pen."
beobachten,Verb,nan,nan,0,B1,1046,observe,Lasst uns Sonnenflecken beobachten.,Let's observe sunspots.
Beratung,Substantiv,fem.,die,0,B1,174,advice,nan,nan
berechnen,Verb,nan,nan,0,B1,1512,calculate,"Um das Volumen zu berechnen, muss man die Länge mit der Breite multiplizieren und dann mit der Tiefe.","To calculate the volume, multiply the length by the width by the depth."
Bereich,Substantiv,"mask., neutr.",der,0,B1,3010,area,"Sie sprachen den Bahnangestellten an, aber der Mann hatte den Bereich verlassen und war durch die Bahnsteigsperre gegangen.",They contacted the station staff but the man had left the area and gone out through the ticket barrier.
bereit,Adjektiv,nan,nan,0,B1,3005,ready,"Es wird fünf bis zehn Jahre dauern, bis die Technologie bereit ist.",It will take five to ten years for the technology to be ready.
bereits,Adverb,nan,nan,0,B1,4391,already,Wie du bereits weißt.,As you already know.
Bericht,Substantiv,mask.,der,0,B1,769,report,Dieser Bericht lässt Zweifel zu.,This report admits of doubt.
beruflich,Adjektiv,nan,nan,0,B1,524,occupational,nan,nan
berufstätig,Adjektiv,nan,nan,0,B1,56,nan,nan,nan
beruhigen,Verb,nan,nan,0,B1,230,blow over,nan,nan
beschließen,Verb,nan,nan,0,B1,489,close,nan,nan
Beschreibung,Substantiv,fem.,die,0,B1,481,description,Er hat eine detaillierte Beschreibung des Unfalls gemacht.,He gave a detailed description of the accident.
beschränken,Verb,nan,nan,0,B1,580,limit,nan,nan
beschädigen,Verb,nan,nan,0,B1,369,damage,"Tom hatte Angst davor, dass der Taifun sein Haus beschädigte.",Tom was afraid that the typhoon would damage his house.
beschäftigen,Verb,nan,nan,0,B1,3671,absorb,nan,nan
Beschäftigung,Substantiv,fem.,die,0,B1,449,activity,"Gemeinden, die in hohem Maße von der Fischerei abhängen, müssen viel größere Umstrukturierungsprozesse durchmachen, da die Beschäftigung in der Fischereiflotte zurückgeht.","Communities that are highly dependent on fishing must implement much broader restructuring processes, since the activity of fishing fleets is decreasing."
besetzen,Verb,nan,nan,0,B1,1788,decorate,nan,nan
besonder,Adjektiv,nan,nan,0,B1,nan,nan,nan,nan
besorgen,Verb,nan,nan,0,B1,253,apprehend,nan,nan
besprechen,Verb,nan,nan,0,B1,371,discuss,Das werden wir später besprechen.,We will discuss that later.
Besprechung,Substantiv,fem.,die,0,B1,102,discussion,Die Besprechung wurde abgesagt.,The discussion was being cancelled.
Besserung,Substantiv,fem.,die,0,B1,62,amendment,nan,nan
bestimmt,partizipiales Adjektiv,nan,nan,0,B1,14586,certain,Ich fühle mich zu einem bestimmten Jungen in meiner Klasse hingezogen.,I am attracted to a certain boy in my class.
bestrafen,Verb,nan,nan,0,B1,296,punish,Im Namen des Mondes werden wir dich bestrafen!,"In the name of the moon, we'll punish you!"
Bestätigung,Substantiv,fem.,die,0,B1,109,acknowledgement,nan,nan
beteiligen,Verb,nan,nan,0,B1,732,give a share in,nan,nan
Betrag,Substantiv,mask.,der,0,B1,287,absolute value,nan,nan
betreuen,Verb,nan,nan,0,B1,296,take care of,"Mir ist es nicht so gut, dass ich andere betreuen kann.",I'm not well enough to take care of others.
Betreuer,Substantiv,mask.,der,0,B1,50,advisor,"Der Student ist optimistisch, sein Betreuer jedoch ist Pessimist.","The student is optimistic, but his advisor is a pessimist."
Betreuerin,Substantiv,fem.,die,0,B1,24,advisor,nan,nan
Betreuung,Substantiv,fem.,die,0,B1,171,care,nan,nan
Betrieb,Substantiv,mask.,der,0,B1,1119,business,Er überließ seinem Sohn den Betrieb.,He turned over the business to his son.
Betriebsrat,Substantiv,mask.,der,0,B1,64,works council,nan,nan
Betriebsrätin,Substantiv,fem.,die,0,B1,6,nan,nan,nan
betrunken,partizipiales Adjektiv,nan,nan,0,B1,439,drunk,"Entweder er ist betrunken, oder er ist verrückt.",He is either drunk or mad.
betrügen,Verb,nan,nan,0,B1,106,befool,nan,nan
bevor,Konjunktion,nan,nan,0,B1,1641,before,"Nicht öffnen, bevor der Zug hält.",Don't open before the train stops.
Bevölkerung,Substantiv,fem.,die,0,B1,1172,population,Coles Axiom: Die Summe der Intelligenz auf der Erde ist eine Konstante; die Bevölkerung wächst ständig.,Cole's Axiom: The sum of the intelligence on the planet is a constant; the population is growing.
Beweis,Substantiv,mask.,der,0,B1,406,evidence,"Gibt es irgendwelche Beweise, um ihn als schuldig zu überführen?",Do you have any evidence to prove him guilty?
beweisen,Verb,nan,nan,0,B1,537,prove,"Was glauben Sie ist wahr, obwohl Sie es nicht beweisen können?",What do you believe is true even though you cannot prove it?
Bewohner,Substantiv,mask.,der,0,B1,852,inhabitant,Bleiben Sie bei uns!,Stay with us!
Bewohnerin,Substantiv,fem.,die,0,B1,123,inhabitant,nan,nan
Beziehung,Substantiv,fem.,die,0,B1,1165,affair,nan,nan
bieten,Verb,nan,nan,0,B1,14544,accept,nan,nan
Bildschirm,Substantiv,mask.,der,0,B1,222,screen,"Das Ziel dieses Spiels ist, alle Bomben auf dem Bildschirm explodieren zu lassen.",The aim of this game is to explode all the bombs on the screen.
Billet,Substantiv,neutr.,das,0,B1,20,nan,nan,nan
Billett,Substantiv,neutr.,das,0,B1,35,nan,nan,nan
bio,Adjektiv,nan,nan,0,B1,11,nan,nan,nan
bio-,Affix,nan,nan,0,B1,nan,nan,nan,nan
Biologie,Substantiv,fem.,die,0,B1,181,biology,Ich mochte Biologie noch nie.,I never liked biology.
biologisch,Adjektiv,nan,nan,0,B1,462,biological,"Künstliche neuronale Netze können benutzt werden, um biologische neuronale Netze zu verstehen oder Probleme künstlicher Intelligenz zu lösen, ohne notwendigerweise Modelle von echten biologischen Systemen zu schaffen.","Artificial neural networks can be used to understand biological neural networks, or to solve problems of artificial intelligence, without necessarily creating models of real biological systems."
bisher,Adverb,nan,nan,0,B1,1241,hitherto,nan,nan
blass,Adjektiv,nan,nan,0,B1,1,pale,Sein blasses Gesicht errötete durch die Aufregung.,His pale face showed a flush of excitement.
blind,Adjektiv,nan,nan,0,B1,1369,blind,"Man sagt, Liebe mache blind.",They say love is blind.
Blitz,Substantiv,mask.,der,0,B1,187,flash,Der Blitz geht dem Schall des Donners voraus.,The flash of lightning precedes the sound of thunder.
blitzen,Verb,nan,nan,0,B1,390,flash,Warum blitzt der Blitz und donnert der Donner?,Why does lightning flash and thunder rumble?
bloß,Adverb,nan,nan,0,B1,662,bare,Ich kann dich mit meinen bloßen Händen zerreißen.,I can rip you apart with my bare hands.
bluten,Verb,nan,nan,0,B1,452,bleed,Sein verwundetes Bein begann erneut zu bluten.,His wounded leg began to bleed again.
blühen,Verb,nan,nan,0,B1,602,bloom,Einige Blumen blühen im Frühling und andere im Herbst.,Some flowers bloom in spring and others in autumn.
Boden,Substantiv,mask.,der,0,B1,2450,Loft,nan,nan
Boot,Substantiv,neutr.,das,0,B1,1089,auxiliary ship,nan,nan
Botschaft,Substantiv,fem.,die,0,B1,350,embassy,Ist die Botschaft hier rechts?,Is the embassy here to the right?
Braten,Substantiv,mask.,der,0,B1,5,joint,nan,nan
brechen,Verb,nan,nan,0,B1,16313,breach,"Es ist ein Brauch, den zu brechen mehr ehrt, als ihm zu folgen.",It is a custom more honored in the breach than the observance.
Bremse,Substantiv,fem.,die,0,B1,143,brake,Er stieg plötzlich mit dem Fuß auf die Bremse.,He put his foot on the brake suddenly.
bremsen,Verb,nan,nan,0,B1,435,brake,Scheibenbremsen bremsen besser als solche mit Bremsschuhen.,Disc brakes brake better than those which use brake shoes.
brennen,Verb,nan,nan,0,B1,4105,be,"Kann auch jemand ein Feuer im Busen behalten, dass seine Kleider nicht brennen?","Can a man take fire in his bosom, and his clothes not be burned?"
Briefkasten,Substantiv,mask.,der,0,B1,108,collection box,nan,nan
Brieftasche,Substantiv,fem.,die,0,B1,54,wallet,In meiner Brieftasche war kein Geld mehr.,There was no money left in my wallet.
Briefträger,Substantiv,mask.,der,0,B1,38,letter carrier,nan,nan
Briefträgerin,Substantiv,fem.,die,0,B1,7,nan,nan,nan
Briefumschlag,Substantiv,mask.,der,0,B1,41,envelope,Ich habe seine Adresse auf die Rückseite des Briefumschlags geschrieben.,I've written his address on the back of the envelope.
Broschüre,Substantiv,fem.,die,0,B1,49,brochure,Könnten Sie mir eine Broschüre zusenden?,Could you send me a brochure?
Brust,Substantiv,fem.,die,0,B1,25547,boob,nan,nan
Brötli,Substantiv,neutr.,das,0,B1,nan,nan,nan,nan
Bub,Substantiv,mask.,der,0,B1,45,lad,nan,nan
Buchhandlung,Substantiv,fem.,die,0,B1,73,bookshop,Ich arbeite bis Ende September Vollzeit in einer Buchhandlung.,I'm working full-time in a bookshop until the end of September.
Buffet,Substantiv,neutr.,das,0,B1,69,nan,nan,nan
Burg,Substantiv,fem.,die,0,B1,310,castle,Morgen machen wir einen Ausflug zur Burg von Osaka.,We are going on a school trip to Osaka Castle tomorrow.
Büchse,Substantiv,fem.,die,0,B1,150,brat,nan,nan
Büfett,Substantiv,neutr.,das,0,B1,37,buffet,nan,nan
Bühne,Substantiv,fem.,die,0,B1,522,attic,nan,nan
Bürger,Substantiv,mask.,der,0,B1,869,bourgeois,nan,nan
Bürgerin,Substantiv,fem.,die,0,B1,100,burgess,nan,nan
Bürste,Substantiv,fem.,die,0,B1,57,brush,"Geh, sei so gut und sag deiner Schwester, sie soll die Kleider für eure Mutter fertig nähen und mit der Bürste rein machen.","Be so good as to go and tell your sister, she has to finish sewing the clothes for your mother, and then clean them with the brush."
Chance,Substantiv,fem.,die,0,B1,558,chance,Jeder verdient eine zweite Chance.,Everyone deserves a second chance.
chic,Adjektiv,nan,nan,0,B1,nan,nan,nan,nan
Chipkarte,Substantiv,fem.,die,0,B1,nan,chip card,nan,nan
Coiffeur,Substantiv,mask.,der,0,B1,10,nan,nan,nan
Coiffeuse,Substantiv,fem.,die,0,B1,nan,nan,nan,nan
Couch,Substantiv,fem.,die,0,B1,79,couch,Tom ruht sich nach einem langen Tag gern auf der Couch aus.,Tom likes to rest on the couch after a long day.
Cousin,Substantiv,mask.,der,0,B1,58,cousin,Er ist nicht mein Cousin.,He isn't my cousin.
Cousine,Substantiv,fem.,die,0,B1,75,cousin,"Helen, dies ist meine Cousine.","Helen, this is my cousin."
Couvert,Substantiv,neutr.,das,0,B1,9,envelope,nan,nan
Dach,Substantiv,neutr.,das,0,B1,829,roof,"Alles, was sie jetzt wollen, ist ein Dach über dem Kopf.",Now all they want is a roof over their heads.
daher,Pronominaladverb,nan,nan,0,B1,1894,ergo,nan,nan
dahin,Pronominaladverb,nan,nan,0,B1,520,then,"Ich hoffe, dass sich dieses gute Wetter bis dahin hält.",I hope this good weather will hold till then.
damit,Konjunktion,nan,nan,0,B1,12584,in order to,"Damit wir uns und auch andere an diesen Tag erinnern, bitte ich alle, mit uns einen Baum zu pflanzen.","In order to make us and everyone else remember this day, I ask everyone to plant a tree with us."
danach,Pronominaladverb,nan,nan,0,B1,1127,accordingly,"Jetzt weiß ich, was auf mich zukommt, und kann danach handeln.",Now I know what's in store for me and can act accordingly.
dankbar,Adjektiv,nan,nan,0,B1,198,grateful,Ich bin mehr als dankbar für deine Hilfe.,I am more than grateful to you for your help.
darstellen,Verb,nan,nan,0,B1,1650,represent,"Diese Figur soll Marilyn Monroe darstellen, aber ich denke nicht, dass sie ihr gerecht wird.","This figure is supposed to represent Marilyn Monroe, but I don't think it does her justice."
Darstellung,Substantiv,fem.,die,0,B1,1017,exposition,Ich fand die Darstellung des Buches oberflächlich.,I found the book's exposition shallow.
dasselbe,Demonstrativpronomen,neutr.,nan,0,B1,502,nan,nan,nan
Daten,Substantiv,nan,nan,1,B1,39,data,nan,nan
Dauer,Substantiv,fem.,die,0,B1,521,duration,"Länge hat nichts mit Tiefe, Dauer nichts mit Intensität zu tun.","Just as length has nothing to do with depth, duration has nothing to do with intensity."
dauernd,partizipiales Adjektiv,nan,nan,0,B1,375,continuous,nan,nan
Decke,Substantiv,fem.,die,0,B1,646,blanket,Könntest du mir eine Decke bringen?,Could you bring me a blanket?
dekorieren,Verb,nan,nan,0,B1,240,decorate,Sie können den Cocktail mit einer Kirsche oder mit Ananas dekorieren.,You can decorate the cocktail with a cherry or a pineapple.
Denkmal,Substantiv,neutr.,das,0,B1,169,monument,Es ist vor dem Denkmal.,It is in front of the monument.
derselbe,Demonstrativpronomen,mask.,nan,0,B1,2137,same,Mein Bruder und ich gehen auf dieselbe Schule.,My brother goes to the same school I do.
Dessert,Substantiv,neutr.,das,0,B1,86,dessert,Was für Obst hättest du gerne zum Dessert?,What fruit would you like to have for dessert?
desto,Konjunktion,nan,nan,0,B1,394,all the,"Ich habe mich mehr als üblich angestrengt, und deshalb bin desto müder.","I tried harder than usual, so I'm all the more exhausted."
deswegen,Konjunktion,nan,nan,0,B1,381,for this reason,"Die Delphine haben mindestens die Intelligenz der Menschen, doch keine Arme und Hände, deswegen haben sie die Welt nie erobert, und deswegen zerstören sie die Welt nicht.","Dolphins have at least the intelligence of humans, but no arms and hands; for this reason they have never conquered the world, and for this reason they are not destroying the world."
Detail,Substantiv,neutr.,das,0,B1,311,detail,"Professoren sollten alles im Detail erklären, nicht knapp sein und immer ihren Studenten auftragen, heimzugehen und ihre Bücher zu lesen.","Professors should explain everything in detail, not be succinct and always tell students to go home and read their books."
Dialekt,Substantiv,mask.,der,0,B1,659,dialect,Tom macht sich immer über John wegen dessen Dialekt lustig.,Tom always makes fun of John because of his dialect.
Dialog,Substantiv,mask.,der,0,B1,161,dialog box,nan,nan
dicht,Adjektiv,nan,nan,0,B1,25181,close,Sie stand dicht bei ihm.,She stood close to him.
Dieb,Substantiv,mask.,der,0,B1,386,thief,Er ist ein Dieb.,He is a thief.
dienen,Verb,nan,nan,0,B1,21848,be on active service,nan,nan
Dienst,Substantiv,mask.,der,0,B1,2023,duty,Der Polizist ist jetzt im Dienst.,The policeman is now on duty.
dies,Demonstrativpronomen,neutr.,nan,0,B1,nan,this,nan,nan
diese,Demonstrativpronomen,fem.,nan,0,B1,nan,nan,nan,nan
dieselbe,Demonstrativpronomen,fem.,nan,0,B1,nan,nan,nan,nan
dieser,Demonstrativpronomen,mask.,nan,0,B1,56606,this,Die Ausbildung in dieser Welt enttäuscht mich.,Education in this world disappoints me.
dieses,Demonstrativpronomen,neutr.,nan,0,B1,nan,nan,nan,nan
diesmal,Adverb,nan,nan,0,B1,353,this time,Hat Bob die Firma diesmal endgültig verlassen?,Has Bob left the company for good this time?
digital,Adjektiv,nan,nan,0,B1,162,digital,"Ich werde mir eine neue Kamera kaufen, dieses Mal eine digitale.","I'm going to buy myself a new camera, digital this time."
Diplom,Substantiv,neutr.,das,0,B1,12,certificate,nan,nan
Direktor,Substantiv,mask.,der,0,B1,253,director,Sie ernannten ihn zum Direktor.,They appointed him as a director.
Direktorin,Substantiv,fem.,die,0,B1,39,director,"Laurie Essig ist Professorin und Direktorin für Gender, sexuality and feminist studies (Geschlechter-, Sexual- und feministische Forschung) am Middlebury College sowie Autorin des Buches Love, Inc.","Laurie Essig is a professor and director of gender, sexuality and feminist studies at Middlebury College and the author of Love, Inc."
Diskothek,Substantiv,fem.,die,0,B1,53,club,Warum waren Sie gestern nicht in der Diskothek?,Why weren't you at the dance club last night?
Diskussion,Substantiv,fem.,die,0,B1,537,discussion,Lasst uns die Diskussion fortsetzen.,Let's carry on the discussion.
Distanz,Substantiv,fem.,die,0,B1,263,distance,"Es gibt keine Distanz auf der Erde, die so weit entfernt ist wie gestern.",There is no distance on this earth as far away as yesterday.
Diät,Substantiv,fem.,die,0,B1,104,diet,"Wir werden heute Abend viel essen, ich hoffe also, dass du nicht auf Diät bist.",We're going to eat a lot tonight so I hope you're not on a diet.
Doktorin,Substantiv,fem.,die,0,B1,14,nan,nan,nan
Dokument,Substantiv,neutr.,das,0,B1,571,document,Auf dem Dokument stand seine Unterschrift.,The document bore his signature.
Donner,Substantiv,mask.,der,0,B1,32,Thor,nan,nan
donnern,Verb,nan,nan,0,B1,654,thunder,"Wenn ich es donnern höre, wird mir angst und bange.","When I hear thunder, I get very scared."
doppel-,Affix,nan,nan,0,B1,nan,nan,nan,nan
doppelt,Adjektiv,nan,nan,0,B1,5855,double,Die Preise sind doppelt so hoch wie vor zehn Jahren.,Prices are double what they were ten years ago.
Dose,Substantiv,fem.,die,0,B1,242,box,In der Dose waren nur noch Krümel.,There were only crumbs left in the box.
Dreck,Substantiv,mask.,der,0,B1,287,crap,nan,nan
drehen,Verb,nan,nan,0,B1,12618,shoot,nan,nan
drin,Pronominaladverb,nan,nan,0,B1,139,inside,Diese Kiste wiegt eine Tonne.,This box weighs a ton.
Droge,Substantiv,fem.,die,0,B1,433,drug,"Im Kampf gegen die Drogen begehen wir einen großen Fehler, wenn wir dem Gedanken Raum geben, dass dies ein verlorener Krieg ist und dass es aus scheinheilig als wirtschaftlich bezeichneten Gründen nicht die Mühe lohnt, die der Dimension dieser Geißel angemessenen finanziellen Mittel aufzuwenden.","In our fight against drug abuse we shall be committing a serious mistake if we begin to admit that it is a 'lost war' and that, for hypocritically economically-based questions, it is not worthwhile investing enough money to deal with the size of this scourge."
Drogerie,Substantiv,fem.,die,0,B1,19,druggist’s,nan,nan
Druck,Substantiv,mask.,der,0,B1,2886,pressing,nan,nan
durcheinander,Adverb,nan,nan,0,B1,188,chaotic,nan,nan
Durchschnitt,Substantiv,mask.,der,0,B1,238,average,Ihre Noten waren in diesem Trimester schlechter als der Durchschnitt.,Your marks were well below average this term.
durchschnittlich,Adjektiv,nan,nan,0,B1,441,average,Er bekommt bestenfalls eine durchschnittliche Note.,He will get an average mark at best.
durstig,Adjektiv,nan,nan,0,B1,120,thirsty,Ich bin sehr durstig.,I'm very thirsty.
duzen,Verb,nan,nan,0,B1,78,be on first-name terms,nan,nan
eben,Adverb,nan,nan,0,B1,1508,even,"Wenn aber gleich alle unsere Erkenntnis mit der Erfahrung anhebt, so entspringt sie darum doch nicht eben alle aus der Erfahrung.","Even though all our knowledge begins with experience, it doesn't all come from experience."
ebenfalls,Konjunktion,nan,nan,0,B1,1360,also,"Ein Viertel der weltweiten Kohlendioxidemissionen stammen aus Amerika, dessen Pro-Kopf-Emissionen ebenfalls die höchsten der Welt sind.",1/4 of the world's carbon dioxide emissions are from America: its per-capita emissions are also the greatest in the world.
ebenso,Adverb,nan,nan,0,B1,1571,as well,Er kann seine Untaten ebenso gut zugeben.,He may as well confess his crimes.
EC-Karte,Substantiv,fem.,die,0,B1,nan,nan,nan,nan
Eck,Substantiv,neutr.,das,0,B1,108,nan,nan,nan
eckig,Adjektiv,nan,nan,0,B1,141,angular,Ein Briefumschlag ist normalerweise eckig und dünn.,An envelope is normally angular and thin.
Ehe,Substantiv,fem.,die,0,B1,498,marriage,Ihre Ehe zerbrach im vergangenen Jahr.,Their marriage broke up last year.
Ehepaar,Substantiv,neutr.,das,0,B1,119,married couple,Wir sind ein Ehepaar.,We're a married couple.
eher,Komparativ,nan,nan,0,B1,1674,earlier,Ich bin eher als meine Schwester gegangen.,I left earlier than my sister.
ehrlich,Adjektiv,nan,nan,0,B1,707,honest,Sie ist anscheinend eine ehrliche Frau.,She is apparently an honest woman.
eignen,Verb,nan,nan,0,B1,1800,suit,nan,nan
Eile,Substantiv,fem.,die,0,B1,205,hurry,Lass dir Zeit!,Take your time.
eilen,Verb,nan,nan,0,B1,3204,be urgent,nan,nan
ein paar,Indefinitpronomen,nan,nan,0,B1,nan,a couple of,nan,nan
Einbahnstraße,Substantiv,fem.,die,0,B1,12,one-way,"Passen Sie auf, dass Sie in einer Einbahnstraße nicht in die falsche Richtung fahren.",Be careful not to drive the wrong way on a one-way street.
einbrechen,Verb,nan,nan,0,B1,173,break down,nan,nan
Einbrecher,Substantiv,mask.,der,0,B1,70,burglar,"Als ich aufwachte, war ein Einbrecher in meinem Zimmer.",I awoke to find a burglar in my room.
Einbrecherin,Substantiv,fem.,die,0,B1,11,burglar,Ich habe das Gesicht der Einbrecherin nicht gesehen.,I didn't get a look at the burglar's face.
Einbruch,Substantiv,mask.,der,0,B1,158,breach,nan,nan
eindeutig,Adjektiv,nan,nan,0,B1,667,clear,"Das ist ein eindeutiger Schuldbeweis, sagte Tom.","That's clear evidence of guilt, said Tom."
Eindruck,Substantiv,mask.,der,0,B1,652,impression,"Ich hatte nicht vor, diesen Eindruck bei dir zu hinterlassen.",I didn't mean to give you that impression.
einerseits,Adverb,nan,nan,0,B1,358,on one side,nan,nan
Einfahrt,Substantiv,fem.,die,0,B1,87,driveway,Tom zog seinen Wagen auf die Einfahrt.,Tom pulled his car into the driveway.
Einfall,Substantiv,mask.,der,0,B1,91,idea,Von wem stammt dieser Einfall eigentlich?,Who came up with that idea in the first place?
einfallen,Verb,nan,nan,0,B1,144,come to mind,nan,nan
Einfluss,Substantiv,mask.,der,0,B1,648,influence,Er hat großen Einfluss in der Welt der Medizin.,He has great influence over the medical world.
einfügen,Verb,nan,nan,0,B1,247,insert,nan,nan
einführen,Verb,nan,nan,0,B1,666,adopt,nan,nan
Einführung,Substantiv,fem.,die,0,B1,389,adoption,nan,nan
einheitlich,Adjektiv,nan,nan,0,B1,488,uniform,Die neuen Häuser haben eine einheitliche Höhe.,The new houses are of a uniform height.
einigen,Verb,nan,nan,0,B1,1494,agree,"Einigen wir uns einfach darauf, dass wir uns nicht einigen.",Let's just agree to disagree.
Einkauf,Substantiv,mask.,der,0,B1,153,buying,"Sie kauft bei jedem Einkauf letztlich mehr, als sie sich leisten kann.","Whenever she goes shopping, she ends up buying more than she can afford."
Einkommen,Substantiv,neutr.,das,0,B1,407,income,"Wenn ich 25% mehr Einkommen hätte, wäre ich zufriedener mit meinem Leben.","If I had 25% more income, I'd be more satisfied with my life."
Einnahme,Substantiv,fem.,die,0,B1,324,capture,nan,nan
einnehmen,Verb,nan,nan,0,B1,602,adopt,"Moralische Grundsätze sind einfach nur die Haltung, die wir gegenüber Leuten einnehmen, die wir nicht leiden können.",Morality is simply the attitude we adopt toward people we dislike.
einrichten,Verb,nan,nan,0,B1,553,arrange,"Könntest du es einrichten, um fünf hier zu sein?",Could you arrange to be here at five?
Einrichtung,Substantiv,fem.,die,0,B1,1108,design,nan,nan
einsam,Adjektiv,nan,nan,0,B1,221,alone,"Tom, einsam, über den linken Satzrand gebeugt, konnte sich nicht überwinden zu springen, um der ganzen Geschichte ein Ende zu setzen.","Tom, alone, bent over the left edge of the sentence, was hesitating to jump, to put an end to this entire story."
einschalten,Verb,nan,nan,0,B1,229,interpolate,nan,nan
einschließlich,Präposition,nan,nan,0,B1,259,including,"Ein kluger Leser sollte bereit sein, alles abzuwägen, was er liest, einschließlich der anonymen Quellen.","An astute reader should be willing to weigh everything they read, including anonymous sources."
Einschreiben,Substantiv,neutr.,das,0,B1,165,registered letter,Er erhielt ein Einschreiben.,He received a registered letter.
einsetzen,Verb,nan,nan,0,B1,1999,advocate,nan,nan
einstellen,Verb,nan,nan,0,B1,727,adjust,"Um die Tür einzustellen, verwenden wir Beilagscheiben.","To adjust the door, we use shims."
eintreten,Verb,nan,nan,0,B1,595,enter,Lass ihn eintreten.,Let him enter.
Einwohner,Substantiv,mask.,der,0,B1,908,inhabitant,nan,nan
Einwohnerin,Substantiv,fem.,die,0,B1,131,inhabitant,nan,nan
einzahlen,Verb,nan,nan,0,B1,106,deposit,Ich habe tausend Dollar in die Bank eingezahlt.,"I made a deposit of $1,000 at the bank."
Einzahlung,Substantiv,fem.,die,0,B1,11,deposit,nan,nan
einzel-,Affix,nan,nan,0,B1,nan,nan,nan,nan
Einzelheit,Substantiv,fem.,die,0,B1,173,detail,"Wenn du zu mir nach Hause kommst, erzähl ich dir die Geschichte in allen Einzelheiten.","If you come to my house, I will tell you the story in detail."
einzig,Adjektiv,nan,nan,0,B1,1655,only,"Mathe zu machen ist die einzige gesellschaftlich akzeptable Art, sich in der Öffentlichkeit selbstzubefriedigen.",Doing math is the only socially acceptable way to masturbate in public.
Eisenbahn,Substantiv,fem.,die,0,B1,218,railroad,"Ein Mensch, der nie eine Schule besuchte, stiehlt vielleicht etwas aus einem Güterwagen, aber wenn er eine Universitätsausbildung hat, könnte er die ganze Eisenbahn stehlen.","A man who has never gone to school may steal from a freight car, but if he has a university education, he may steal the whole railroad."
elegant,Adjektiv,nan,nan,0,B1,243,elegant,Manuelas Kleider sind sehr elegant.,Manuela's dresses are very elegant.
elektr-,Affix,nan,nan,0,B1,nan,nan,nan,nan
elektrisch,Adjektiv,nan,nan,0,B1,4220,electric,Wir haben neue Daten über Produktion und Verkauf von elektrischen Fliegenklatschen weltweit.,We have new data about production and sale of electric fly swatters worldwide.
elektro-,Affix,nan,nan,0,B1,nan,nan,nan,nan
elektronisch,Adjektiv,nan,nan,0,B1,1130,electronic,"Das Gute an diesem elektronischen Wörterbuch ist, dass man es leicht mit sich führen kann.",The good thing about this electronic dictionary is that it's easy to carry.
Empfang,Substantiv,mask.,der,0,B1,278,reception,Am Empfang stellte er mich seiner Verwandtschaft vor.,He introduced me to his relatives at the reception.
empfangen,Verb,nan,nan,0,B1,469,conceive,nan,nan
Empfehlung,Substantiv,fem.,die,0,B1,170,recommendation,"Das war eine Empfehlung, kein Befehl.","That was a recommendation, not a command."
endgültig,Adjektiv,nan,nan,0,B1,362,definitive,Ich kann Ihnen heute keine endgültige Antwort geben.,I can't give you a definitive answer today.
Energie,Substantiv,fem.,die,0,B1,1205,energy,Kinder sind voller Energie.,Children are full of energy.
Enkel,Substantiv,mask.,der,0,B1,125,descendant,nan,nan
Enkelin,Substantiv,fem.,die,0,B1,41,granddaughter,"Das ist Nina, deine Enkelin.","This is Nina, your granddaughter."
entdecken,Verb,nan,nan,0,B1,2816,descry,nan,nan
entfernen,Verb,nan,nan,0,B1,1890,delete,Bitte entferne den Kommentar.,"Delete the comment, please."
Entfernung,Substantiv,fem.,die,0,B1,669,distance,Deine Intelligenz ist genauso groß wie die Entfernung zwischen Bombay und Mumbai.,Your intelligence is as vast as the distance between Bombay and Mumbai.
entgegenkommen,Verb,nan,nan,0,B1,124,approach,nan,nan
enthalten,Verb,nan,nan,0,B1,4391,abstain,"Tom sollte sich des Rauchens und Trinkens enthalten, so war ihm gesagt worden.",Tom was told to abstain from smoking and drinking.
entlang,nan,nan,nan,0,B1,837,along,Wir gingen einen schmalen Pfad entlang.,We walked along a narrow path.
entlassen,Verb,nan,nan,0,B1,289,discharge,Er wurde ehrenvoll aus dem Militärdienst entlassen.,He received an honorable discharge from the army.
Entlassung,Substantiv,fem.,die,0,B1,124,discharge,nan,nan
entscheiden,Verb,nan,nan,0,B1,6821,decide,"Das Leben beginnt, wenn man entscheidet, was man von ihm erwartet.",Life starts when you decide what you are expecting from it.
Entscheidung,Substantiv,fem.,die,0,B1,1045,decision,"Wahrscheinlich war es das, was ihre Entscheidung beeinflusst hat.",That was probably what influenced their decision.
entschließen,Verb,nan,nan,0,B1,92,decide,"Ich kann mich nicht entschließen, ob ich dem Club beitreten soll oder nicht.",I can't decide whether to join that club.
entschlossen,partizipiales Adjektiv,nan,nan,0,B1,331,decided,"Sie hat sich entschlossen, zurückzutreten.",She decided to resign.
entsorgen,Verb,nan,nan,0,B1,226,dispose,Wo sollten wir den Abfall entsorgen?,Where should we dispose of the waste?
entspannen,Verb,nan,nan,0,B1,230,relax,Ich habe Lust auf eine Massage.,I want a massage.
entstehen,Verb,nan,nan,0,B1,3193,arise,Wie ist dieses Missverständnis überhaupt entstanden?,How did this misunderstanding ever arise?
enttäuschen,Verb,nan,nan,0,B1,241,disappoint,"Ich hatte nicht vor, sie zu enttäuschen.",I did not mean to disappoint her.
Enttäuschung,Substantiv,fem.,die,0,B1,107,disappointment,Ihre Enttäuschung war für alle offensichtlich.,Her disappointment was apparent to everyone.
entweder,Konjunktion,nan,nan,0,B1,1575,either,"Entweder er ist betrunken, oder er ist verrückt.",He is either drunk or mad.
entwickeln,Verb,nan,nan,0,B1,11447,develop,"Die Verpflichtung zum Schulbesuch wird selten analysiert in der Vielzahl der Werke, die den mannigfaltigen Arten gewidmet sind, bei Kindern den Wunsch zu lernen zu entwickeln.",The mandatory character of schooling is rarely analyzed in the multitude of works dedicated to the study of the various ways to develop within children the desire to learn.
Entwickelung,Substantiv,fem.,die,0,B1,10,nan,nan,nan
Entwicklung,Substantiv,fem.,die,0,B1,1709,development,Die Kreativität ist ein wichtiger Aspekt für die Entwicklung des Menschen.,Creativity is an important aspect of human development.
Erdapfel,Substantiv,mask.,der,0,B1,10,nan,nan,nan
Erde,Substantiv,fem.,die,0,B1,2130,earth,"Die einzige Möglichkeit auf der Erde, Glück zu vervielfachen, ist, es zu teilen.",The only way on Earth to multiply happiness is to divide it.
ereignen,Verb,nan,nan,0,B1,217,happen,Verkehrsunfälle ereignen sich täglich.,Traffic accidents happen daily.
Ereignis,Substantiv,neutr.,das,0,B1,1178,event,Dies ist ein wichtiges Ereignis.,This is an important event.
erfahren,Verb,nan,nan,0,B1,1057,experience,"Wir erfahren und verstehen die Welt durch Signale, die von den Sinnesorganen empfangen und vom Gehirn interpretiert werden - und beide Etappen dieses Prozesses sind Verzerrungen unterworfen.",We experience and understand the world through signals that are received by the senses and interpreted by the brain - and both stages are subject to distortion.
erfinden,Verb,nan,nan,0,B1,442,fabricate,nan,nan
Erfindung,Substantiv,fem.,die,0,B1,267,invention,Die Waschmaschine ist eine wundervolle Erfindung.,The washing machine is a wonderful invention.
Erfolg,Substantiv,mask.,der,0,B1,1019,success,Unsere Anstrengungen hatten keinen Erfolg.,Our efforts did not result in success.
erfolgreich,Adjektiv,nan,nan,0,B1,976,successful,"Ich hoffe, dass deine Geschäftsreise nach Frankreich erfolgreich verlaufen ist.",I hope your business trip to France was successful.
erforderlich,Adjektiv,nan,nan,0,B1,589,necessary,Für Pflanzen ist Licht nicht weniger erforderlich als Wasser.,Light is no less necessary to plants than water.
erfordern,Verb,nan,nan,0,B1,381,require,"Sie haben seinen Stil in allen Bereichen nachgeahmt, außer in denen, die spezielle Fähigkeiten erfordern.",They have imitated his style in all areas except those that require special skill.
erfüllen,Verb,nan,nan,0,B1,1031,elate,nan,nan
ergänzen,Verb,nan,nan,0,B1,367,add,Gibt es noch etwas zu seiner Erklärung zu ergänzen?,Is there still something to add to his explanation?
erhalten,Verb,nan,nan,0,B1,9205,achieve,nan,nan
erholen,Verb,nan,nan,0,B1,222,recover,Der Patient wird sich bald von seiner Krankheit erholen.,The patient will soon recover from his illness.
Erholung,Substantiv,fem.,die,0,B1,129,recovery,nan,nan
erhöhen,Verb,nan,nan,0,B1,1016,raise,Sie können Ihre Miete erhöhen.,They can raise your rent.
Erhöhung,Substantiv,fem.,die,0,B1,256,heightening,nan,nan
Erinnerung,Substantiv,fem.,die,0,B1,581,memory,Die Erinnerung ist eine Kernaufgabe unseres Gehirns.,Memory is an essential function of our brain.
erkennen,Verb,nan,nan,0,B1,8685,recognise,"Ein Held ist oft nur ein Mensch, der nicht die Fähigkeit besitzt, eine Gefahr zu erkennen.",A hero is often just a person who doesn't have the ability to recognise danger.
Erklärung,Substantiv,fem.,die,0,B1,532,explanation,Danke für Ihre Erklärung.,Thanks for your explanation.
erkundigen,Verb,nan,nan,0,B1,120,ask,"Ich rief im Krankenhaus an, um mich zu erkundigen, ob Tom eingeliefert worden war.",I called the hospital to ask if Tom had been admitted.
erkälten,Verb,nan,nan,0,B1,112,catch a cold,"Zieh einen Mantel an, um dich nicht zu erkälten.",Put on your coat lest you should catch a cold.
Erkältung,Substantiv,fem.,die,0,B1,96,cold,Meine Stimme ist rau wegen der Erkältung.,My voice is hoarse from a cold.
erleben,Verb,nan,nan,0,B1,2857,experience,"In keinem anderen Lande außer England, so ist gesagt worden, kann man vier Jahreszeiten im Laufe eines einzigen Tags erleben.","In no country other than England, it has been said, can one experience four seasons in the course of a single day."
Erlebnis,Substantiv,neutr.,das,0,B1,288,adventure,nan,nan
erledigen,Verb,nan,nan,0,B1,498,complete,"Sie brauchte den ganzen Nachmittag, um die Arbeit zu erledigen.",She needed the entire afternoon to complete the work.
erleichtern,Verb,nan,nan,0,B1,413,facilitate,nan,nan
ernst,Adjektiv,nan,nan,0,B1,3121,serious,Meinst du das ernst?,Are you serious?
ernsthaft,Adjektiv,nan,nan,0,B1,230,earnest,"Vor der Prüfung begann er, ernsthaft zu lernen.","Before the exam, he began to study in earnest."
Ernte,Substantiv,fem.,die,0,B1,243,crop,"Der Regen fügte der Ernte eher einen großen Schaden zu, als dass er irgendetwas Gutes tat.","Rather than doing any good, the rain did a great deal of harm to the crop."
ernähren,Verb,nan,nan,0,B1,691,eat,"Wir ernähren uns häufig von Dingen, die, ohne dass wir es wissen, unserer Gesundheit schädlich sind.",We often eat foods which are harmful to our health without knowing it.
Ernährung,Substantiv,fem.,die,0,B1,266,food,"Wir wissen, wie die Ernährung das Wachstum beeinflusst.",We know how food affects growth.
Ersatz,Substantiv,mask.,der,0,B1,183,replacement,"Es ist ein Wort, für das ich gerne einen Ersatz finden würde.",It's a word I'd like to find a replacement for.
erschrecken,Verb,nan,nan,0,B1,166,be,"Was Tom am meisten erschreckte, war der Gedanke, dass er vielleicht nicht mehr in der Lage sein werde, wieder zu gehen.",What scared Tom the most was the thought that he might not be able to walk again.
erschöpft,partizipiales Adjektiv,nan,nan,0,B1,5,exhausted,Tom scheint erschöpft zu sein.,Tom appears exhausted.
ersetzen,Verb,nan,nan,0,B1,841,replace,Man kann die Mascarpone auch durch Sahne ersetzen.,You can also replace the mascarpone with cream.
erstellen,Verb,nan,nan,0,B1,479,create,"Das Frustrierendste, was dir auf Tatoeba passieren kann, ist, dass du jemanden auf einen Fehler aufmerksam machst und er ihn nicht nur nicht korrigiert, sondern auch die Variante mit der von dir vorgeschlagenen Verbesserung erstellt.","The most frustrating thing that can happen to you, on Tatoeba, is to report a mistake to somebody, and that not only they don't correct it, but they create the variant with the correction that you suggested."
erwachsen,partizipiales Adjektiv,nan,nan,0,B1,164,adult,"Wenn du einen Mathematiker fragst, ob er erwachsen oder minderjährig ist, dann sei nicht überrascht, wenn er ja antwortet.","If you ask a mathematician if he is an adult or a minor, don't be surprised if he answers yes."
erwarten,Verb,nan,nan,0,B1,2300,abide,"Von jedem wird erwartet, sich an bewährte Regeln des Unternehmens zu halten.",Everyone is expected to abide by the company's established rules.
erziehen,Verb,nan,nan,0,B1,393,educate,"Die Eltern haben die Pflicht, ihre Kinder zu erziehen.",Parents have an obligation to educate their children.
Erziehung,Substantiv,fem.,die,0,B1,200,breeding,nan,nan
Erzählung,Substantiv,fem.,die,0,B1,340,story,Ich schenkte ihrer Erzählung Gehör.,I listened to her story.
eröffnen,Verb,nan,nan,0,B1,1193,inaugurate,nan,nan
Eröffnung,Substantiv,fem.,die,0,B1,227,opening,Gestern fanden die Enthüllung der Gründerstatue und die Eröffnung des Schulgebäudes statt.,Yesterday the unveiling of the founder's statue and the opening of the school building took place.
Essig,Substantiv,mask.,der,0,B1,2,vinegar,Reib den Fleck mit Essig ein.,Rub the stain with vinegar.
Etage,Substantiv,fem.,die,0,B1,141,floor,Nehmen Sie den Aufzug zur fünften Etage.,Take the elevator to the fifth floor.
etwa,Adverb,nan,nan,0,B1,5239,about,Die Bevölkerung von Italien ist etwa halb so groß wie die von Japan.,The population of Italy is about half as large as that of Japan.
eventuell,Adjektiv,nan,nan,0,B1,313,contingent,nan,nan
ewig,Adjektiv,nan,nan,0,B1,2329,eternal,Er verliert niemals seine Neugier.,"He never loses his curiosity; he is, as it were, an eternal youth."
Experte,Substantiv,mask.,der,0,B1,488,expert,"Ein Experte ist jemand, der die schlimmsten Fehler kennt, die in seinem Gebiet gemacht werden können und weiß, wie man sie vermeidet.","An expert is someone who knows some of the worst mistakes that can be made in his field, and how to avoid them."
Export,Substantiv,mask.,der,0,B1,159,export,Der Export dieses Produktes wird bald beginnen.,Export of the product will start soon.
extra,Adverb,nan,nan,0,B1,244,additionally,nan,nan
extrem,Adjektiv,nan,nan,0,B1,780,extreme,"Ich will meine Ideen nicht verlieren, selbst wenn einige von ihnen ein bisschen extrem sind.","I don't want to lose my ideas, even though some of them are a bit extreme."
Fabrik,Substantiv,fem.,die,0,B1,293,factory,Diese Fabrik produziert 500 Autos am Tag.,This factory produces 500 automobiles a day.
Fachfrau,Substantiv,fem.,die,0,B1,38,expert,"Ich finde, sie ist eine Fachfrau in Sachen Tanz.",I think she is an expert on dance.
Fachleute,Substantiv,nan,nan,1,B1,146,nan,nan,nan
Fachmann,Substantiv,mask.,der,0,B1,121,expert,Ein Fachmann spricht.,An expert is speaking.
Fahrbahn,Substantiv,fem.,die,0,B1,212,carriageroad,nan,nan
Fahrzeug,Substantiv,neutr.,das,0,B1,1671,vehicle,Tom kann fast jede Art von Fahrzeug fahren.,Tom can drive almost any kind of vehicle.
fair,Adjektiv,nan,nan,0,B1,168,fair,Der Schiedsrichter muss beiden Mannschaften gegenüber fair sein.,The referee must be fair to both teams.
Faktor,Substantiv,mask.,der,0,B1,436,factor,Gesundheit ist ein wesentlicher Faktor zum Glück.,Health is an important factor of happiness.
Fall,Substantiv,mask.,der,0,B1,3631,case,Auf alle Fälle muss man in dem Referendum am 18.,"In any case, you need to vote yes in the February 18th referendum."
falls,Konjunktion,nan,nan,0,B1,747,in case,"Falls du es nicht bemerkt haben solltest, ich warte schon zwei Stunden.","In case you haven't noticed, I've been waiting for two hours."
fangen,Verb,nan,nan,0,B1,2570,bag,nan,nan
Fantasie,Substantiv,fem.,die,0,B1,89,fantasy,"Mathematiker sind Dichter, nur müssen sie das, was ihre Fantasie schafft, auch beweisen.","Mathematicians are poets, except that they have to prove what their fantasy creates."
farbig,Adjektiv,nan,nan,0,B1,228,colored,nan,nan
Faschierte,Substantiv,neutr.,das,0,B1,4,nan,nan,nan
Fasching,Substantiv,mask.,der,0,B1,57,carnival,nan,nan
Fasnacht,Substantiv,fem.,die,0,B1,6,nan,nan,nan
fassen,Verb,nan,nan,0,B1,4183,apprehend,nan,nan
faulenzen,Verb,nan,nan,0,B1,8,air the heels,nan,nan
Fauteuil,Substantiv,mask.,der,0,B1,20,armchair,nan,nan
Feber,Substantiv,mask.,der,0,B1,21,nan,nan,nan
Feld,Substantiv,neutr.,das,0,B1,1076,field,Ich bin auf dem Feld hin und her gelaufen.,I walked around in the field.
Fernbedienung,Substantiv,fem.,die,0,B1,48,remote,Es ist eine Fernbedienung unter dem Sessel.,There's a remote control under the chair.
Fernsehen,Substantiv,neutr.,das,0,B1,472,TV,Ich kann ohne Fernsehen nicht leben.,I can't live without a TV.
Fernseher,Substantiv,mask.,der,0,B1,204,nan,nan,nan
fest,Adjektiv,nan,nan,0,B1,6501,firm,Er hat einen festen Glauben.,He has a firm belief.
festhalten,Verb,nan,nan,0,B1,547,capture,Wir wollen die Einzigartigkeit aller Sprachen festhalten.,We want to capture all the uniqueness of each language.
festlegen,Verb,nan,nan,0,B1,558,commit,nan,nan
festnehmen,Verb,nan,nan,0,B1,156,apprehend,nan,nan
Festplatte,Substantiv,fem.,die,0,B1,70,hard disk,"Es besteht immer das Risiko, dass sämtliche Daten auf der Festplatte verloren gehen.",There is always the risk of losing all the data on your hard disk.
festsetzen,Verb,nan,nan,0,B1,237,arrest,nan,nan
feststehen,Verb,nan,nan,0,B1,103,be certain,nan,nan
feststellen,Verb,nan,nan,0,B1,870,ascertain,nan,nan
Fett,Substantiv,neutr.,das,0,B1,1686,fat,"Er war groß, um nicht zu sagen fett.","He was large, not to say fat."
feucht,Adjektiv,nan,nan,0,B1,1810,clammy,Am Ende bekommt man nur einen feuchten Händedruck.,All you get at the end is a clammy handshake.
Feuerwehr,Substantiv,fem.,die,0,B1,277,fire brigade,"Wir versuchten das Feuer zu löschen, doch ohne Erfolg.",We tried to put out the fire but we were unsuccessful.
Feuerzeug,Substantiv,neutr.,das,0,B1,63,lighter,Haben Sie ein Feuerzeug?,Do you have a lighter?
Figur,Substantiv,fem.,die,0,B1,997,figure,Sie hat eine gute Figur.,She has a good figure.
finanziell,Adjektiv,nan,nan,0,B1,664,financial,Meine finanziellen Sorgen sind vorbei.,My financial worries are past.
finanzieren,Verb,nan,nan,0,B1,1419,finance,"Anleihen wurden herausgegeben, um einen Krieg zu finanzieren.",Bonds were issued to finance a war.
Finger,Substantiv,mask.,der,0,B1,1706,finger,Mein Vater rührt zuhause keinen Finger.,My father doesn't lift a finger at home.
flach,Adjektiv,nan,nan,0,B1,657,flat,Dennis lag flach auf dem Boden.,Dennis lay flat on the floor.
Fleck,Substantiv,mask.,der,0,B1,199,patch,"Kein grüner Fleck ist in dieser ganzen Stadt zu sehen, nicht einmal ein Fleckchen, so winzig klein, wie das Nägelchen deines Fingerleins.","There's not a patch of green to be seen anywhere in this city, not even one as big as your fingernail."
Fleischhauer,Substantiv,mask.,der,0,B1,12,butcher,Er ist Fleischhauer.,He's a butcher.
flexibel,Adjektiv,nan,nan,0,B1,226,flexible,Das Bildungssystem muss flexibler sein.,The education system needs to be more flexible.
fliehen,Verb,nan,nan,0,B1,1055,flee,"Ich muss fliehen, oder man wird mich einsperren.",I must flee or I will be imprisoned.
fließen,Verb,nan,nan,0,B1,12489,flow,"Deine Quelle des Lebens bin ich, denn in deinen Adern fließen meine Tränen.","I am your source of life, for my tears flow in your veins."
fließend,partizipiales Adjektiv,nan,nan,0,B1,179,nan,nan,nan
Flucht,Substantiv,fem.,die,0,B1,466,alignement,nan,nan
Flur,Substantiv,mask.,der,0,B1,224,corridor,Wir haben uns gerade auf dem Flur getroffen.,We just met in the corridor.
Fläche,Substantiv,fem.,die,0,B1,1126,area,Die Fläche des Raums misst zweieinhalb Quadratmeter.,The room's area is two and half square meters.
Flöte,Substantiv,fem.,die,0,B1,54,flush,nan,nan
Flüssigkeit,Substantiv,fem.,die,0,B1,813,fluid,Statt Tinte war irgendeine seltsame Flüssigkeit in der Flasche.,Instead of ink there was some kind of strange fluid in the bottle.
Folge,Substantiv,fem.,die,0,B1,2324,consequence,Die Folge einer schlechten Übersetzung kann manchmal katastrophal sein.,The consequence of a wrong translation can sometimes be catastrophic.
folgen,Verb,nan,nan,0,B1,6112,ensue,nan,nan
folgend,partizipiales Adjektiv,nan,nan,0,B1,1253,following,"Fülle das folgende Formular aus, um zu erfahren, wer du in deinem vorigen Leben gewesen sein könntest.",Complete the following form to know who you could have been in a previous life.
fordern,Verb,nan,nan,0,B1,8285,challenge,Ich fordere dich zu einem Kampf heraus.,I challenge you to a fight.
Forderung,Substantiv,fem.,die,0,B1,460,claim,Sie wehrten sich gegen die Forderung.,They set up their backs against the claim.
Form,Substantiv,fem.,die,0,B1,18100,form,"Es gibt Leute auf der Welt, die so hungrig sind, dass Gott ihnen nicht erscheinen kann, außer in Form von Brot.","There are people in the world so hungry, that God cannot appear to them except in the form of bread."
Forschung,Substantiv,fem.,die,0,B1,555,research,"Wenn wir wüssten, was wir tun, würde man es nicht Forschung nennen, oder?","If we knew what we were doing, it wouldn't be called research, would it?"
Fortbildung,Substantiv,fem.,die,0,B1,64,further education,nan,nan
Fortschritt,Substantiv,mask.,der,0,B1,334,progress,Es kann keinen Fortschritt geben ohne Kommunikation.,There cannot be progress without communication.
fortsetzen,Verb,nan,nan,0,B1,371,continue,Wir konnten unsere Reise aus Mangel an Geld nicht fortsetzen.,We could not continue our journey for lack of money.
Fortsetzung,Substantiv,fem.,die,0,B1,120,continuation,Krieg ist die Fortsetzung der Politik mit anderen Mitteln.,War is the continuation of politics by other means.
Forum,Substantiv,neutr.,das,0,B1,119,forum,Ich möchte ein paar Fotos ins Forum hochladen.,I would like to upload several photos to the forum.
Fotograf,Substantiv,mask.,der,0,B1,121,photographer,Jeder Depp mit einer Kamera hält sich für einen Fotografen.,Every dumbass with a camera thinks he is a photographer.
Fotografie,Substantiv,fem.,die,0,B1,172,photography,Ich interessiere mich für Fotografie.,I have an interest in photography.
frech,Adjektiv,nan,nan,0,B1,68,cheeky,Werde nicht frech!,Do not be cheeky!
Freiheit,Substantiv,fem.,die,0,B1,576,freedom,Du wolltest mit mir über Freiheit sprechen?,You wanted to tell me about freedom?
Fremdsprache,Substantiv,fem.,die,0,B1,35,foreign language,"Eine Fremdsprache zu lernen, ist schwierig.",Learning a foreign language is difficult.
fressen,Verb,nan,nan,0,B1,2339,at,Ich gebe meinem Hund mindestens einmal wöchentlich Fleisch zu fressen.,I feed my dog meat at least once a week.
Freude,Substantiv,fem.,die,0,B1,663,delight,Die Freude seiner Eltern war groß.,Great was the delight of his parents.
Freundschaft,Substantiv,fem.,die,0,B1,208,friendship,Wir haben unsere Freundschaft vertieft.,We deepened our friendship.
Friede,Substantiv,mask.,der,0,B1,172,nan,nan,nan
Frieden,Substantiv,mask.,der,0,B1,489,peace,"Bevor ihr nicht Frieden schließt mit dem, was ihr seid, werdet ihr nie zufrieden sein mit dem, was ihr habt.","Until you make peace with who you are, you'll never be content with what you have."
frieren,Verb,nan,nan,0,B1,536,freeze,"Wenn Sie Fleisch lange aufbewahren möchten, frieren Sie es ein.","If you want to keep meat for long, freeze it."
Friseur,Substantiv,mask.,der,0,B1,71,barber,Ich gehe einmal pro Monat zum Friseur.,I go to the barber's once a month.
Frist,Substantiv,fem.,die,0,B1,130,deadline,Du musst diese Arbeit vor der Frist fertigstellen.,You must get the job done before the deadline.
Frisur,Substantiv,fem.,die,0,B1,141,haircut,"Um ehrlich zu sein, ich mag deine Frisur nicht.","Frankly speaking, I don't like your haircut."
Frisör,Substantiv,mask.,der,0,B1,15,nan,nan,nan
Frucht,Substantiv,fem.,die,0,B1,970,crop,nan,nan
fröhlich,Adjektiv,nan,nan,0,B1,316,bright,Jeder war fröhlich bei dem Fest.,Everybody was bright at the party.
Fundbüro,Substantiv,neutr.,das,0,B1,12,lost and found,Wo ist das Fundbüro?,Where is the lost and found?
funktionieren,Verb,nan,nan,0,B1,1230,function,Der Motor funktioniert nicht richtig.,The motor does not function properly.
Fußgänger,Substantiv,mask.,der,0,B1,155,pedestrian,Der Busfahrer sah den Fußgänger nicht.,The bus driver didn't see the pedestrian.
Fußgängerin,Substantiv,fem.,die,0,B1,10,nan,nan,nan
Fußgängerzone,Substantiv,fem.,die,0,B1,43,mall,nan,nan
Fähigkeit,Substantiv,fem.,die,0,B1,1073,ability,"Blinde entwickeln manchmal eine ausgleichende Fähigkeit, die Nähe der Gegenstände um sie herum zu spüren.",Blind people sometimes develop a compensatory ability to sense the proximity of objects around them.
Fähre,Substantiv,fem.,die,0,B1,19,ferry,Die Reisenden überquerten den Fluss mit einer Fähre.,The travelers took a ferry across the river.
fällig,Adjektiv,nan,nan,0,B1,112,due,Die Miete ist morgen fällig.,The rent is due tomorrow.
färbig,Adjektiv,nan,nan,0,B1,104,nan,nan,nan
fördern,Verb,nan,nan,0,B1,1165,advance,"Und auf der ganzen Welt gibt es eine neue Generation von jungen Menschen - wie dich -, die durch Technologie verbunden sind und von Ihrem Idealismus und Ihrer Vorstellungskraft angetrieben werden, und Sie arbeiten zusammen, um neue Unternehmungen zu starten und Regierungen verantwortungsbewusster zu machen und die Menschenwürde zu fördern.","And around the world, there’s a new generation of young people -- like you -- that are connected by technology, and driven by your idealism and your imagination, and you're working together to start new ventures, and to hold governments more accountable, and advance human dignity."
führen,Verb,nan,nan,0,B1,241353,lead,Alle Wege führen nach Rom.,All roads lead to Rome.
Führerausweis,Substantiv,mask.,der,0,B1,10,nan,nan,nan
fürchten,Verb,nan,nan,0,B1,464,afraid,"Ich fürchte, dass ich mich auf Englisch nicht verständlich machen kann.",I'm afraid I cannot make myself understood in English.
füttern,Verb,nan,nan,0,B1,726,feed,Hier ist das Rauchen verboten - füttern Sie Ihren Krebs bitte draußen!,Smoking is not allowed here.
Galerie,Substantiv,fem.,die,0,B1,141,gallery,Sie werden viele berühmte alte Gemälde in der Galerie ausstellen.,They are going to exhibit many famous old paintings at the gallery.
Gang,Substantiv,mask.,der,0,B1,772,aisle,Fenster oder Gang?,Window or aisle?
gar,Adverb,nan,nan,0,B1,10814,completely,Das habe ich ganz und gar vergessen.,I completely forgot about that.
Garantie,Substantiv,fem.,die,0,B1,59,guarantee,Ehrlichkeit ist keine Garantie für Erfolg.,Honesty is no guarantee of success.
garantieren,Verb,nan,nan,0,B1,319,guarantee,"Es gibt einige Probleme, für die die Karush-Kuhn-Tucker-Bedingungen nicht ausreichen, um die Optimalität zu garantieren, aber das ändert nichts daran, dass diese Bedingungen ein unverzichtbares Werkzeug bei der Optimierung sind.","There is a good number of problems for which the Karush-Kuhn-Tucker conditions are insufficient to guarantee optimality, but this doesn't change the fact that these conditions are an indispensable tool for doing optimization."
Garderobe,Substantiv,fem.,die,0,B1,80,change room,nan,nan
Gas,Substantiv,neutr.,das,0,B1,1329,accelerator,nan,nan
Gasthaus,Substantiv,neutr.,das,0,B1,92,inn,"Da es schon spätabends war und ich schon sehr müde war, blieb ich im Gasthaus.","Since it was late at night and I was very tired, I stayed at an inn."
Gaststätte,Substantiv,fem.,die,0,B1,112,public house,nan,nan
Gebiet,Substantiv,neutr.,das,0,B1,2706,area,Rauchen ist in diesem Gebiet verboten.,Smoking is forbidden in this area.
Gebirge,Substantiv,neutr.,das,0,B1,258,mountain range,"Viel Natur gibt es dort: ein Gebirge, einen kleinen Fluss und einen großen Wald.","There's a lot of nature there: a mountain range, a small river, and a great forest."
gebrauchen,Verb,nan,nan,0,B1,218,use,"Einmal aufgetaut, nicht wieder einfrieren und sofort gebrauchen.","Once thawed, do not freeze again and use right away."
Gebrauchsanweisung,Substantiv,fem.,die,0,B1,22,instructions for use,nan,nan
Geburt,Substantiv,fem.,die,0,B1,582,birth,Henry James war Amerikaner von Geburt.,Henry James was an American by birth.
Gebäck,Substantiv,neutr.,das,0,B1,170,pastries,nan,nan
Gebäude,Substantiv,neutr.,das,0,B1,2092,building,Wegen des dichten Nebels wurde das Gebäude unsichtbar.,The dense fog made the building invisible.
Gebühr,Substantiv,fem.,die,0,B1,250,fee,Du musst eine Gebühr entrichten.,You need to pay a fee.
Gedanke,Substantiv,mask.,der,0,B1,1934,idea,Dieser Gedanke gefällt mir nicht.,I don't like the idea much.
Gedicht,Substantiv,neutr.,das,0,B1,389,poem,"David hat ein leidenschaftliches Interesse an Ästhetik - den Eigenschaften, die ein Gemälde, eine Skulptur, eine musikalische Komposition oder ein Gedicht Auge, Ohr oder Geist gefallen lassen.","David has a keen interest in aesthetics — the qualities that make a painting, sculpture, musical composition, or poem pleasing to the eye, ear, or mind."
Geduld,Substantiv,fem.,die,0,B1,137,patience,Ich habe keine Geduld.,I have no patience.
geeignet,partizipiales Adjektiv,nan,nan,0,B1,263,appropriate,"Besucher müssen geeignete Schuhe tragen, d.","Visitors have to wear appropriate shoes, i."
Gefahr,Substantiv,fem.,die,0,B1,1930,danger,"Sagst du gerade, dass mein Leben in Gefahr ist?",Are you saying my life is in danger?
Gefängnis,Substantiv,neutr.,das,0,B1,505,jail,Er wurde zu drei Jahren Gefängnis verurteilt.,He was sentenced to three years in jail.
Gefühl,Substantiv,neutr.,das,0,B1,1376,affection,nan,nan
Gegend,Substantiv,fem.,die,0,B1,635,area,Wasser ist in dieser Gegend knapp.,Water is scarce in this area.
Gegensatz,Substantiv,mask.,der,0,B1,1097,antithesis,nan,nan
Gegenstand,Substantiv,mask.,der,0,B1,2229,item,"Dieser Ring ist ein magischer Gegenstand, der seinem Träger große Kräfte verleiht.",This ring is a magic item that gives great power to its user.
Gegner,Substantiv,mask.,der,0,B1,832,adversary,Der Gegner von heute ist der Freund von morgen.,An adversary yesterday is a friend today.
geheim,Adjektiv,nan,nan,0,B1,2656,confidential,nan,nan
Geheimnis,Substantiv,neutr.,das,0,B1,273,secret,Ich werde dein Geheimnis hüten.,Your secret will be safe with me.
Gehsteig,Substantiv,mask.,der,0,B1,42,pavement,Pass auf!,Watch out!
Geldautomat,Substantiv,mask.,der,0,B1,33,ABM,nan,nan
Gelegenheit,Substantiv,fem.,die,0,B1,960,chance,Lass dir die Gelegenheit nicht entgehen.,Don't let the chance slip away!
gelingen,Verb,nan,nan,0,B1,2234,succeed,"Ich denke, dass es ihm gelingen wird.",I think he will succeed.
gelten,Verb,nan,nan,0,B1,7391,be classified as,nan,nan
gemeinsam,Adjektiv,nan,nan,0,B1,2610,common,"Sie sind zu sehr damit beschäftigt, sich gegenseitig zu bekämpfen, als dass sie sich gemeinsamen Idealen widmen könnten.",They are too busy fighting against each other to care for common ideals.
Gemeinschaft,Substantiv,fem.,die,0,B1,527,community,"Ich rufe die Gemeinschaft der Wissenschaftler, die uns die Kernwaffen gegeben haben, auf, ihre großen Talente der Sache der Menschheit und des Weltfriedens zu widmen: uns die Mittel an die Hand zu geben, um diese Kernwaffen unwirksam und überflüssig zu machen.","I call upon the scientific community in our country, those who gave us nuclear weapons, to turn their great talents now to the cause of mankind and world peace: to give us the means of rendering these nuclear weapons impotent and obsolete."
gemütlich,Adjektiv,nan,nan,0,B1,284,comfortable,Mach's dir gemütlich!,Make yourself comfortable.
genauso,Adverb,nan,nan,0,B1,434,as well,Er spricht Spanisch genauso gut wie Französisch.,He speaks Spanish as well as he speaks French.
genehmigen,Verb,nan,nan,0,B1,134,allow,nan,nan
Generation,Substantiv,fem.,die,0,B1,2470,generation,Die Verbreitung der Nutzung des Internets hat eine neue Generation von jungen Leuten hervorgebracht.,The proliferation of Internet usage has given birth to a new generation of young people.
genießen,Verb,nan,nan,0,B1,373,enjoy,"Wir hoffen, dass Sie die Show genießen werden.",We hope you will enjoy the show.
genügen,Verb,nan,nan,0,B1,351,comply,nan,nan
gerecht,Adjektiv,nan,nan,0,B1,337,conforming,nan,nan
gering,Adjektiv,nan,nan,0,B1,35050,low,"Sein geringes Gehalt hindert ihn daran, das Haus zu kaufen.",His low salary prevents him from buying the house.
gesamt,Adjektiv,nan,nan,0,B1,1589,complete,nan,nan
geschehen,Verb,nan,nan,0,B1,7617,happen,"Wenn man weiß, dass etwas Unangenehmes geschehen wird, dass man zum Beispiel zum Zahnarzt oder nach Frankreich gehen wird, dann ist das nicht gut.","If you know that something unpleasant will happen, that you will go to the dentist for example, or to France, then that is not good."
geschieden,partizipiales Adjektiv,nan,nan,0,B1,1,divorced,nan,nan
Geschlecht,Substantiv,neutr.,das,0,B1,752,family,nan,nan
Geschmack,Substantiv,mask.,der,0,B1,572,flavour,"Glaubst du, dass ein bisschen Salz den Geschmack verbessert?",Do you think a little salt will improve the flavour?
Geschwindigkeit,Substantiv,fem.,die,0,B1,624,pace,Die Kultur der Quelloffenheit hat den technologischen Fortschritt mit erstaunlicher Geschwindigkeit vorangetrieben.,Open source culture has facilitated the progress of technology at an astonishing pace.
Geschwindigkeitsbeschränkung,Substantiv,fem.,die,0,B1,9,speed limit,nan,nan
Gesellschaft,Substantiv,fem.,die,0,B1,1739,company,"Wenn du nicht allein bleiben willst, kann ich dir Gesellschaft leisten.","If you don't want to stay alone, I can keep you company."
Gesetz,Substantiv,neutr.,das,0,B1,4406,act,Wir sollten uns jederzeit an das Gesetz halten.,We should always act in obedience to the law.
gespannt,partizipiales Adjektiv,nan,nan,0,B1,274,curious,"Sie war so gespannt, dass sie die Schachtel öffnete.",She was so curious that she opened the box.
getrennt,partizipiales Adjektiv,nan,nan,0,B1,96,nan,nan,nan
Gewalt,Substantiv,fem.,die,0,B1,822,authority,Die Würde des Menschen ist unantastbar.,The dignity of man is inviolable.
Gewerkschaft,Substantiv,fem.,die,0,B1,262,labor union,Die Gewerkschaft hat zum Streik aufgerufen.,The labor union called for a strike.
Gewinn,Substantiv,mask.,der,0,B1,8296,gain,Deren Verlust ist unser Gewinn.,Their loss is our gain.
Gewissen,Substantiv,neutr.,das,0,B1,147,conscience,Alle Menschen sind frei und gleich an Würde und Rechten geboren.,All human beings are born free and equal in dignity and rights.
Gewohnheit,Substantiv,fem.,die,0,B1,177,habit,"Es war seine Gewohnheit, nach dem Abendbrot spazieren zu gehen.",He was in the habit of taking a walk after supper.
gewohnt,partizipiales Adjektiv,nan,nan,0,B1,83,accustomed,nan,nan
gewöhnen,Verb,nan,nan,0,B1,1051,acclimate,nan,nan
gewöhnlich,Adjektiv,nan,nan,0,B1,724,common,Das ist in Japan eine ganz gewöhnliche Begebenheit.,That is the common occurrence in Japan.
Gewürz,Substantiv,neutr.,das,0,B1,269,flavoring,nan,nan
gießen,Verb,nan,nan,0,B1,1702,cast,nan,nan
Gift,Substantiv,neutr.,das,0,B1,671,anger,nan,nan
giftig,Adjektiv,nan,nan,0,B1,376,poisonous,Manche Schlangen sind giftig.,Some snakes are poisonous.
Girokonto,Substantiv,neutr.,das,0,B1,27,checking account,Ich möchte ein Girokonto öffnen.,I'd like to open a checking account.
Glace,Substantiv,"fem., neutr.",die,0,B1,10,nan,nan,nan
Glacé,Substantiv,"fem., neutr.",die,0,B1,2,nan,nan,nan
glatt,Adjektiv,nan,nan,0,B1,1104,blank,nan,nan
gleichberechtigt,Adjektiv,nan,nan,0,B1,88,nan,nan,nan
gleichfalls,Konjunktion,nan,nan,0,B1,84,likewise,nan,nan
gleichzeitig,Adjektiv,nan,nan,0,B1,1244,at the same time,Ich kann mir nicht gleichzeitig die Nägel schneiden und bügeln!,I can't cut my nails and do the ironing at the same time!
Gold,Substantiv,neutr.,das,0,B1,5892,gold,Eisen ist härter als Gold.,Iron is harder than gold.
Golf,Substantiv,neutr.,das,0,B1,4705,Golf,Mein Vater spielte an diesem Sonntagmorgen Golf.,My father played golf on the Sunday morning.
Gott,Substantiv,mask.,der,0,B1,6298,God,"Es gibt Leute auf der Welt, die so hungrig sind, dass Gott ihnen nicht erscheinen kann, außer in Form von Brot.","There are people in the world so hungry, that God cannot appear to them except in the form of bread."
Grafik,Substantiv,fem.,die,0,B1,105,graphic,nan,nan
Graphik,Substantiv,fem.,die,0,B1,23,nan,nan,nan
Gras,Substantiv,neutr.,das,0,B1,47,grass,Tritt nicht auf das Gras.,Don't trample on the grass.
gratis,Adverb,nan,nan,0,B1,58,gratis,nan,nan
Gratulation,Substantiv,fem.,die,0,B1,20,congratulations,Gratulation!,Congratulations!
greifen,Verb,nan,nan,0,B1,12272,grab,Der Mann griff nach mir.,The man made to grab at me.
Grenze,Substantiv,fem.,die,0,B1,1748,border,Bis morgen sind wir über die Grenze.,We'll be across the border by tomorrow.
Grill,Substantiv,mask.,der,0,B1,86,barbecue grill,nan,nan
grillieren,Verb,nan,nan,0,B1,27,barbecue,nan,nan
Grund,Substantiv,mask.,der,0,B1,5987,basis,"Des Weiteren darf kein Unterschied gemacht werden auf Grund der politischen, rechtlichen oder internationalen Stellung des Landes oder Gebiets, dem eine Person angehört, gleichgültig ob dieses unabhängig ist, unter Treuhandschaft steht, keine Selbstregierung besitzt oder sonst in seiner Souveränität eingeschränkt ist.","Furthermore, no distinction shall be made on the basis of the political, jurisdictional or international status of the country or territory to which a person belongs, whether it be independent, trust, non-self-governing or under any other limitation of sovereignty."
Grundstück,Substantiv,neutr.,das,0,B1,395,estate,Meine Tante hat das riesige Grundstück geerbt.,My aunt inherited the huge estate.
gründen,Verb,nan,nan,0,B1,726,base,"Wir gründen unsere Annahmen darauf, dass nichts schneller als das Licht ist.",We base our hypotheses on the fact that nothing is faster than light.
gründlich,Adjektiv,nan,nan,0,B1,384,diligent,nan,nan
grüßen,Verb,nan,nan,0,B1,451,greet,Ich grüße meinen Lehrer auf der Straße.,I greet my teacher on the street.
gucken,Verb,nan,nan,0,B1,3027,look,Nicht gucken!,Don't look!
Gymnastik,Substantiv,fem.,die,0,B1,26,gymnastics,Mach ein bisschen Gymnastik!,Do a little gymnastics!
Hackfleisch,Substantiv,neutr.,das,0,B1,1,ground meat,nan,nan
Hafen,Substantiv,mask.,der,0,B1,589,harbour,Die Polizei fand Toms Leiche treibend im Hafen.,The police found Tom's body floating in the harbour.
hageln,Verb,nan,nan,0,B1,67,hail,Hast du es je hageln sehen?,Have you ever seen it hail?
halbtags,Adverb,nan,nan,0,B1,3,nan,nan,nan
Hallenbad,Substantiv,neutr.,das,0,B1,22,indoor pool,Wann warst du das letztemal zum Schwimmen im Hallenbad?,When was the last time that you swam in an indoor pool?
Halt,Substantiv,mask.,der,0,B1,5785,hold,Halt dich am Geländer fest.,Hold on to the handrail.
halt,Partikel,nan,nan,0,B1,10800,just,"Das sind alles Kannibalen hier, außer mir, ich werde halt gegessen.","They are all cannibals here, except me, I'm just being eaten."
haltbar,Adjektiv,nan,nan,0,B1,223,durable,Das Hausdach ist haltbar und wasserdicht.,The rooftop is durable and watertight.
Hammer,Substantiv,mask.,der,0,B1,387,Hamm,nan,nan
Handel,Substantiv,mask.,der,0,B1,706,business,Im Handel herrscht viel Wettbewerb.,There's a lot of competition in business.
handeln,Verb,nan,nan,0,B1,16069,act,"Er entscheidet langsam, handelt aber schnell.","He is slow to decide, but he is quick to act."
Handwerker,Substantiv,mask.,der,0,B1,288,artificer,nan,nan
hassen,Verb,nan,nan,0,B1,64,hate,"Ich hasse es, wenn viele Leute da sind.",I hate it when there are a lot of people.
haupt-,Affix,nan,nan,0,B1,nan,nan,nan,nan
Hauptbahnhof,Substantiv,mask.,der,0,B1,116,central station,Der nächste Halt ist Berlin Hauptbahnhof.,The next stop is Berlin Central Station.
Hausmeister,Substantiv,mask.,der,0,B1,64,caretaker,Tom ist kein Hausmeister.,Tom's not a caretaker.
Hausmeisterin,Substantiv,fem.,die,0,B1,9,nan,nan,nan
Haustier,Substantiv,neutr.,das,0,B1,84,domestic animal,nan,nan
Haut,Substantiv,fem.,die,0,B1,1310,covering,nan,nan
heben,Verb,nan,nan,0,B1,10635,hold,nan,nan
Heim,Substantiv,neutr.,das,0,B1,205,asylum,"Lieber gehe ich zurück ins Heim, als bei der zu wohnen, sagte Anne gramvoll.","I'd rather go back to the asylum than go to live with her, said Anne passionately."
heim,Adverb,nan,nan,0,B1,nan,home,Wieso gehen wir nicht heim?,Why don't we go home?
heimlich,Adjektiv,nan,nan,0,B1,494,clandestine,Dieser Birkenhain ist ein sehr romantischer Ort für ein heimliches Rendezvous.,This birch grove is a very romantic spot for a clandestine rendezvous.
Heimweh,Substantiv,neutr.,das,0,B1,25,homesickness,"Heimweh ist die Sehnsucht dahin zu gehen, wo du herkommst.",Homesickness is a longing to go back to where you are from.
heizen,Verb,nan,nan,0,B1,732,heat,"Das Feuer ist nicht sehr heiß, darum wird es den Kessel nicht heizen.","The fire isn't very hot, so it won't heat the kettle."
Held,Substantiv,mask.,der,0,B1,325,hero,Ich bin ein Held.,I'm a hero.
Heldin,Substantiv,fem.,die,0,B1,26,heroine,Die Heldin des Romans begang Suizid.,The heroine of the novel committed suicide.
Henderl,Substantiv,neutr.,das,0,B1,nan,nan,nan,nan
Hendl,Substantiv,neutr.,das,0,B1,27,chicken,nan,nan
herausfinden,Verb,nan,nan,0,B1,343,discover,"Bescheidenheit ist die Kunst, andere herausfinden zu lassen, wie wichtig man ist.",Modesty is the art of allowing others to discover how important you are.
Herausforderung,Substantiv,fem.,die,0,B1,267,challenge,"Wir sind davon überzeugt, dass Sie der Herausforderung, die diese neue Stelle bietet, gewachsen sind.",We're confident that you are up to the challenge of the new position.
herein-,Affix,nan,nan,0,B1,1,nan,nan,nan
Herkunft,Substantiv,fem.,die,0,B1,568,descent,Ein deutscher Kraftkörperkultist türkischer Herkunft brach in die deutsche Präsidentenmaschine ein und feierte dort in Unterhose vier Stunden lang.,A German bodybuilder of Turkish descent broke into the German presidential plane and partied in his underpants for four hours.
Hersteller,Substantiv,mask.,der,0,B1,356,manufacturer,Der Hersteller gewährte fünf Jahre Garantie auf die neue Maschine.,The manufacturer guaranteed the new machine for 5 years.
herunterfahren,Verb,nan,nan,0,B1,96,shut down,nan,nan
Herz,Substantiv,neutr.,das,0,B1,1066,heart,Mein Herz war voller Freude.,My heart was filled with happiness.
hieher,Pronominaladverb,nan,nan,0,B1,nan,nan,nan,nan
hierher,Pronominaladverb,nan,nan,0,B1,159,hither,Komm hierher.,Come hither.
hinter-,Affix,nan,nan,0,B1,nan,hind,nan,nan
hinterher,Adverb,nan,nan,0,B1,207,after,Ein Hund rannte einer Katze hinterher.,A dog was running after a cat.
hinterlassen,Verb,nan,nan,0,B1,442,leave,Kann ich eine Nachricht hinterlassen?,Can I leave a message?
Hinweis,Substantiv,mask.,der,0,B1,569,advice,Bitte diesen Hinweis nicht beachten.,Please don't follow this advice.
hinweisen,Verb,nan,nan,0,B1,438,indicate,nan,nan
historisch,Adjektiv,nan,nan,0,B1,2609,ancient,nan,nan
Hitze,Substantiv,fem.,die,0,B1,473,heat,Wir schwitzten in der Hitze.,We were sweating in the heat.
hochladen,Verb,nan,nan,0,B1,94,upload,Wie kann ich ein Foto auf deine Seite hochladen?,How can I upload a photo to your website?
Hof,Substantiv,mask.,der,0,B1,2385,corona,nan,nan
Hoffnung,Substantiv,fem.,die,0,B1,527,hope,Hoffnung ist keine Strategie.,Hope is not a strategy.
Holz,Substantiv,neutr.,das,0,B1,5513,timber,Bei der Papierherstellung werden große Mengen an Holz verwendet.,Large amounts of timber are used in paper making.
Honig,Substantiv,mask.,der,0,B1,211,honey,"Er drehte die Flasche auf den Kopf und schüttelte sie, aber der Honig wollte trotzdem nicht herauskommen.","He turned the bottle upside down and shook it, but still the honey wouldn't come out."
Humor,Substantiv,mask.,der,0,B1,155,humor,Er hat keinen Sinn für Humor.,He has no sense of humor.
hungrig,Adjektiv,nan,nan,0,B1,189,hungry,"Es gibt Leute auf der Welt, die so hungrig sind, dass Gott ihnen nicht erscheinen kann, außer in Form von Brot.","There are people in the world so hungry, that God cannot appear to them except in the form of bread."
hupen,Verb,nan,nan,0,B1,63,beep ones horn,nan,nan
Husten,Substantiv,mask.,der,0,B1,2,cough,Ich bin wegen des trockenen Hustens meiner Frau besorgt.,I'm concerned about my wife's hacking cough.
Hut,Substantiv,mask.,der,0,B1,701,cap,nan,nan
Hälfte,Substantiv,fem.,die,0,B1,945,half,"Tatsächlich ist ein halbes Auge sehr nützlich, denn mit einem halben Auge kann ein Tier die Hälfte von einem anderen Tier sehen, das es auffressen will, und ihm aus dem Weg gehen, und es wird selber das Tier fressen, das nur ein Drittel-Auge oder nur 49% eines Auges hat, weil dieses ihm nicht schnell genug aus dem Weg gehen wird, und das Tier, das aufgefressen wurde, wird keine Kinder bekommen, weil es tot ist.","Half an eye is very useful actually, because an animal can see half of another animal, which wants to eat it, and can get out of the way, and it will eat the animal, which has only one-half eye or only 49% of an eye, because this to it will not be enough, and the animal, which was eaten up, will have no children, because it is dead."
Händler,Substantiv,mask.,der,0,B1,310,dealer,Der Händler nutzte ihr Unwissen aus und erwarb das Bild sehr günstig.,The dealer took advantage of her ignorance and bought the picture very cheap.
Händlerin,Substantiv,fem.,die,0,B1,18,merchant,nan,nan
häufig,Adjektiv,nan,nan,0,B1,2933,common,Solche Vorkommnisse sind recht häufig.,Such incidents are quite common.
höchstens,Adverb,nan,nan,0,B1,229,at most,"Auch wenn Go wahrscheinlich das beliebteste japanische Spiel in meinem Land ist, kennen es höchstens einige Universitätsstudenten.","Although Go is probably the most popular Japanese game in my country, at most only a few university students know it."
höflich,Adjektiv,nan,nan,0,B1,218,courteous,"Ich mag ihn, nicht weil er höflich ist, sondern weil er ehrlich ist.","I like him not because he's courteous, but because he's honest."
Höhe,Substantiv,fem.,die,0,B1,1556,altitude,Das Flugzeug stieg bis zu einer Höhe von 10000 Metern auf.,"The plane climbed to an altitude of 10,000 meters."
Hörer,Substantiv,mask.,der,0,B1,191,earpiece,nan,nan
Hörerin,Substantiv,fem.,die,0,B1,11,nan,nan,nan
hübsch,Adjektiv,nan,nan,0,B1,4217,nice,Er gab mir ein hübsches Weihnachtsgeschenk.,He gave me a nice Christmas present.
Hügel,Substantiv,mask.,der,0,B1,398,hill,Der Hügel ist immer grün.,The hill is always green.
Hühnchen,Substantiv,neutr.,das,0,B1,3,pullet,nan,nan
Hütte,Substantiv,fem.,die,0,B1,327,cabin,Naoki war arm und lebte in einer Hütte.,Naoki was poor and lived in a cabin.
ideal,Adjektiv,nan,nan,0,B1,622,ideal,"Wir jagen einem idealen Leben hinterher, weil wir in uns den Anfang und die Möglichkeit dazu haben.","We are haunted by an ideal life, and it is because we have within us the beginning and the possibility for it."
illegal,Adjektiv,nan,nan,0,B1,522,clandestine,nan,nan
Imbiss,Substantiv,mask.,der,0,B1,61,snack,Die Zeit reicht für einen schnellen Imbiss.,There's enough time for a quick snack.
Import,Substantiv,mask.,der,0,B1,109,import,Hast du Import oder Export gesagt?,Did you say import or export?
indem,Konjunktion,nan,nan,0,B1,1704,as,"Ich werde die verlorene Zeit aufholen, indem ich so hart arbeite, wie ich kann.",I will make up for the lost time by working as hard as I can.
individuell,Adjektiv,nan,nan,0,B1,546,individual,"Wenn du dich zu sehr auf das Team verlässt, könnte es deine individuellen Konkurrenzinstinkte negativ beeinflussen.","When you rely on the team too much, it may reduce your individual competitive instincts."
Industrie,Substantiv,fem.,die,0,B1,457,industry,Sie studieren Industrie.,They study industry.
Infektion,Substantiv,fem.,die,0,B1,423,infection,Es bestehen keine Anzeichen einer Infektion.,There's no sign of infection.
Ingenieur,Substantiv,mask.,der,0,B1,220,engineer,"Die sieben Fragen, die sich ein Ingenieur stellen muss, sind: wer, was, wann, wo, warum, wie und wie viel.","The seven questions that an engineer has to ask himself are: who, what, when, where, why, how and how much."
Inhalt,Substantiv,mask.,der,0,B1,912,content,Die Popularität einer Webseite hängt von ihrem Inhalt ab.,The popularity of a web site depends on its content.
inklusive,Präposition,nan,nan,0,B1,149,including,"Die Karten gelten nur zwei Tage, inklusive dem Tag, an dem sie gekauft wurden.","Tickets are valid for just two days, including the day they are purchased on."
innen,Adverb,nan,nan,0,B1,524,inside,Die Tür war von innen verschlossen.,The door was locked from the inside.
inner,Adjektiv,nan,nan,0,B1,2399,nan,nan,nan
innerhalb,Präposition,nan,nan,0,B1,2037,inside,"Wir sind uns der gravierenden Bedeutung des heutigen Tages bewusst, denn heute innerhalb der gastfreundlichen Mauern von Boulogne-sur-Mer treffen sich nicht Franzosen mit Engländern, nicht Russen mit Polen, sondern Menschen mit Menschen.","Let us consider the gravity of this day, for today inside the hospitable walls of Boulogne-sur-Mer, the French are not meeting the English, nor are Russians meeting Poles, but people are meeting people."
Inserat,Substantiv,neutr.,das,0,B1,25,advertisement,Ich bin beeindruckt von deinem jüngsten Inserat in der New York Times.,I am impressed by your recent advertisement in the New York Times.
insgesamt,Adverb,nan,nan,0,B1,952,altogether,Wir sind insgesamt acht.,We are eight altogether.
installieren,Verb,nan,nan,0,B1,260,install,"Eine Sache, die mich am iPad stört, ist, dass man Apps, die über in Apples App-Store erhältlich sind, nicht einfach installieren kann.",One thing I don't like about the iPad is that you can't easily install apps that aren't available through Apple's App Store.
Institut,Substantiv,neutr.,das,0,B1,558,institute,"Eine Studie des Deutschen Instituts für Wirtschaftsforschung ergab, dass die 45 reichsten deutschen Haushalte über so viel Wohlstand wie die untere Hälfte der Bevölkerung verfügen.","According to a study by the German Institute for Economic Research, the 45 richest German households own as much wealth as the bottom half of the population."
Integration,Substantiv,fem.,die,0,B1,172,integration,"Um voranzukommen, müssen wir jedoch anerkennen, dass der bestehende Weg zur globalen Integration eine Kurskorrektur erfordert.","In order to move forward, though, we do have to acknowledge that the existing path to global integration requires a course correction."
integrieren,Verb,nan,nan,0,B1,349,integrate,Sie müssen sich in die Gesellschaft integrieren.,They have to integrate into society.
Intelligenz,Substantiv,fem.,die,0,B1,208,intelligence,"An sich selbst zu zweifeln, ist das erste Zeichen von Intelligenz.",To have doubts about oneself is the first sign of intelligence.
intensiv,Adjektiv,nan,nan,0,B1,720,intense,Der Wettkampf um diese Position ist sehr intensiv.,Competition for the position is very intense.
Intensivkurs,Substantiv,mask.,der,0,B1,9,nan,nan,nan
interessant,Adjektiv,nan,nan,0,B1,339,interesting,Das scheint mir interessant!,It seems interesting to me.
interessiert,partizipiales Adjektiv,nan,nan,0,B1,387,interested,"Dieser Journalist, dessen Artikel dich so interessiert hat, ist mein Nachbar.","This journalist, whose article you were so interested in, is my neighbor."
interkulturell,Adjektiv,nan,nan,0,B1,52,cross-cultural,nan,nan
inzwischen,Adverb,nan,nan,0,B1,1044,in the meantime,"Ich habe inzwischen verstanden, dass dies keine ganz einfache Frage ist.",In the meantime I've come to understand that this is not such an easy question.
irgendein,Indefinitpronomen,nan,nan,0,B1,158,any,Siehst du drüben irgendeinen Polizisten?,Do you see any policeman over there?
irgendwann,Adverb,nan,nan,0,B1,362,anytime,nan,nan
irren,Verb,nan,nan,0,B1,380,be mistaken,Du musst dich irren.,You must be mistaken.
Jause,Substantiv,fem.,die,0,B1,15,snack,nan,nan
je,Konjunktion,nan,nan,0,B1,3799,depending,"Je nachdem, was du für den Hauptpunkt hältst, sind beide OK.","Depending on which you think of as the main point, either is OK."
jederzeit,Adverb,nan,nan,0,B1,193,anytime,Du darfst das jederzeit benutzen.,You can use it anytime.
jedes Mal,Adverb,nan,nan,0,B1,nan,nan,nan,nan
jedoch,Konjunktion,nan,nan,0,B1,3029,however,Die Prinzessin jedoch verschanzte sich im Zimmer und kam nicht heraus.,"However, the princess had barricaded herself in her room and wouldn't come out."
jemals,Adverb,nan,nan,0,B1,251,ever,Haben Sie jemals so einen schönen Sonnenuntergang gesehen?,Have you ever seen such a beautiful sunset?
jeweils,Adverb,nan,nan,0,B1,852,always,nan,nan
Journalist,Substantiv,mask.,der,0,B1,396,journalist,"Der Journalist hat eine Wohnung gemietet, die sehr teuer ist.",The journalist rented an apartment that is very expensive.
Journalistin,Substantiv,fem.,die,0,B1,65,nan,nan,nan
Jugend,Substantiv,fem.,die,0,B1,448,adolescence,nan,nan
Kabel,Substantiv,neutr.,das,0,B1,241,cable,Das Kabel hängt von der Decke.,The cable is hanging from the ceiling.
Kabine,Substantiv,fem.,die,0,B1,121,cabin,Tom war in der Kabine.,Tom was in the cabin.
Kaffeehaus,Substantiv,neutr.,das,0,B1,45,coffee shop,Das Kaffeehaus ist mein Lieblingsplatz.,That coffee shop is my favorite haunt.
Kakao,Substantiv,mask.,der,0,B1,75,cacao,nan,nan
Kampf,Substantiv,mask.,der,0,B1,967,battle,Sie haben den Kampf verloren.,They lost the battle.
Kanal,Substantiv,mask.,der,0,B1,361,canal,Warum bist du so spät?,Why are you late?
Kandidat,Substantiv,mask.,der,0,B1,303,candidate,Der Kandidat der Republikaner gewann die Wahl.,The Republican candidate won the election.
Kanne,Substantiv,fem.,die,0,B1,98,can,Die Kanne leckt.,This can is leaking.
Kantine,Substantiv,fem.,die,0,B1,58,canteen,Jeden Donnerstag gibt es in der Kantine Wiener Schnitzel.,There's Wiener Schnitzel in the canteen every Thursday.
Kapitel,Substantiv,neutr.,das,0,B1,357,chapter,Lasst uns mit Kapitel 1 beginnen.,Let's begin with the first chapter.
kaputt machen,Verb,nan,nan,0,B1,nan,nan,nan,nan
kaputtgehen,Verb,nan,nan,0,B1,6,break down,nan,nan
kaputtmachen,Verb,nan,nan,0,B1,1,break,Lass ihn keine Gläser kaputtmachen!,Don't let him break any glasses.
Karneval,Substantiv,mask.,der,0,B1,131,Shrovetide,nan,nan
Karotte,Substantiv,fem.,die,0,B1,15,baby carrot,nan,nan
Karriere,Substantiv,fem.,die,0,B1,342,career,"Als Justin Bieber seine musikalische Karriere startete, war er vierzehn Jahre alt.","When Justin Bieber started his music career, he was fourteen years old."
Kassette,Substantiv,fem.,die,0,B1,66,cassette,"Ich hatte mein Portemonnaie verloren, darum konnte ich die Kassette nicht kaufen.","I had lost my purse, so I couldn't buy the cassette."
Kasten,Substantiv,mask.,der,0,B1,219,box,Tony hat diesen Kasten hergestellt.,This box was made by Tony.
Katalog,Substantiv,mask.,der,0,B1,87,catalog,Unser Katalog kann Ihnen auf Wunsch zugeschickt werden.,Our catalog will be sent on demand.
Katastrophe,Substantiv,fem.,die,0,B1,253,calamity,Durch reines Glück wurde eine Katastrophe vermieden.,A calamity was avoided by sheer luck.
Kauf,Substantiv,mask.,der,0,B1,537,purchase,Sie sparen ihr Geld für den Kauf eines Hauses.,They are saving their money for the purchase of a house.
kaum,Adverb,nan,nan,0,B1,2692,barely,"Er hatte kaum genug Geld, um Brot und Milch zu kaufen.",He had barely enough money to buy bread and milk.
Kellner,Substantiv,mask.,der,0,B1,220,cellarer,nan,nan
Kellnerin,Substantiv,fem.,die,0,B1,60,waitress,Eine schöne Kellnerin bediente uns.,A pretty waitress waited on us.
Kennzeichen,Substantiv,neutr.,das,0,B1,274,licence plate,nan,nan
Kerze,Substantiv,fem.,die,0,B1,267,candle,Die Kerze ging von selber aus.,The candle went out by itself.
Kindheit,Substantiv,fem.,die,0,B1,292,childhood,Ich erinnere mich immer weniger an meine Kindheit.,I recall less and less of my childhood.
Kissen,Substantiv,neutr.,das,0,B1,133,cushion,Ich werde ein Kissen herstellen und es mit Tannennadeln befüllen.,I'm going to make a cushion and fill it with fir needles.
Kiste,Substantiv,fem.,die,0,B1,96,box,Was ist in der Kiste?,What's in the box?
klagen,Verb,nan,nan,0,B1,835,bring an action,nan,nan
klasse,Adjektiv,nan,nan,0,B1,nan,awesome,nan,nan
Klassenarbeit,Substantiv,fem.,die,0,B1,40,class test,nan,nan
kleben,Verb,nan,nan,0,B1,1985,adhere,nan,nan
klettern,Verb,nan,nan,0,B1,5007,climb,Ein Bär kann auf einen Baum klettern.,A bear can climb a tree.
Klick,Substantiv,"mask., neutr.","der, das",0,B1,57,click,"Du hast einen Kommentar hinzugefügt, keine Übersetzung.","You have added a comment, not a translation."
klicken,Verb,nan,nan,0,B1,195,click,Klicken Sie um zu bearbeiten!,Click to edit!
Klima,Substantiv,neutr.,das,0,B1,519,climate,Du wirst dich bald an das hiesige Klima gewöhnt haben.,You'll soon get used to the climate here.
Klimaanlage,Substantiv,fem.,die,0,B1,77,air conditioner,Die Klimaanlage ist außer Betrieb.,The air conditioner doesn't work.
Klingel,Substantiv,fem.,die,0,B1,58,bell,"Sobald sie die Klingel hörte, ging sie ans Telefon.","As soon as she heard the bell ring, she answered the telephone."
klingeln,Verb,nan,nan,0,B1,645,ring,Ich hörte das Telefon klingeln.,I heard the phone ring.
klingen,Verb,nan,nan,0,B1,4103,clink,nan,nan
Klinik,Substantiv,fem.,die,0,B1,259,clinic,Die Klinik gestattet nur zwei gleichzeitige Besucher pro Patient.,The clinic allowed only two visitors per patient at any one time.
klopfen,Verb,nan,nan,0,B1,997,beat,Mein Herz begann heftig zu klopfen.,My heart began to beat fast.
Kloß,Substantiv,mask.,der,0,B1,22,dumpling,nan,nan
klären,Verb,nan,nan,0,B1,777,clarify,nan,nan
knapp,Adjektiv,nan,nan,0,B1,1027,almost,Tom ist jetzt schon seit knapp einem Jahr mit Johanna zusammen.,Tom has been going with Jane for almost a year now.
Kneipe,Substantiv,fem.,die,0,B1,207,pub,Lass uns bis zur Kneipe um die Wette rennen!,Let's race to the pub!
Knie,Substantiv,neutr.,das,0,B1,699,knee,Mein Knie blutet.,My knee is bleeding.
Knochen,Substantiv,mask.,der,0,B1,554,bone,"Der Hund war eifrig damit beschäftigt, seinen Knochen im Garten zu vergraben.",The dog was busy burying his bone in the garden.
Knopf,Substantiv,mask.,der,0,B1,128,button,"Können Sie mir sagen, auf welchen Knopf ich drücken muss?",Can you tell me which button to press?
Knödel,Substantiv,mask.,der,0,B1,39,dumpling,Im Nu war der tennisballgroße Knödel verschwunden.,"In the blink of an eye, the tennis-ball-sized dumpling had disappeared."
Koch,Substantiv,mask.,der,0,B1,340,Cook,Mein Mann ist ein sehr guter Koch.,My husband is a very good cook.
Kommunikation,Substantiv,fem.,die,0,B1,446,communication,Ihre Kommunikation ist vielleicht viel komplexer als wir dachten.,Their communication may be much more complex than we thought.
komplett,Adjektiv,nan,nan,0,B1,473,complete,Johns Unternehmen hat sich als kompletter Fehlschlag erwiesen.,John's business has turned out to be a complete failure.
kompliziert,partizipiales Adjektiv,nan,nan,0,B1,368,complicated,"Mathe ist wie Liebe - eine einfache Idee, aber es kann kompliziert werden.","Math is like love: a simple idea, but it can get complicated."
Kompromiss,Substantiv,"mask., neutr.",der,0,B1,83,compromise,Der Kongress nahm den Kompromiss an.,The Congress accepted the compromise.
Konferenz,Substantiv,fem.,die,0,B1,211,conference,Die Konferenz soll in Tokio stattfinden.,The conference is to be held in Tokyo.
Konfitüre,Substantiv,fem.,die,0,B1,23,confiture,nan,nan
Konflikt,Substantiv,mask.,der,0,B1,606,clash,nan,nan
Konkurrenz,Substantiv,fem.,die,0,B1,218,competition,Wir sind in heftiger Konkurrenz mit dieser Firma.,We are in a fierce competition with that company.
Konsulat,Substantiv,neutr.,das,0,B1,58,consulate,Hast du in Frankreich in der Botschaft oder im Konsulat gearbeitet?,In France did you work at the embassy or in the consulate?
Konsum,Substantiv,mask.,der,0,B1,194,consumption,nan,nan
konsumieren,Verb,nan,nan,0,B1,216,consume,Die Schweizer konsumieren viel Bier.,The Swiss consume a large amount of beer.
Kontrolle,Substantiv,fem.,die,0,B1,632,control,"Wenn er betrunken ist, gerät er außer Kontrolle.",He is out of control when drunk.
konzentrieren,Verb,nan,nan,0,B1,481,concentrate,"Sie machen zu viel Lärm, ich kann mich nicht konzentrieren.",They're making too much noise.
Kopie,Substantiv,fem.,die,0,B1,181,blueprint,nan,nan
kopieren,Verb,nan,nan,0,B1,161,copy,"Es ist illegal, ein Buch ohne die Genehmigung des Autors zu kopieren.",It is illegal to copy from books without the author's permission.
Kopierer,Substantiv,mask.,der,0,B1,18,copier,nan,nan
korrekt,Adjektiv,nan,nan,0,B1,349,correct,Dieser Satz ist grammatisch korrekt.,This sentence is grammatically correct.
Korridor,Substantiv,mask.,der,0,B1,95,corridor,Im Korridor herrschte absolute Finsternis.,The corridor was in complete darkness.
korrigieren,Verb,nan,nan,0,B1,181,adjust,nan,nan
Kosten,Substantiv,nan,nan,1,B1,6450,at the expense of,"Er wurde zu einem brillanten Gelehrten, aber dies auf Kosten seiner Gesundheit.","He became a brilliant scholar, but only at the expense of his health."
Kostüm,Substantiv,neutr.,das,0,B1,129,costume,Warum trägst du kein Kostüm?,Why aren't you wearing a costume?
Kraft,Substantiv,fem.,die,0,B1,1684,force,Die Piratenpartei könnte sich zu einer der treibenden politischen Kräfte entwickeln.,The Pirate Party could mature into a political driving force.
Kraftfahrzeug,Substantiv,neutr.,das,0,B1,293,motor vehicle,nan,nan
Kraftwerk,Substantiv,neutr.,das,0,B1,169,power plant,Das Kraftwerk versorgt den entfernten Bezirk mit Elektrizität.,The power plant supplies the remote district with electricity.
Kranke,Substantiv,"fem., mask.","die, der",0,B1,306,sick person,nan,nan
Krankenpfleger,Substantiv,mask.,der,0,B1,24,male nurse,nan,nan
Krankenschwester,Substantiv,fem.,die,0,B1,84,nurse,John mag die Krankenschwester.,John likes the nurse.
Krankenwagen,Substantiv,mask.,der,0,B1,3,ambulance,Wie lautet die Telefonnummer des Krankenwagens?,What is the telephone number of the ambulance?
kreativ,Adjektiv,nan,nan,0,B1,175,creative,"Mathematiker sind kreative Künstler, ihre Kunstwerke raffinierte Gedankengebäude und ästhetische Beweise.","Mathematicians are creative artists, their artworks being sophisticated constructs of ideas and aesthetic proofs."
Kreis,Substantiv,mask.,der,0,B1,1247,circle,Zeichne einen Kreis.,Draw a circle.
Kreuz,Substantiv,neutr.,das,0,B1,919,Cross,Mach vor deinem Namen ein Kreuz.,Make a cross before your name.
Krieg,Substantiv,mask.,der,0,B1,12769,war,Eine Million Menschen haben im Krieg ihr Leben verloren.,One million people lost their lives in the war.
Kriminalpolizei,Substantiv,fem.,die,0,B1,45,criminal investigation department,nan,nan
Krise,Substantiv,fem.,die,0,B1,433,crisis,"Es ist zwecklos, in Zeiten einer Krise die Vergangenheit zu idealisieren.",In times of crisis one should never idealise the past.
Kritik,Substantiv,fem.,die,0,B1,559,criticism,"Er wurde verlegen, als ich darauf bestand, die Kritiken seines neuen Buches zu lesen.",He was embarrassed when I insisted on reading the criticism of his new book.
kritisch,Adjektiv,nan,nan,0,B1,698,censorious,nan,nan
kritisieren,Verb,nan,nan,0,B1,497,criticize,"Es ist nicht richtig, Leute hinter ihrem Rücken zu kritisieren.",It is not right to criticize people behind their backs.
kräftig,Adjektiv,nan,nan,0,B1,650,enormous,nan,nan
Kuli,Substantiv,mask.,der,0,B1,28,ballpoint pen,Meinem Kuli ist gerade die Tinte ausgegangen.,My ballpoint pen just ran out of ink.
Kunststoff,Substantiv,mask.,der,0,B1,576,plastic,Dieser Kleber hält keinen Kunststoff.,This glue does not adhere to plastic.
Kursleiter,Substantiv,mask.,der,0,B1,7,course instructor,nan,nan
Kursleiterin,Substantiv,fem.,die,0,B1,7,nan,nan,nan
Kurve,Substantiv,fem.,die,0,B1,362,bend,In der Kurve ist mir das Auto ins Schleudern geraten.,My car went into a skid on the bend.
Kuss,Substantiv,mask.,der,0,B1,68,kiss,Ich hatte mir meinen ersten Kuss romantischer vorgestellt.,I imagined my first kiss would be more romantic.
Kuvert,Substantiv,neutr.,das,0,B1,26,nan,nan,nan
Kälte,Substantiv,fem.,die,0,B1,370,chill,Sie trug einen dicken Mantel gegen die Kälte.,She was wearing a thick coat against the chill.
kämpfen,Verb,nan,nan,0,B1,7612,fight,Wir müssen für unsere Demokratie kämpfen.,We must fight for our democracy.
Käufer,Substantiv,mask.,der,0,B1,179,buyer,Sie haben immer noch keinen Käufer für das Haus gefunden.,They still haven't found a buyer for that house.
Käuferin,Substantiv,fem.,die,0,B1,16,nan,nan,nan
Köchin,Substantiv,fem.,die,0,B1,88,cook,"Er ist stolz, dass seine Frau eine gute Köchin ist.",He is proud that his wife is a good cook.
König,Substantiv,mask.,der,0,B1,1346,King,"Wenn ich groß bin, will ich ein König sein.","When I grow up, I want to be a king."
körperlich,Adjektiv,nan,nan,0,B1,1463,bodily,"Maler und Bildhauer unter den Nazis stellten oft Akte dar, aber es war ihnen nicht erlaubt, körperliche Unvollkommenheiten abzubilden.","Painters and sculptors under the Nazis often depicted the nude, but they were forbidden to show any bodily imperfections."
Kündigung,Substantiv,fem.,die,0,B1,107,cancelation,nan,nan
Künstler,Substantiv,mask.,der,0,B1,635,artist,Ich bin kein Künstler.,I am not an artist.
Künstlerin,Substantiv,fem.,die,0,B1,95,artist,Sie wird in Zukunft eine berühmte Künstlerin sein.,She will be a famous artist in the future.
künstlich,Adjektiv,nan,nan,0,B1,1358,artificial,"Keine Farbstoffe, Konservierungsstoffe oder künstliche Aromen.","No artificial colours, preservatives or flavours."
kürzlich,Adjektiv,nan,nan,0,B1,297,lately,Hast du kürzlich mit Tom gesprochen?,Have you talked to Tom lately?
küssen,Verb,nan,nan,0,B1,109,kiss,Ich möchte dich küssen.,I want to kiss you.
Küste,Substantiv,fem.,die,0,B1,647,coast,Mehr als ein Drittel der Weltbevölkerung lebt in der Nähe einer Küste.,More than a third of the world population lives near a coast.
Lage,Substantiv,fem.,die,0,B1,1404,bed,nan,nan
Lager,Substantiv,neutr.,das,0,B1,1542,bearing,nan,nan
landen,Verb,nan,nan,0,B1,1138,alight,"Manche Menschen sind im Glück geboren: was sie auch anfangen, das gelingt; was ihnen zufällt, sind die besten Stücke; alle ihre Gänse sind Schwäne, Trümpfe alle ihre Karten; stets landen sie, wohin man sie auch wirft, wie die Katzen auf den Füßen und ziehen um so frischer fort.","Some men are born to good luck: all they do or try to do comes right—all that falls to them is so much gain—all their geese are swans—all their cards are trumps—toss them which way you will, they will always, like poor puss, alight upon their legs, and only move on so much the faster."
Landung,Substantiv,fem.,die,0,B1,123,landing,Das Flugzeug machte eine perfekte Landung.,The plane made a perfect landing.
Landwirtschaft,Substantiv,fem.,die,0,B1,464,agriculture,Die Wirtschaft des Landes hängt von der Landwirtschaft ab.,The country's economy depends on agriculture.
Langeweile,Substantiv,fem.,die,0,B1,72,boredom,"Langeweile ist das Gefühl, dass alles Zeitverschwendung ist; Abgeklärtheit, dass nichts es ist.","Boredom is the feeling that everything is a waste of time; serenity, that nothing is."
Langweile,Substantiv,fem.,die,0,B1,nan,nan,nan,nan
langweilen,Verb,nan,nan,0,B1,60,bore,"Leute, die ständig nur von sich reden, langweilen mich.",People who talk about themselves all the time bore me.
Laster,Substantiv,mask.,der,0,B1,103,lorry,Ich habe einen Laster.,I've got a lorry.
Laufwerk,Substantiv,neutr.,das,0,B1,32,drive,Mein Laptop hat kein optisches Laufwerk.,My laptop doesn't have an optical disk drive.
Laune,Substantiv,fem.,die,0,B1,171,mood,Er hat schlechte Laune.,He is in a bad mood.
Lautsprecher,Substantiv,mask.,der,0,B1,128,loudspeaker,Der Lautsprecher ist kaputt.,The loudspeaker's not working.
Lebenslauf,Substantiv,mask.,der,0,B1,65,curriculum vitae,Wie schreibt man einen guten Lebenslauf?,How does one write a good curriculum vitae?
lecker,Adjektiv,nan,nan,0,B1,201,delicious,Das italienische Essen war lecker.,The Italian food was delicious.
Leder,Substantiv,neutr.,das,0,B1,371,football,Dieser Fußball ist aus echtem Leder.,That football is made of genuine leather.
Lehre,Substantiv,fem.,die,0,B1,798,apprenticeship,Ich werde eine Lehre machen.,I am going to do an apprenticeship.
Lehrerin,Substantiv,fem.,die,0,B1,260,female,Mary war die einzige Lehrerin.,Mary was the only female teacher.
Lehrling,Substantiv,mask.,der,0,B1,115,trainee,nan,nan
Lehrstelle,Substantiv,fem.,die,0,B1,22,apprenticeship,Es gibt zurzeit noch rund 5.,"At the moment, there are still some 5,300 vacant apprenticeship places, with some 2,300 applicants."
leiden,Verb,nan,nan,0,B1,2083,put up with,nan,nan
leisten,Verb,nan,nan,0,B1,1982,afford,"Ich kann es mir nicht leisten, ein Haus wie dieses in Tokio zu mieten.",I can't afford to rent a house like this in Tokyo.
Leistung,Substantiv,fem.,die,0,B1,1218,benefit,nan,nan
leiten,Verb,nan,nan,0,B1,10132,conduct,"Aluminium leitet Elektrizität nicht so gut, wie es Kupfer tut.",Aluminum doesn't conduct electricity as well as copper does.
Leiter,Substantiv,mask.,der,0,B1,601,conductor,"Graphen ist sehr stark, biegsam und ein guter elektrischer Leiter.","Graphene is very strong, flexible and a good conductor of electricity."
Leiterin,Substantiv,fem.,die,0,B1,149,nan,nan,nan
Leitung,Substantiv,fem.,die,0,B1,498,direction,nan,nan
Lerner,Substantiv,mask.,der,0,B1,21,learner,nan,nan
Lernerin,Substantiv,fem.,die,0,B1,6,nan,nan,nan
Leser,Substantiv,mask.,der,0,B1,439,reader,"Ein kluger Leser sollte bereit sein, alles abzuwägen, was er liest, einschließlich der anonymen Quellen.","An astute reader should be willing to weigh everything they read, including anonymous sources."
Leserin,Substantiv,fem.,die,0,B1,21,reader,Sie ist eine unersättliche Leserin.,She's a voracious reader.
Lexikon,Substantiv,neutr.,das,0,B1,139,encyclopedia,Eine aktualisierte Ausgabe des Lexikons wird im nächsten Monat erscheinen.,An up-to-date edition of the encyclopedia will come out next month.
Lieferung,Substantiv,fem.,die,0,B1,164,delivery,Die Lieferung ist nicht im Preis enthalten.,Delivery is not included in the price.
Lift,Substantiv,mask.,der,0,B1,60,elevator,Wo ist der Lift?,Where is the elevator?
Limonade,Substantiv,fem.,die,0,B1,69,lemonade,Sie trinken viel Limonade.,They drink a lot of lemonade.
Linie,Substantiv,fem.,die,0,B1,1125,file,nan,nan
link,Adjektiv,nan,nan,0,B1,109,left,Mein linkes Schultergelenk schmerzt.,The joint of my left shoulder aches.
Lippe,Substantiv,fem.,die,0,B1,431,lip,Ich habe innen auf meine Lippe gebissen und ein schlimmes Geschwür davon bekommen.,I bit the inside of my lip and got a canker sore.
Liste,Substantiv,fem.,die,0,B1,608,list,Meine Sprache ist nicht in der Liste!,My language is not on the list!
Literatur,Substantiv,fem.,die,0,B1,684,literature,"Die Schwierigkeit der japanischen Sprache verhindert, dass Ausländer, von einer Handvoll abgesehen, sich der japanischen Literatur in der Originalsprache nähern.",The difficulties of the Japanese language prevent all but a handful of foreigners from approaching the literature in the original.
loben,Verb,nan,nan,0,B1,815,praise,Ich kann ihn nicht genug loben.,I can't praise him enough.
Loch,Substantiv,neutr.,das,0,B1,1315,hole,In deinem Socken ist ein Loch.,There is a hole in your sock.
locker,Adjektiv,nan,nan,0,B1,993,laid-back,Australier sollen eine entspannte und lockere Einstellung zum Leben haben.,Australians are supposed to have a relaxed and laid-back attitude to life.
Lohn,Substantiv,mask.,der,0,B1,265,reward,Jeder Arbeiter ist seines Lohnes wert.,Every effort deserves a reward.
lohnen,Verb,nan,nan,0,B1,193,pay,Verbrechen lohnt sich nicht.,Crime doesn't pay.
los,Adverb,nan,nan,0,B1,2560,come on,"Na los, mach schon!","Come on, do it."
losfahren,Verb,nan,nan,0,B1,74,approach,nan,nan
Luft,Substantiv,fem.,die,0,B1,4926,air,"Ich bin spazieren gegangen, um Luft zu schnappen.",I went for a walk to get some air.
lächeln,Verb,nan,nan,0,B1,911,grin,nan,nan
Länge,Substantiv,fem.,die,0,B1,666,duration,"Länge hat nichts mit Tiefe, Dauer nichts mit Intensität zu tun.","Just as length has nothing to do with depth, duration has nothing to do with intensity."
längst,Adverb,nan,nan,0,B1,772,for a long time,nan,nan
Lärm,Substantiv,mask.,der,0,B1,309,noise,"Ich kann bei diesem Lärm nicht denken, sagte sie auf die Schreibmaschine starrend.","I can't think with that noise, she said, as she stared at the typewriter."
löschen,Verb,nan,nan,0,B1,770,delete,Ich muss viele Dateien von meinem Computer löschen.,I have to delete many files from my computer.
lösen,Verb,nan,nan,0,B1,7611,buy,Du musst eine Fahrkarte lösen.,You need to buy a ticket.
Magazin,Substantiv,neutr.,das,0,B1,148,depository,nan,nan
mager,Adjektiv,nan,nan,0,B1,308,barren,"Alle haben ein Haus, das sie aufnimmt, ein Heim, in dem sie Zuflucht finden.","Everyone has a house to go to, a home where they can find shelter."
Mahlzeit,Substantiv,fem.,die,0,B1,253,meal,Putze deine Zähne nach jeder Mahlzeit.,Brush your teeth after each meal.
Mahnung,Substantiv,fem.,die,0,B1,60,dun,nan,nan
Mal,Substantiv,neutr.,das,0,B1,234,Mal,nan,nan
Maler,Substantiv,mask.,der,0,B1,271,artist,Tom ist ein sehr begabter Maler.,Tom is a very gifted artist.
Malerin,Substantiv,fem.,die,0,B1,26,paintress,nan,nan
Mangel,Substantiv,mask.,der,0,B1,508,dearth,nan,nan
Mappe,Substantiv,fem.,die,0,B1,96,briefcase,nan,nan
Margarine,Substantiv,fem.,die,0,B1,30,margarine,Kannst du Butter von Margarine unterscheiden?,Can you tell butter from margarine?
Marille,Substantiv,fem.,die,0,B1,30,nan,nan,nan
Marke,Substantiv,fem.,die,0,B1,581,brand,Auldey ist eine chinesische Marke.,Auldey is a Chinese brand.
markieren,Verb,nan,nan,0,B1,382,highlight,nan,nan
Marmelade,Substantiv,fem.,die,0,B1,119,jam,Erdbeeren werden zu Marmelade verarbeitet.,Strawberries are made into jam.
Material,Substantiv,neutr.,das,0,B1,1574,material,Dieser Badeanzug ist aus elastischem Material.,This swimming suit is made of elastic material.
Matura,Substantiv,fem.,die,0,B1,27,A-levels,nan,nan
Mauer,Substantiv,fem.,die,0,B1,729,wall,Das Auto fuhr gegen die Mauer.,The car crashed into the wall.
maximal,Adjektiv,nan,nan,0,B1,332,maximal,nan,nan
Mechaniker,Substantiv,mask.,der,0,B1,64,mechanic,Ein geschickter Mechaniker verdient nicht schlecht.,A skilled mechanic makes decent money.
Mechanikerin,Substantiv,fem.,die,0,B1,6,mechanic,Ich wurde Mechanikerin.,I became a mechanic.
Medium,Substantiv,neutr.,das,0,B1,1196,media,"Jeder hat das Recht auf Meinungsfreiheit und freie Meinungsäußerung; dieses Recht schließt die Freiheit ein, Meinungen ungehindert anzuhängen sowie über Medien jeder Art und ohne Rücksicht auf Grenzen Informationen und Gedankengut zu suchen, zu empfangen und zu verbreiten.","Everyone has the right to freedom of opinion and expression; this right includes freedom to hold opinions without interference and to seek, receive and impart information and ideas through any media and regardless of frontiers."
Medizin,Substantiv,fem.,die,0,B1,397,medicine,"Sie ist nach Amerika gegangen, um Medizin zu studieren.",She went to America with a view to studying medicine.
Mehl,Substantiv,neutr.,das,0,B1,328,flour,Mehl wird pfundweise verkauft.,Flour is sold by the pound.
mehrere,Indefinitpronomen,nan,nan,0,B1,7630,several,Er wartete mehrere Sekunden und öffnete die Tür.,He waited for several seconds and opened the door.
Mehrheit,Substantiv,fem.,die,0,B1,446,bulk,nan,nan
Mehrwertsteuer,Substantiv,fem.,die,0,B1,55,VAT,Ist dieser Preis inklusive der Mehrwertsteuer?,Does the price include VAT?
meinetwegen,Pronominaladverb,nan,nan,0,B1,19,because of me,"Ich will nicht, dass du meinetwegen aufhörst.",I don't want you to quit because of me.
Meister,Substantiv,mask.,der,0,B1,470,champion,Ich stellte mich dem Meister.,I faced the champion.
melden,Verb,nan,nan,0,B1,3939,enlist,nan,nan
Meldung,Substantiv,fem.,die,0,B1,182,message,nan,nan
Mensa,Substantiv,fem.,die,0,B1,99,cafeteria,Ich habe gerade Tom in der Mensa getroffen.,I just ran into Tom in the cafeteria.
menschlich,Adjektiv,nan,nan,0,B1,6846,human,Die Temperatur des menschlichen Körpers bewegt sich um 37 °C.,The temperature of the human body hovers around 37°C.
Menü,Substantiv,neutr.,das,0,B1,80,menu,"Ich kann perfekt Italienisch, sagte sie angeberisch, während sie sich aus dem Menü ein Gericht aussuchte, aber als das Essen serviert wurde, war es gar nicht das, was sie erwartete.","I understand Italian perfectly, she boasted while choosing a dish from the menu, but when the food was served, it was not at all what she expected."
merkwürdig,Adjektiv,nan,nan,0,B1,286,remarkable,nan,nan
messen,Verb,nan,nan,0,B1,2457,compare,nan,nan
Metall,Substantiv,neutr.,das,0,B1,855,metal,Eisen ist ein nützliches Metall.,Iron is a useful metal.
Methode,Substantiv,fem.,die,0,B1,958,method,Ihre Methode ist im Vergleich zu unserer bei weitem fortschrittlicher.,Her method is far in advance of ours.
Metropole,Substantiv,fem.,die,0,B1,130,metropolis,nan,nan
Metzger,Substantiv,mask.,der,0,B1,95,Butcher,Ein Lamm beim Metzger?,A lamb at the butcher's?
Mieter,Substantiv,mask.,der,0,B1,191,lodger,nan,nan
Mieterin,Substantiv,fem.,die,0,B1,19,tenant,nan,nan
Migrant,Substantiv,mask.,der,0,B1,135,migrant,nan,nan
Migrantin,Substantiv,fem.,die,0,B1,7,nan,nan,nan
Migration,Substantiv,fem.,die,0,B1,76,migration,nan,nan
mild,Adjektiv,nan,nan,0,B1,179,gentle,nan,nan
Minderheit,Substantiv,fem.,die,0,B1,216,minority,Der Vorsitzende sollte die Meinung der Minderheit beachten.,The chairman should take the minority opinion into account.
minimal,Adjektiv,nan,nan,0,B1,388,minimal,Der unternehmerische Fußabdruck ist minimal.,The company footprint is minimal.
mischen,Verb,nan,nan,0,B1,2820,mingle,Auf dem alten Marktplatz mischen sich Gemüse- und Fischgerüche mit dem Lärm von Gesprächen in vielen Sprachen.,"On the old marketplace, smells of fish, fruit and vegetables mingle with the hubbub of conversations spoken in many languages."
miss-,Affix,nan,nan,0,B1,1,nan,nan,nan
Mitarbeiterin,Substantiv,fem.,die,0,B1,114,assistant,Ich bin bei Herrn Eliot als Mitarbeiterin beschäftigt.,I work as Mr Eliot's assistant.
miteinander,Adverb,nan,nan,0,B1,1984,together,"Sie streiten viel, aber die meiste Zeit kommen sie ganz gut miteinander aus.","They argue a lot, but for the most part they get along quite well together."
Mitglied,Substantiv,neutr.,das,0,B1,1691,member,Ich bin Mitglied im Schwimmverein.,I'm a member of the swimming club.
mitteilen,Verb,nan,nan,0,B1,522,communicate,"Schließlich gelang es Ted, seine Gedanken auf Japanisch mitzuteilen.",Ted was finally able to communicate his thoughts in Japanese.
mitten,Adverb,nan,nan,0,B1,530,in the middle,"Scheiße, wer ist der Vollidiot, der es wagt, mich mitten in der Nacht anzurufen?","Holy crap, who's the asshole who dares call me in the middle of the night?"
mittler,Adjektiv,nan,nan,0,B1,89,nan,nan,nan
mittlerweile,Adverb,nan,nan,0,B1,634,by now,Sie sollte mittlerweile angekommen sein.,She ought to have arrived by now.
mobil,Adjektiv,nan,nan,0,B1,132,mobile,Warum gibt es keine mobile Version von Tatoeba?,Why is there no mobile version of Tatoeba?
Mobilbox,Substantiv,fem.,die,0,B1,nan,nan,nan,nan
Mobilität,Substantiv,fem.,die,0,B1,73,nan,nan,nan
Modell,Substantiv,neutr.,das,0,B1,708,model,Ist dieses neue Modell auf dem Markt erhältlich?,Is this new model available on the market?
Mond,Substantiv,mask.,der,0,B1,413,Moon,Morgen wird er auf dem Mond landen.,"Tomorrow, he will land on the moon."
Monitor,Substantiv,mask.,der,0,B1,85,monitor,nan,nan
Motorrad,Substantiv,neutr.,das,0,B1,168,bike,Sie stieg auf ihr Motorrad und fuhr weg.,She got on her bike and rode away.
musikalisch,Adjektiv,nan,nan,0,B1,301,musical,"David hat ein leidenschaftliches Interesse an Ästhetik - den Eigenschaften, die ein Gemälde, eine Skulptur, eine musikalische Komposition oder ein Gedicht Auge, Ohr oder Geist gefallen lassen.","David has a keen interest in aesthetics — the qualities that make a painting, sculpture, musical composition, or poem pleasing to the eye, ear, or mind."
Musiker,Substantiv,mask.,der,0,B1,335,musician,Der Musiker erfreut sich sowohl in Japan als auch in Amerika großer Beliebtheit.,The musician is enjoying great popularity both in Japan and in America.
Musikerin,Substantiv,fem.,die,0,B1,27,musician,Sie erwies sich als eine große Musikerin.,She proved to be a great musician.
Muskel,Substantiv,mask.,der,0,B1,416,muscle,Die Katze bewegte keinen Muskel.,The cat didn't move a muscle.
Mut,Substantiv,mask.,der,0,B1,275,confidence,nan,nan
mutig,Adjektiv,nan,nan,0,B1,223,brave,"Er ist nicht zur mutig, sondern auch weise.",He is not only brave but wise.
Muttersprache,Substantiv,fem.,die,0,B1,207,first language,Englisch ist nicht meine Muttersprache.,English is not my first language.
Märchen,Substantiv,neutr.,das,0,B1,183,fairy tale,Hast du dieses Märchen allein geschrieben?,Did you write this fairy tale by yourself?
möbliert,partizipiales Adjektiv,nan,nan,0,B1,nan,furnished,Wo kann ich ein möbliertes Zimmer mieten?,Where can I rent a furnished room?
möglicherweise,Adverb,nan,nan,0,B1,402,maybe,Möglicherweise kommt der Frühling nach Ostern.,"Maybe after Easter, spring will come."
Möglichkeit,Substantiv,fem.,die,0,B1,1568,chance,Er hatte keine Möglichkeit uns zu besuchen.,He had no chance to visit us.
möglichst,Adverb,nan,nan,0,B1,852,as possible,Könnten Sie bitte möglichst langsam sprechen?,Could you speak as slowly as possible?
Möhre,Substantiv,fem.,die,0,B1,nan,carrot,Der Hase stahl aus dem Garten eine Möhre.,The hare stole a carrot from the garden.
Müesli,Substantiv,neutr.,das,0,B1,10,nan,nan,nan
Mühe,Substantiv,fem.,die,0,B1,489,effort,Nach Jahren der Frustration hatte sich endlich meine ganze Mühe ausgezahlt.,"After years of frustrations, finally all my effort had been repaid."
Müllabfuhr,Substantiv,fem.,die,0,B1,35,garbage collection,nan,nan
Mülltonne,Substantiv,fem.,die,0,B1,19,dust bin,nan,nan
mündlich,Adjektiv,nan,nan,0,B1,220,oral,"Ich mag Cavalieri, Tonelli und Fubini immer noch nicht, und morgen habe ich schon meine mündliche Analysisprüfung.","I still don't like Cavalieri, Tonelli, or Fubini."
Münze,Substantiv,fem.,die,0,B1,539,coin,Er nahm eine Münze aus seiner Tasche.,He took a coin out of his pocket.
Müsli,Substantiv,neutr.,das,0,B1,29,cereals,nan,nan
nachdem,Konjunktion,nan,nan,0,B1,2085,after,"Nachdem ich das zu meinem Chef gesagt habe, werde ich sicherlich meine Arbeit verlieren.","After I said such a thing to my boss, I am certain to lose my job."
nachdenken,Verb,nan,nan,0,B1,344,ponder,nan,nan
Nachfrage,Substantiv,fem.,die,0,B1,363,demand,Der Preis spiegelt die Nachfrage.,The price reflects the demand.
nachher,Adverb,nan,nan,0,B1,164,afterwards,"Wisst ihr schon, ob ihr nachher zum Strand fahrt und, wenn ja, wann?","Do you already know whether you will go to the beach afterwards, and, if yes, when?"
Nachhilfe,Substantiv,fem.,die,0,B1,31,extra assistance,nan,nan
nachschlagen,Verb,nan,nan,0,B1,122,consult,nan,nan
Nachspeise,Substantiv,fem.,die,0,B1,46,dessert,Möchtest du eine Nachspeise?,Would you like any dessert?
Nacht,Substantiv,fem.,die,0,B1,3524,night,"Nun gut, die Nacht ist sehr lang, oder?","Well, the night is quite long, isn't it?"
Nachteil,Substantiv,mask.,der,0,B1,264,damage,nan,nan
Nachwuchs,Substantiv,mask.,der,0,B1,132,offspring,nan,nan
Nadel,Substantiv,fem.,die,0,B1,223,needle,"Das ist, wie eine Nadel im Heuhaufen zu suchen.",It is like looking for a needle in a haystack.
Nagel,Substantiv,mask.,der,0,B1,195,nail,"Für den, der nur einen Hammer im Werkzeugkasten hat, sieht jedes Problem wie ein Nagel aus.","To the man who only has a hammer in the toolkit, every problem looks like a nail."
nah,Adjektiv,nan,nan,0,B1,4514,close,Die beiden Familien stehen sich sehr nah.,The two families have very close ties.
nahe,Adjektiv,nan,nan,0,B1,1,close,"Geh nicht zu nahe zum Teich, damit du nicht hineinfällst.",Don't go too close to the pond so that you won't fall in.
Nahrungsmittel,Substantiv,neutr.,das,0,B1,314,food,"Käse ist ein festes Nahrungsmittel, das aus der Milch von Kühen, Ziegen, Schafen oder anderen Säugetieren hergestellt wird.","Cheese is a solid food made from the milk of cows, goats, sheep, and other mammals."
Nase,Substantiv,fem.,die,0,B1,859,nase,nan,nan
national,Adjektiv,nan,nan,0,B1,2162,national,"Jeder hat Anspruch auf die in dieser Erklärung verkündeten Rechte und Freiheiten ohne irgendeinen Unterschied, etwa nach Rasse, Hautfarbe, Geschlecht, Sprache, Religion, politischer oder sonstiger Überzeugung, nationaler oder sozialer Herkunft, Vermögen, Geburt oder sonstigem Stand.","Everyone is entitled to all the rights and freedoms set forth in this Declaration, without distinction of any kind, such as race, colour, sex, language, religion, political or other opinion, national or social origin, property, birth or other status."
Nebel,Substantiv,mask.,der,0,B1,300,cloud,nan,nan
nebenbei,Adverb,nan,nan,0,B1,115,in passing,"Unsere Lehrerin zeigte uns verschiedene Blumenarten und erwähnte nebenbei, dass diese Blumen aus ihrem Garten stammten.",Our teacher showed us different kinds of flowers and told us in passing that those flowers came from her garden.
Neffe,Substantiv,mask.,der,0,B1,41,nephew,Ein Neffe ist der Sohn eines Bruders oder einer Schwester.,A nephew is a son of one's brother or sister.
negativ,Adjektiv,nan,nan,0,B1,1007,negative,Die Wirtschaft verzeichnete ein negatives Wachstum.,The economy recorded a negative growth.
Nerv,Substantiv,mask.,der,0,B1,992,nerve,Der Nervus ischiadicus ist der längste Nerv des menschlichen Körpers.,The sciatic nerve is the longest nerve in the human body.
Netz,Substantiv,neutr.,das,0,B1,648,net,Das Netz verhedderte sich in der Schiffsschraube.,The net got entangled in the propeller.
Netzwerk,Substantiv,neutr.,das,0,B1,317,network,"Es könnte ein Mörder sein, der in jedem sozialen Netzwerk harmlos ausschaut.",There may be a killer who looks harmless in any social network.
neugierig,Adjektiv,nan,nan,0,B1,222,curious,Ich bin neugierig.,I am curious.
Neuigkeit,Substantiv,fem.,die,0,B1,79,news,"Diese Neuigkeit ist zu schön, um wahr zu sein.",The news is too good to be true.
neulich,Adverb,nan,nan,0,B1,96,in recent times,nan,nan
Nichte,Substantiv,fem.,die,0,B1,nan,niece,nan,nan
Nichtraucher,Substantiv,"mask., neutr.","der, das",0,B1,28,non-smoker,Tom ist Nichtraucher.,Tom is a non-smoker.
Nichtraucherin,Substantiv,fem.,die,0,B1,7,non-smoker,"Nein, ich brauche keine Zigarette.","No, I don't need a cigarette."
niedrig,Adjektiv,nan,nan,0,B1,1060,low,Ich habe niedrigen Blutdruck.,I have low blood pressure.
nirgendwo,Adverb,nan,nan,0,B1,106,nowhere,Meine Tasche konnte nirgendwo gefunden werden.,My bag was nowhere to be found.
noch mal,Adverb,nan,nan,0,B1,nan,nan,nan,nan
nochmal,Adverb,nan,nan,0,B1,95,nan,nan,nan
nochmals,Adverb,nan,nan,0,B1,159,again,"Dieses Buch ist es wert, nochmals gelesen zu werden.",This book is worth reading again.
Nordsee,Eigenname,fem.,die,0,B1,175,German Sea,nan,nan
normalerweise,Adverb,nan,nan,0,B1,407,normally,Normalerweise frühstücke ich hier.,I eat breakfast here normally.
Not,Substantiv,fem.,die,0,B1,899,destitution,nan,nan
Notaufnahme,Substantiv,fem.,die,0,B1,27,emergency room,Sie bringen Mary in die Notaufnahme.,They're taking Mary to the emergency room.
Notausgang,Substantiv,mask.,der,0,B1,22,emergency exit,Wo ist der Notausgang?,Where's the emergency exit?
Notfall,Substantiv,mask.,der,0,B1,112,emergency,Rufen Sie mich im Notfall unter dieser Nummer an.,"In case of an emergency, phone me at this number."
Notruf,Substantiv,mask.,der,0,B1,46,emergency call,Der Notruf Mayday leitet sich von dem französischen Satz Venez m'aider ab.,"The emergency call Mayday comes from the French sentence, Venez m'aider."
nun,Adverb,nan,nan,0,B1,9830,now,"Wir zeigen nun, wie dieses Lemma angewendet werden kann, um unser Haupttheorem zu beweisen.","Now, we show how this lemma can be used to prove our main theorem."
nutzen,Verb,nan,nan,0,B1,6220,employ,nan,nan
nähen,Verb,nan,nan,0,B1,491,sew,Hast du dies von Hand genäht?,Did you sew this by hand?
nähern,Verb,nan,nan,0,B1,806,nan,nan,nan
nämlich,Konjunktion,nan,nan,0,B1,1225,actually,nan,nan
nötig,Adjektiv,nan,nan,0,B1,2079,necessary,"Ich werde kommen, falls nötig.",I'll come if necessary.
nützen,Verb,nan,nan,0,B1,316,use,"Es nützt nichts, mit ihr zu diskutieren.",It is no use arguing with her.
ob,Konjunktion,nan,nan,0,B1,8437,above,nan,nan
Ober,Substantiv,mask.,der,0,B1,246,queen,nan,nan
ober-,Affix,nan,nan,0,B1,2,chief,nan,nan
Obers,Substantiv,neutr.,das,0,B1,1,cream,nan,nan
obwohl,Konjunktion,nan,nan,0,B1,1671,albeit,Hast du schon mal Halsbandpekari gegessen?,Have you ever eaten javelina?
Ofen,Substantiv,mask.,der,0,B1,287,furnace,"Für die Umwandlung von Roheisen in Stahl erfand der Engländer Bessemer einen Ofen, wie man ihn im schwedischen Gävle noch heute sehen kann.","To turn pig iron into steel, the Englishman Bessemer invented a furnace like the one that can still be seen today in Gävle, Sweden."
offenbar,Adjektiv,nan,nan,0,B1,1095,apparent,nan,nan
offiziell,Adjektiv,nan,nan,0,B1,1044,official,"Die Europäische Union hat 23 offizielle Sprachen, theoretisch gleichberechtigte, aber in der Praxis nur 3 Arbeitssprachen: Englisch, Französisch und Deutsch.","The European Union has 23 official languages, theoretically with the same rights, but in practice only 3 working languages: English, French and German."
Onkel,Substantiv,mask.,der,0,B1,384,uncle,"Was ich heute bin, verdanke ich meinem Onkel.",I owe what I am today to my uncle.
Oper,Substantiv,fem.,die,0,B1,247,opera,Die Oper beginnt um sieben Uhr.,The opera starts at seven.
Operation,Substantiv,fem.,die,0,B1,490,operation,"Ich war erleichtert, zu hören, dass die Operation erfolgreich war.",I was relieved to know that the operation was a success.
operieren,Verb,nan,nan,0,B1,1112,operate,"Der Doktor entschied, sofort zu operieren.",The doctor decided to operate at once.
Opfer,Substantiv,neutr.,das,0,B1,1050,casualty,Das erste Opfer eines jeden Krieges ist die Wahrheit.,The first casualty of every war is the truth.
optimistisch,Adjektiv,nan,nan,0,B1,154,optimistic,"Der Optimist schaut in einen Spiegel und wird optimistischer, der Pessimist pessimistischer.","The optimist looks into a mirror and becomes more optimistic, the pessimist more pessimistic."
Orchester,Substantiv,neutr.,das,0,B1,202,orchestra,Das Orchester macht misstönende Geräusche beim Stimmen.,The orchestra makes discordant noises when tuning up.
ordentlich,Adjektiv,nan,nan,0,B1,504,orderly,Er ist ein ordentlicher Mensch.,He's an orderly person.
Ordination,Substantiv,fem.,die,0,B1,26,ordination,nan,nan
ordnen,Verb,nan,nan,0,B1,2581,arrange,nan,nan
Ordner,Substantiv,mask.,der,0,B1,12,folder,Mach es zu einem freigegebenen Ordner.,Make that a shared folder.
Organisation,Substantiv,fem.,die,0,B1,1229,organisation,"Jedes Jahr organisiert die Organisation eine Reihe von Treffen Freiwilliger, die von Tür zu Tür gehen, um friesische Bücher zu verkaufen.","Every year, the organisation organises a number of meetings of volunteers who go door-to-door to sell Frisian books."
Original,Substantiv,neutr.,das,0,B1,302,original,Er verglich die Kopie mit dem Original.,He compared the copy with the original.
original,Adjektiv,nan,nan,0,B1,29,original,"Nachdem das Spiel installiert ist, musst du die originale .","After the game is installed, replace the original ."
Ostsee,Eigenname,fem.,die,0,B1,269,Baltic Sea,Die Ostsee ist eines der beliebtesten nationalen Ausflugsziele für Deutsche.,The Baltic Sea is one of the most popular national travel destinations for Germans.
Ozean,Substantiv,mask.,der,0,B1,372,ocean,"Meine Augen sind ein Ozean, in dem sich meine Träume spiegeln.",My eyes are an ocean in which my dreams are reflected.
Panne,Substantiv,fem.,die,0,B1,76,breakdown,Ich hatte unterwegs schon wieder eine Panne und warte auf den ADAC.,"My car broke down on the way again, and now I'm waiting for the breakdown service."
Paradeiser,Substantiv,mask.,der,0,B1,3,tomato,nan,nan
parallel,Adjektiv,nan,nan,0,B1,374,parallel,Die beiden Straßen laufen parallel zu einander.,The two streets run parallel to one another.
parkieren,Verb,nan,nan,0,B1,63,park,Man darf nicht auf dem Trottoir parkieren.,You can't park on the pavement.
Passagier,Substantiv,mask.,der,0,B1,304,passenger,"Rosa Parks weigerte sich, ihren Platz einem weißen Passagier zu überlassen.",Rosa Parks refused to give up her seat for a white passenger.
Passagierin,Substantiv,fem.,die,0,B1,38,passenger,nan,nan
passiv,Adjektiv,nan,nan,0,B1,646,passive,Wie kannst du nur so passiv sein?,How can you be so passive?
Patient,Substantiv,mask.,der,0,B1,2465,patient,Der Patient wird sich bald von seiner Krankheit erholen.,The patient will soon recover from his illness.
Patientin,Substantiv,fem.,die,0,B1,102,patient,"Die Patientin beschreibt ihre Familie anschaulich, aber sehr zynisch.","The patient's descriptions of her family are vivid, but very cynical."
pauschal,Adjektiv,nan,nan,0,B1,153,all-inclusive,nan,nan
Pech,Substantiv,neutr.,das,0,B1,109,bad luck,"Das bringt Pech, wenn man das sagt.",It's bad luck to say that.
peinlich,Adjektiv,nan,nan,0,B1,278,awkward,"Eine peinliche Stille trat ein, als er erschien.",There was an awkward silence when he appeared.
Pension,Substantiv,fem.,die,0,B1,130,pension,Mein Großvater lebt von einer Pension.,My grandfather is living on a pension.
pensionieren,Verb,nan,nan,0,B1,88,pension off,nan,nan
Pensionist,Substantiv,mask.,der,0,B1,25,pensioner,nan,nan
Pensionistin,Substantiv,fem.,die,0,B1,11,nan,nan,nan
per,Präposition,nan,nan,0,B1,7623,nan,nan,nan
perfekt,Adjektiv,nan,nan,0,B1,347,perfect,Deine Antwort ist bei Weitem nicht perfekt.,Your answer is far from perfect.
Perron,Substantiv,"mask., neutr.",der,0,B1,17,platform,nan,nan
Personal,Substantiv,neutr.,das,0,B1,872,human resources,nan,nan
Personalie,Substantiv,fem.,die,0,B1,28,particulars,nan,nan
Personenstand,Substantiv,mask.,der,0,B1,22,civil status,nan,nan
persönlich,Adjektiv,nan,nan,0,B1,3835,in person,"Sie reden viel miteinander, telefonisch und persönlich.","They talk a lot to one another, over the telephone and in person."
Pfanne,Substantiv,fem.,die,0,B1,nan,pan,Nimm die Pfanne vom Feuer.,Take the pan off the fire.
Pfeffer,Substantiv,mask.,der,0,B1,164,pepper,Ich würzte den Fisch mit Salz und Pfeffer.,I seasoned the fish with salt and pepper.
pflanzen,Verb,nan,nan,0,B1,552,plant,Ich ließ den Gärtner einige Bäume pflanzen.,I had the gardener plant some trees.
Pflaster,Substantiv,neutr.,das,0,B1,185,adhesive bandage,nan,nan
Pflaume,Substantiv,fem.,die,0,B1,21,plum,nan,nan
pflegen,Verb,nan,nan,0,B1,1238,administer,nan,nan
Pfleger,Substantiv,mask.,der,0,B1,63,caregiver,nan,nan
Pflegerin,Substantiv,fem.,die,0,B1,24,caregiver,nan,nan
Pflicht,Substantiv,fem.,die,0,B1,503,business,nan,nan
Phantasie,Substantiv,fem.,die,0,B1,126,nan,nan,nan
Photograph,Substantiv,mask.,der,0,B1,19,nan,nan,nan
Photographie,Substantiv,fem.,die,0,B1,42,nan,nan,nan
Picknick,Substantiv,neutr.,das,0,B1,51,picnic,Das Wetter ist ideal für ein Picknick.,It's ideal weather for a picnic.
Pille,Substantiv,fem.,die,0,B1,173,ball,nan,nan
Pilz,Substantiv,mask.,der,0,B1,722,fungus,Es ist ein Pilz.,It's a fungus.
Planung,Substantiv,fem.,die,0,B1,296,planning,Papier ist geduldig.,Paper is patient.
Plastik,Substantiv,"neutr., mask.","das, der",0,B1,338,plastic,"Ich wusste, dass es Plastik war, aber es schmeckte wie Holz.",I knew it was plastic but it tasted like wood.
Politik,Substantiv,fem.,die,0,B1,1008,policy,Er hatte über eine neue Politik entschieden.,He had decided on a new policy.
Politiker,Substantiv,mask.,der,0,B1,761,politician,"Der Politiker drängte auf eine Reform, indem er die Bestechlichkeit der Regierungsverantwortlichen anprangerte.",The politician pushed for reform by denouncing the corruption of the government officials.
Politikerin,Substantiv,fem.,die,0,B1,95,female,nan,nan
politisch,Adjektiv,nan,nan,0,B1,12902,political,Der Irakkrieg ist ein unberechenbares Thema der politischen Debatte; ein falsches Wort und ein Streit könnte sich entzünden.,The war on Iraq is a volatile subject of political debate; any wrong word and a heated argument could spark.
Polizist,Substantiv,mask.,der,0,B1,531,bobby,nan,nan
Polizistin,Substantiv,fem.,die,0,B1,36,bobby,nan,nan
populär,Adjektiv,nan,nan,0,B1,231,popular,"Was glaubst du, warum Fußball in den USA nicht so populär ist?",Why do you think soccer isn't popular in the US?
Portemonnaie,Substantiv,neutr.,das,0,B1,59,purse,Auf dem Weg zur Schule habe ich mein Portemonnaie verloren.,I lost my purse on my way to school.
Portmonee,Substantiv,neutr.,das,0,B1,10,nan,nan,nan
positiv,Adjektiv,nan,nan,0,B1,6771,positive,"Wenn du eine positive Einstellung hast, suchst du Wege, die Probleme zu lösen, die du lösen kannst, und kümmerst dich nicht um Dinge, auf die du keinen Einfluss hast.","If you have a positive attitude, you are looking for ways to solve the problems that you can solve, and you are letting go of the things over which you have no control."
Poulet,Substantiv,neutr.,das,0,B1,2,nan,nan,nan
Praktikant,Substantiv,mask.,der,0,B1,30,intern,Der Praktikant ist träge.,The intern is lazy.
Praktikantin,Substantiv,fem.,die,0,B1,18,intern,Sie ist die neue Praktikantin.,She's the new intern.
prima,Adjektiv,nan,nan,0,B1,80,excellent,Warum hast du nur damals so kurz vor Schluss dein Jurastudium hingeschmissen?,Why did you drop out of law school so close to the end?
Produktion,Substantiv,fem.,die,0,B1,687,production,Wir haben neue Daten über Produktion und Verkauf von elektrischen Fliegenklatschen weltweit.,We have new data about production and sale of electric fly swatters worldwide.
produzieren,Verb,nan,nan,0,B1,1756,make,"Versuche, erst Sätze in Deiner Muttersprache zu bilden, dann übersetze sie ins Englische.","Try forming sentences in your native language first, then translate them to English."
Professor,Substantiv,mask.,der,0,B1,609,professor,Morgen fährt unser Professor zurück nach England.,Tomorrow our professor is going back to England.
Professorin,Substantiv,fem.,die,0,B1,90,professor,Sie ist meine Professorin.,She's my professor.
Profi,Substantiv,mask.,der,0,B1,169,pro,"Die Bilder sind von einem Profi gemacht worden, so dass sie gut sein werden.","The photos are taken by a pro, so they'll turn out well."
Profisportler,Substantiv,mask.,der,0,B1,14,professional athlete,nan,nan
Profisportlerin,Substantiv,fem.,die,0,B1,9,nan,nan,nan
prost,Interjektion,nan,nan,0,B1,nan,cheers,nan,nan
Protest,Substantiv,mask.,der,0,B1,306,protest,Ihr kleiner Protest entwickelte sich zu einer Massendemonstration.,Their small protest triggered a mass demonstration.
protestieren,Verb,nan,nan,0,B1,180,protest,Die amerikanischen Arbeiter begannen zu protestieren.,American workers began to protest.
Prozess,Substantiv,mask.,der,0,B1,672,lawsuit,nan,nan
Präsentation,Substantiv,fem.,die,0,B1,112,presentation,Ich möchte den Inhalt der Präsentation zusammenfassen und eine Schlussfolgerung ziehen.,I want to summarize the content of the presentation and draw a conclusion.
präsentieren,Verb,nan,nan,0,B1,572,present,"Du wirst sehen, dass alles sehr schön geworden ist, und du wirst deinen Gästen etwas wirklich beeindruckendes präsentieren können.",You will see that everything has become very beautiful and you will be able to present something really impressive to the guests.
Publikum,Substantiv,neutr.,das,0,B1,596,audience,"Es erfordert Weisheit, um Weisheit zu verstehen: die Musik ist nichts, wenn das Publikum taub ist.",It requires wisdom to understand wisdom: the music is nothing if the audience is deaf.
Punkt,Substantiv,mask.,der,0,B1,2918,dot,"Um von einem Satz zum anderen zu gelangen, reicht Tom ihr seinen Arm.","In order to cross from one sentence to the other, Tom was stretching out his arm."
Puppe,Substantiv,fem.,die,0,B1,183,chick,nan,nan
Qualifikation,Substantiv,fem.,die,0,B1,128,qualification,nan,nan
Quartier,Substantiv,neutr.,das,0,B1,203,accommodation,nan,nan
quer,Adverb,nan,nan,0,B1,317,lying,nan,nan
Quittung,Substantiv,fem.,die,0,B1,39,receipt,Ich hätte gerne eine Quittung.,"I'd like a receipt, please."
Rabatt,Substantiv,mask.,der,0,B1,78,discount,Hier ist ein Kratzer.,There's a scratch here.
Radfahrer,Substantiv,mask.,der,0,B1,97,biker,Tom ist Radfahrer.,Tom is a biker.
Radfahrerin,Substantiv,fem.,die,0,B1,12,bicyclist,Tom fuhr die verletzte Radfahrerin zum Krankenhaus.,Tom drove the injured bicyclist to the hospital.
Rahm,Substantiv,mask.,der,0,B1,56,cream,Butter wird aus Rahm gemacht.,Butter is made from cream.
Rand,Substantiv,mask.,der,0,B1,928,bags,nan,nan
Rasen,Substantiv,mask.,der,0,B1,66,grass,Er lag auf dem Rasen.,He was lying on the grass.
rasieren,Verb,nan,nan,0,B1,354,shave,Gott rasiere die Königin!,God shave the Queen!
Rat,Substantiv,mask.,der,0,B1,1067,advice,Ich brauche deinen Rat.,I need your advice.
Ratschlag,Substantiv,mask.,der,0,B1,125,advice,Lass mich dir einen Ratschlag geben.,Let me give you a bit of advice.
Raucher,Substantiv,"mask., neutr.","der, das",0,B1,72,smoker,Mein Vater ist ein starker Raucher.,My father is a heavy smoker.
Raucherin,Substantiv,fem.,die,0,B1,10,smoker,Bist du noch Raucherin?,Are you still a smoker?
rauf,Adverb,nan,nan,0,B1,nan,up,Wir fuhren rauf und runter mit dem Fahrstuhl.,We went up and down in the elevator.
rauf-,Affix,nan,nan,0,B1,nan,nan,nan,nan
raus-,Affix,nan,nan,0,B1,1,nan,nan,nan
reagieren,Verb,nan,nan,0,B1,1484,react,Wie hat er auf die schlechten Nachrichten reagiert?,How did he react to the bad news?
Reaktion,Substantiv,fem.,die,0,B1,776,reaction,"Tom konnte Marias Reaktion nicht entnehmen, was seine Worte in ihr auslösten.",Tom couldn't tell from Mary's reaction how she felt about what he had said to her.
realisieren,Verb,nan,nan,0,B1,314,carry out,nan,nan
realistisch,Adjektiv,nan,nan,0,B1,160,realistic,Ich bin ein realistischer Mensch.,I am a realistic person.
Realität,Substantiv,fem.,die,0,B1,366,reality,Manchmal sind Realität und Einbildung schwer zu unterscheiden.,Sometimes reality and fantasy are hard to distinguish.
Recherche,Substantiv,fem.,die,0,B1,106,enquiry,nan,nan
Rechner,Substantiv,mask.,der,0,B1,198,calculator,Ein Rechner ist effizienter als ein Abakus.,A calculator is more efficient than an abacus.
Recht,Substantiv,neutr.,das,0,B1,23706,jurisprudence,nan,nan
rechtlich,Adjektiv,nan,nan,0,B1,359,juridical,nan,nan
rechtzeitig,Adjektiv,nan,nan,0,B1,344,duly,nan,nan
Rede,Substantiv,fem.,die,0,B1,1596,address,Seine Ansprache ist eine kurze Rede.,His address is a concise speech.
reduzieren,Verb,nan,nan,0,B1,533,decrease,Wie kann man seine Schulden reduzieren?,What should you do to decrease your debt?
Referat,Substantiv,neutr.,das,0,B1,82,department,nan,nan
Reform,Substantiv,fem.,die,0,B1,259,reform,"Der Politiker drängte auf eine Reform, indem er die Bestechlichkeit der Regierungsverantwortlichen anprangerte.",The politician pushed for reform by denouncing the corruption of the government officials.
Regal,Substantiv,neutr.,das,0,B1,233,rack,nan,nan
Regel,Substantiv,fem.,die,0,B1,2195,period,"Ich hatte meine erste Regel, als ich 13 war.",I had my first period when I was 13 years old.
regelmäßig,Adjektiv,nan,nan,0,B1,2429,at regular intervals,Der Vulkan bricht in regelmäßigen Abständen aus.,The volcano erupts at regular intervals.
regeln,Verb,nan,nan,0,B1,572,control,nan,nan
Region,Substantiv,fem.,die,0,B1,1762,area,In dieser Region brach ein Waldbrand aus.,A forest fire broke out in this area.
regional,Adjektiv,nan,nan,0,B1,225,regional,Ausländische Investoren zogen sich wegen regionaler politischer Unruhen zurück.,Foreign investors backed off because of regional political unrest.
reichen,Verb,nan,nan,0,B1,23054,be enough,Das sollte reichen.,That should be enough.
reif,Adjektiv,nan,nan,0,B1,775,mature,Seine Nichte ist attraktiv und reif für ihr Alter.,His niece is attractive and mature for her age.
Reihenfolge,Substantiv,fem.,die,0,B1,264,order,Alle Namen sind in alphabetischer Reihenfolge aufgelistet.,All the names are listed in alphabetical order.
reinigen,Verb,nan,nan,0,B1,541,clean,"Nun, ich reinige die Zimmer.","Well, I clean the rooms."
Reklame,Substantiv,fem.,die,0,B1,35,advertisement,nan,nan
Rekord,Substantiv,mask.,der,0,B1,142,record,Niemand kann seinen Rekord brechen.,Nobody can break his record.
relativ,Adjektiv,nan,nan,0,B1,985,relative,Die relative Luftfeuchtigkeit ist die prozentual ausgedrückte tatsächliche Luftfeuchtigkeit im Verhältnis zur maximalen.,The relative humidity is the difference between the maximum humidity and the actual humidity expressed in percentages.
Religion,Substantiv,fem.,die,0,B1,711,faith,"Die Freiheit ist eine neue Religion, die Religion unserer Zeit.","Freedom is a new faith, the faith of our time."
rennen,Verb,nan,nan,0,B1,8449,race,Das Rennen entschied sich in letzter Sekunde.,The race went down to the wire.
Rente,Substantiv,fem.,die,0,B1,191,annuity,"Das Gesetz ermöglicht uns, eine Rente zu bekommen.",The law enables us to receive an annuity.
Reportage,Substantiv,fem.,die,0,B1,56,reportage,nan,nan
Reporter,Substantiv,mask.,der,0,B1,157,reporter,"Der Reporter weigerte sich, seine Quellen zu nennen.",The reporter refused to name his sources.
Reporterin,Substantiv,fem.,die,0,B1,23,nan,nan,nan
Reservierung,Substantiv,fem.,die,0,B1,25,reservation,Ich würde gerne eine Reservierung für heute Abend machen.,I'd like to make a reservation for tonight.
Respekt,Substantiv,mask.,der,0,B1,1600,respect,"Selbst deine Schwächen können meinen Respekt vor dir nicht schmälern, und darauf kommt es bei Freundschaft schließlich an.","Even your faults do not lessen my respect for you, and in friendship this is what counts."
retten,Verb,nan,nan,0,B1,901,escape,"Schiffe haben Rettungsboote, damit die Mannschaft sich retten kann.",Ships carry lifeboats so that the crew can escape.
Richter,Substantiv,mask.,der,0,B1,514,Judges,In manchen Staaten sind Richter gewählte Beamte.,"In some states, judges are elected officials."
Richterin,Substantiv,fem.,die,0,B1,39,judge,Wo ist die Richterin?,Where is the judge?
Richtung,Substantiv,fem.,die,0,B1,2094,direction,Aus dieser Richtung gibt es keinen Zugang zum Gebäude.,There is no access to the building from this direction.
riesig,Adjektiv,nan,nan,0,B1,579,giant,"Das ist ein kleiner Schritt für den Menschen, aber ein riesiger Sprung für die Menschheit.","That's one small step for man, one giant leap for mankind."
Risiko,Substantiv,neutr.,das,0,B1,569,chance,Wir können kein Risiko eingehen.,We can't take a chance.
roh,Adjektiv,nan,nan,0,B1,385,crude,"Die Methode war roh, aber sehr effektiv.","The method was crude, but very effective."
Rohr,Substantiv,neutr.,das,0,B1,307,duct,nan,nan
Rolle,Substantiv,fem.,die,0,B1,2967,part,"Wer ist der Junge, der die Rolle des Peter Pan spielt?",Who is the boy acting the part of Peter Pan?
Roman,Substantiv,mask.,der,0,B1,750,novel,Wie finden Sie seinen neuen Roman?,How do you find his new novel?
Rufnummer,Substantiv,fem.,die,0,B1,30,nan,nan,nan
Runde,Substantiv,fem.,die,0,B1,1362,Runde,nan,nan
Rundfahrt,Substantiv,fem.,die,0,B1,20,nan,nan,nan
runterwerfen,Verb,nan,nan,0,B1,nan,nan,nan,nan
rück-,Affix,nan,nan,0,B1,1,nan,nan,nan
Rückfahrt,Substantiv,fem.,die,0,B1,38,return trip,nan,nan
Rückkehr,Substantiv,fem.,die,0,B1,267,comeback,nan,nan
rückwärts,Adverb,nan,nan,0,B1,132,backwards,Sag das Alphabet rückwärts auf.,Say the alphabet backwards.
Saal,Substantiv,mask.,der,0,B1,287,cavity,nan,nan
Sack,Substantiv,mask.,der,0,B1,212,bag,Lass die Katze nicht aus dem Sack.,Don't let the cat out of the bag.
Sahne,Substantiv,fem.,die,0,B1,110,cream,Man kann die Mascarpone auch durch Sahne ersetzen.,You can also replace the mascarpone with cream.
Saison,Substantiv,fem.,die,0,B1,313,season,Unsere Mannschaft hat in dieser Saison die Liga angeführt.,Our team has topped the league this season.
Salbe,Substantiv,fem.,die,0,B1,77,ointment,Tom trägt eine Salbe auf seine Wunde auf.,Tom is applying ointment to his wound.
Salon,Substantiv,mask.,der,0,B1,142,salon,nan,nan
salzig,Adjektiv,nan,nan,0,B1,45,briny,nan,nan
Sand,Substantiv,mask.,der,0,B1,555,sand,Trockener Sand absorbiert Wasser.,Dry sand absorbs water.
satt,Adjektiv,nan,nan,0,B1,758,bright,nan,nan
Sauce,Substantiv,fem.,die,0,B1,330,nan,nan,nan
Schachtel,Substantiv,fem.,die,0,B1,160,box,Die Schachtel ist leer.,This box is empty.
Schade,Substantiv,mask.,der,0,B1,33,nan,nan,nan
Schaden,Substantiv,mask.,der,0,B1,815,damage,Der Schaden durch den Taifun war immens.,The damage from the typhoon was enormous.
schaden,Verb,nan,nan,0,B1,242,damage,"Würde es Indiens Demokratie begünstigen, Englisch aus dem Parlament zu verbannen, oder würde es ihr schaden?",Would banning English in Parliament foster or damage India's democracy?
schalten,Verb,nan,nan,0,B1,3412,be in charge,nan,nan
Schatten,Substantiv,mask.,der,0,B1,3317,shade,Ein alter Mann ruhte sich im Schatten des Baumes aus.,An old man was resting in the shade of the tree.
schauen,Verb,nan,nan,0,B1,14593,check,Ich schaue in meinem Kalender nach.,I'll check my schedule.
Schaufenster,Substantiv,neutr.,das,0,B1,127,shop window,Er presste sein Gesicht gegen das Schaufenster.,He pressed his face against the shop window.
Schauspieler,Substantiv,mask.,der,0,B1,305,actor,Er ist ein berühmter Schauspieler geworden.,He became a famous actor.
Schauspielerin,Substantiv,fem.,die,0,B1,147,actor,Sie ist Schauspielerin.,She is an actor.
Scheibe,Substantiv,fem.,die,0,B1,532,disk,Das Schwarze Loch ist umgeben von einer rotierenden Scheibe ionisierten Gases.,The black hole is surrounded by a rotating disk of ionized gas.
scheiden,Verb,nan,nan,0,B1,645,divorce,"Ich glaube, sie wird sich von ihm scheiden lassen.",I think she will divorce him.
Scheidung,Substantiv,fem.,die,0,B1,139,divorce,"Verglichen mit denen in Amerika, enden japanische Ehen selten mit der Scheidung.","Compared with those in America, Japanese marriages rarely end in divorce."
Schein,Substantiv,mask.,der,0,B1,665,appearance,Der Schein trügt.,Appearance is deceptive.
Schi,Substantiv,mask.,der,0,B1,17,nan,nan,nan
schick,Adjektiv,nan,nan,0,B1,61,elegant,nan,nan
schieben,Verb,nan,nan,0,B1,14435,impute,nan,nan
schief,Adjektiv,nan,nan,0,B1,10699,not straight,nan,nan
schießen,Verb,nan,nan,0,B1,10489,shoot,"Bleib stehen, oder ich schieße.","Stop, or I'll shoot."
Schlaf,Substantiv,mask.,der,0,B1,356,eye boogers,nan,nan
Schlagobers,Substantiv,neutr.,das,0,B1,nan,cream,nan,nan
Schlagrahm,Substantiv,mask.,der,0,B1,9,whipped cream,nan,nan
Schlagsahne,Substantiv,fem.,die,0,B1,51,whipped cream,Wo ist die Schlagsahne?,Where's the whipped cream?
Schlange,Substantiv,fem.,die,0,B1,355,line,"Die Besucher warteten in einer langen Schlange, um in das Museum zu kommen.",The visitors waited in a long line to get into the museum.
schlank,Adjektiv,nan,nan,0,B1,104,slender,"Sie war eine große, schlanke Blondine.","She was a tall, slender blonde."
schließlich,Adverb,nan,nan,0,B1,1846,after all,Schließlich hat sie nicht angerufen.,She didn't telephone after all.
schmal,Adjektiv,nan,nan,0,B1,640,meager,nan,nan
Schmerzmittel,Substantiv,neutr.,das,0,B1,34,analgesic,Ich brauche ein Schmerzmittel.,I need an analgesic.
schminken,Verb,nan,nan,0,B1,171,make up,nan,nan
Schmuck,Substantiv,mask.,der,0,B1,256,jewellery,Verkaufen Sie Schmuck?,Do you sell jewellery?
Schmutz,Substantiv,mask.,der,0,B1,183,dirt,"Seife hat die spezielle Eigenschaft, Schmutz zu entfernen.",Soap has the property of removing dirt.
Schnupfen,Substantiv,mask.,der,0,B1,7,coryza,nan,nan
Schreck,Substantiv,mask.,der,0,B1,90,fright,Bis auf den Schreck ist ihr nichts passiert.,"Aside from fright, she was not injured."
Schrecken,Substantiv,mask.,der,0,B1,484,fear,Sie wurde bleich vor Schrecken.,She turned pale with fear.
Schreiben,Substantiv,neutr.,das,0,B1,61257,letter,Ich bin gerade mit dem Schreiben eines Briefes fertig geworden.,I've just finished writing a letter.
schreien,Verb,nan,nan,0,B1,3620,cry,"Wenn ich bei einem schreienden Baby bin, will ich am Ende selbst schreien!","When I'm with a crying baby, I end up wanting to cry myself!"
Schrift,Substantiv,fem.,die,0,B1,896,Bible,Hast du die Heilige Schrift gelesen?,Have you read the Holy Bible?
Schriftsteller,Substantiv,mask.,der,0,B1,398,author,Dieser italienische Schriftsteller ist kaum bekannt in Japan.,That Italian author is little known in Japan.
Schriftstellerin,Substantiv,fem.,die,0,B1,74,author,Eines Tages werde ich eine berühmte Schriftstellerin.,I'm going to be a famous author one day.
Schritt,Substantiv,mask.,der,0,B1,3088,crotch,"Herr Doktor, es juckt mich im Schritt.","Doctor, I've got an itch in my crotch."
Schularbeit,Substantiv,fem.,die,0,B1,27,exam,nan,nan
Schuld,Substantiv,fem.,die,0,B1,601,debt,Ich werde meine Schulden so schnell wie möglich bezahlen.,I will pay my debt as soon as possible.
schuld,Adjektiv,nan,nan,0,B1,78,be to blame,nan,nan
schuldig,Adjektiv,nan,nan,0,B1,540,guilty,"Die Ankläger bei Gericht müssen ihre Klagen erhärten, um einen Verdächtigen als schuldig zu beweisen.",Prosecutors in court have to substantiate their claims in order to prove a suspect is guilty.
Schulter,Substantiv,fem.,die,0,B1,924,shoulder,Mein Vater legte seine Hand auf meine Schulter.,Father laid his hand on my shoulder.
Schutz,Substantiv,mask.,der,0,B1,1075,care,Mütter und Kinder haben Anspruch auf besondere Fürsorge und Unterstützung.,Motherhood and childhood are entitled to special care and assistance.
Schwammerl,Substantiv,"mask., neutr.","der, das",0,B1,34,mushroom,Ich hatte einen längeren Plausch mit einem Schwammerl.,I had a long conversation with a mushroom.
Schwangerschaft,Substantiv,fem.,die,0,B1,204,gravidity,nan,nan
schweigen,Verb,nan,nan,0,B1,1120,be silent,"Wovon man nicht sprechen kann, darüber muss man schweigen.","Whereof one cannot speak, thereof one must be silent."
schwieger-,Affix,nan,nan,0,B1,nan,nan,nan,nan
Schwierigkeit,Substantiv,fem.,die,0,B1,458,arduousness,nan,nan
schwitzen,Verb,nan,nan,0,B1,522,sweat,Ohne zu schwitzen kann er ununterbrochen fünf Purzelbäume machen.,He can do five somersaults without breaking a sweat.
schätzen,Verb,nan,nan,0,B1,3078,appreciate,Ich weiß Ihre Kooperation wirklich zu schätzen.,I really appreciate your cooperation.
Schüssel,Substantiv,fem.,die,0,B1,197,banger,nan,nan
schütteln,Verb,nan,nan,0,B1,1440,shake,Vor Gebrauch schütteln.,Shake before using.
schützen,Verb,nan,nan,0,B1,2067,protect,"Sie riskierte ihr Leben, um ihr Kind zu schützen.",She risked her life to protect her child.
seitdem,nan,nan,nan,0,B1,300,since,Ich habe seitdem nichts von ihm gehört.,I haven't heard from him since then.
Sekretär,Substantiv,mask.,der,0,B1,76,secretary,Er ließ seinen Sekretär diesen Brief ins Englische übersetzen.,He had his secretary translate the letter into English.
Sekretärin,Substantiv,fem.,die,0,B1,90,secretary,Er ließ seine Sekretärin den Bericht tippen.,He had his secretary type the report.
selb,Demonstrativpronomen,nan,nan,0,B1,1,nan,nan,nan
selber,Demonstrativpronomen,nan,nan,0,B1,1134,nan,nan,nan
selbstverständlich,Adjektiv,nan,nan,0,B1,425,natural,nan,nan
selten,Adjektiv,nan,nan,0,B1,2488,rare,"Es ist überhaupt nicht selten, länger als neunzig Jahre zu leben.",It is not rare at all to live over ninety years.
seltsam,Adjektiv,nan,nan,0,B1,415,bizarre,"Das ist eines der seltsamsten Dinge, die ich je gesehen habe.",This is one of the most bizarre things I've ever seen.
Semester,Substantiv,neutr.,das,0,B1,152,semester,Meine Noten haben sich seit dem ersten Semester verbessert.,My grades have improved since first semester.
Seminar,Substantiv,neutr.,das,0,B1,148,department,nan,nan
Semmel,Substantiv,fem.,die,0,B1,60,bread roll,nan,nan
senden,Verb,nan,nan,0,B1,1832,broadcast,Der Rundfunk hat die Nachrichten ausführlich gesendet.,The radio broadcast the news in detail.
Sender,Substantiv,mask.,der,0,B1,224,broadcaster,nan,nan
Senior,Substantiv,mask.,der,0,B1,108,senior citizen,nan,nan
Seniorin,Substantiv,fem.,die,0,B1,19,senior citizen,nan,nan
senkrecht,Adjektiv,nan,nan,0,B1,nan,perpendicular,Druck wirkt senkrecht zu der festen Oberfläche eines Objekts.,Pressure acts perpendicular to the solid surface of an object.
Serie,Substantiv,fem.,die,0,B1,631,series,Er hat gerade eine interessante Serie von Artikeln veröffentlicht.,He has just published an interesting series of articles.
Serviceangestellte,Substantiv,"fem., mask.","die, der",0,B1,nan,nan,nan,nan
Sessel,Substantiv,mask.,der,0,B1,205,armchair,Tom saß auf einem Sessel und las ein Buch.,"Tom sat in an armchair, reading a book."
sicher,Adjektiv,nan,nan,0,B1,5454,certain,Bist du sicher?,Are you certain?
Sicherheit,Substantiv,fem.,die,0,B1,786,assurance,nan,nan
sichern,Verb,nan,nan,0,B1,1904,protect,nan,nan
sichtbar,Adjektiv,nan,nan,0,B1,781,visible,Es gab keine sichtbare Gefahr.,There was no visible danger.
Sieg,Substantiv,mask.,der,0,B1,570,Sieg,nan,nan
siegen,Verb,nan,nan,0,B1,1695,win,Wann wird Esperanto siegen?,When will Esperanto win?
Sieger,Substantiv,mask.,der,0,B1,179,victor,"Es ist besser zu verlieren, als ein Sieger an der Seite von Schurken zu sein.",Losing is better than to be a victor on the side of the scoundrels.
Siegerin,Substantiv,fem.,die,0,B1,18,victor,Maria ging aus unzähligen Turnieren als Siegerin hervor.,Mary emerged as victor from countless tournaments.
siezen,Verb,nan,nan,0,B1,52,be on formal terms,nan,nan
sinken,Verb,nan,nan,0,B1,4316,sink,Das Schiff wird sinken!,The ship's going to sink!
Sinn,Substantiv,mask.,der,0,B1,2211,meaning,Ein Leben ohne Liebe hat überhaupt keinen Sinn.,Life without love has no meaning at all.
sinnlos,Adjektiv,nan,nan,0,B1,234,absurd,nan,nan
sinnvoll,Adjektiv,nan,nan,0,B1,326,meaningful,nan,nan
Sitz,Substantiv,mask.,der,0,B1,1724,domicile,nan,nan
Ski,Substantiv,mask.,der,0,B1,111,ski,Ich kann Ski fahren.,I can ski.
so dass,Konjunktion,nan,nan,0,B1,nan,nan,nan,nan
so genannt,Adjektiv,nan,nan,0,B1,nan,nan,nan,nan
so viel,Indefinitpronomen,nan,nan,0,B1,nan,nan,nan,nan
sobald,Konjunktion,nan,nan,0,B1,571,as soon as,"Ruf mich an, sobald du ihn getroffen hast.",Call me as soon as you meet up with him.
Socke,Substantiv,fem.,die,0,B1,128,sock,In deinem Socken ist ein Loch.,There is a hole in your sock.
sodass,Konjunktion,nan,nan,0,B1,638,so that,"Sie winkte mit beiden Händen, sodass er sie finden konnte.",She waved both her hands so that he could find her.
sogenannt,Adjektiv,nan,nan,0,B1,nan,so-called,"Sogenannte regionale Spezialitäten sind Dinge, die von Auswärtigen hoch geschätzt, von Ortsansässigen aber verschmäht werden.",So-called regional specialities are things prized by out-of-towners but spurned by locals.
solange,Konjunktion,nan,nan,0,B1,334,as long as,"Solange es Leben gibt, gibt es Hoffnung.","As long as there's life, there is hope."
solch,Demonstrativpronomen,nan,nan,0,B1,261,such,"Essen und Trinken wurden bei der Hochzeit in solch einem Überfluss serviert, dass Braut und Bräutigam begannen, sich zu fragen, ob sie nicht mehr Gäste einladen hätten sollen.",Food and drink were served in such profusion at the wedding that the bride and groom began to wonder if they should not have invited more guests.
sonder-,Affix,nan,nan,0,B1,nan,nan,nan,nan
Sonderangebot,Substantiv,neutr.,das,0,B1,31,bargain,nan,nan
sondern,Konjunktion,nan,nan,0,B1,18569,but,"Arm ist nicht, wer zu wenig besitzt, sondern, wer zu viel haben möchte.","Poor is not the one who has too little, but the one who wants too much."
Sorge,Substantiv,fem.,die,0,B1,537,care,Er hat keine Sorgen.,He is free from care.
sorgen,Verb,nan,nan,0,B1,2526,care,"Du bist alt genug, um für dich selbst zu sorgen.",You are old enough to take care of yourself.
Souvenir,Substantiv,neutr.,das,0,B1,33,souvenir,Das ist ein Souvenir aus Hokkaido.,This is a souvenir from Hokkaido.
soviel,Indefinitpronomen,nan,nan,0,B1,160,as far as,"Soviel ich weiß, wurde das Buch nie ins Japanische übersetzt.","As far as I know, the book has never been translated into Japanese."
sowieso,Partikel,nan,nan,0,B1,156,anyway,Nagellack ist nutzlos: es schaut sowieso niemand auf die Nägel.,Nail polish is useless: no one looks at nails anyway.
sowohl,Konjunktion,nan,nan,0,B1,3914,both,Der Musiker erfreut sich sowohl in Japan als auch in Amerika großer Beliebtheit.,The musician is enjoying great popularity both in Japan and in America.
sozial,Adjektiv,nan,nan,0,B1,27560,social,"Jeder hat Anspruch auf die in dieser Erklärung verkündeten Rechte und Freiheiten ohne irgendeinen Unterschied, etwa nach Rasse, Hautfarbe, Geschlecht, Sprache, Religion, politischer oder sonstiger Überzeugung, nationaler oder sozialer Herkunft, Vermögen, Geburt oder sonstigem Stand.","Everyone is entitled to all the rights and freedoms set forth in this Declaration, without distinction of any kind, such as race, colour, sex, language, religion, political or other opinion, national or social origin, property, birth or other status."
Sozialarbeiter,Substantiv,mask.,der,0,B1,30,social worker,Tom ist Sozialarbeiter.,Tom is a social worker.
Sozialarbeiterin,Substantiv,fem.,die,0,B1,19,nan,nan,nan
Soße,Substantiv,fem.,die,0,B1,146,sauce,Probiere einmal diese Soße.,Try this sauce.
sparsam,Adjektiv,nan,nan,0,B1,167,economical,Eine Hausfrau sollte sparsam sein.,A housewife should be economical.
spazieren gehen,Verb,nan,nan,0,B1,nan,take a walk,nan,nan
Speise,Substantiv,fem.,die,0,B1,507,food,Jakitori ist eine japanische Speise.,Yakitori is a Japanese food.
Speisewagen,Substantiv,mask.,der,0,B1,nan,dining car,Der Speisewagen befindet sich ganz vorne im Zug.,The dining car's at the front end of the train.
spezial-,Affix,nan,nan,0,B1,nan,nan,nan,nan
Spezialist,Substantiv,mask.,der,0,B1,168,expert,Ich bin kein Spezialist.,I'm no expert.
Spezialistin,Substantiv,fem.,die,0,B1,27,specialist,Ich bin keine Spezialistin.,I'm not a specialist.
speziell,Adjektiv,nan,nan,0,B1,2494,special,Sehr hohe Einkommen werden speziell besteuert.,A special tax is imposed on very high incomes.
Spiegel,Substantiv,mask.,der,0,B1,439,level,nan,nan
Spieler,Substantiv,mask.,der,0,B1,984,gambler,Er ist ein Spieler.,He's a gambler.
Spielerin,Substantiv,fem.,die,0,B1,59,gambler,Ich bin keine Spielerin.,I'm not a gambler.
Spielplatz,Substantiv,mask.,der,0,B1,84,playground,Ich gehe gerne in den Park und sehe beim Spielplatz den Kindern beim Spielen zu.,I like to go to the park and watch the children in the playground enjoying themselves.
Spielzeug,Substantiv,neutr.,das,0,B1,144,toy,Er hat dem Kind ein Spielzeug gegeben.,He gave the child a toy.
spitz,Adjektiv,nan,nan,0,B1,621,acute,nan,nan
Sportart,Substantiv,fem.,die,0,B1,334,kind of sport,Welche Sportart magst du am meisten?,What kind of sport do you like the best?
Sportler,Substantiv,mask.,der,0,B1,411,athlete,Er ist ohne Zweifel der beste Sportler an unserer Schule.,He is beyond doubt the best athlete in our school.
Sportlerin,Substantiv,fem.,die,0,B1,76,athlete,Ich war mein ganzes Leben lang Sportlerin.,I've been an athlete my whole life.
springen,Verb,nan,nan,0,B1,19182,crack,Tom sprang aufs Bett – und krachend ging der Lattenrost zu Bruch.,"Tom jumped on to the bed, and the slats broke with a crack."
Spritze,Substantiv,fem.,die,0,B1,73,injection,"Ich zittere vor Angst, wenn ich nur an eine Spritze denke.",I tremble with fear at the thought of an injection.
Spur,Substantiv,fem.,die,0,B1,680,lane,"Die rechte Spur ist für Rechtsabbieger und zum Geradeausfahren, und die linke Spur ausschließlich für Linksabbieger.","The right-hand lane is for traffic turning right or going straight on, while the left-hand lane is for traffic turning left only."
spätestens,Adverb,nan,nan,0,B1,228,at the latest,Ich bin spätestens um Mitternacht zu Hause.,I'll be home by midnight at the latest.
spülen,Verb,nan,nan,0,B1,814,rinse,nan,nan
spüren,Verb,nan,nan,0,B1,2039,feel,"Wenn es möglich ist, öffne das Fenster nicht, ich habe keine allzu große Lust, Luftzüge in meinem Rücken zu spüren.",Avoid opening the window; I have no great desire to feel air currents on my back.
Stadion,Substantiv,neutr.,das,0,B1,157,stadium,Es waren viele begeisterte Fans im Stadion.,There were a lot of excited fans in the stadium.
stammen,Verb,nan,nan,0,B1,6392,be descended from,nan,nan
Standpunkt,Substantiv,mask.,der,0,B1,199,point of view,Ich kann deinen Standpunkt verstehen.,I can understand your point of view.
Start,Substantiv,mask.,der,0,B1,378,start,Der Läufer hatte einen guten Start.,The runner got a good start.
starten,Verb,nan,nan,0,B1,970,start,"Manchmal, wenn es sehr kalt ist, kann ich mein Auto nicht starten.","Sometimes when it's very cold, I can't get my car to start."
Station,Substantiv,fem.,die,0,B1,535,station,Ich steige an der nächsten Station aus.,I am getting off at the next station.
Statistik,Substantiv,fem.,die,0,B1,214,statistic,"Der Tod eines Mannes ist eine Tragödie, der Tod von Millionen ist eine Statistik.",The death of one man is a tragedy.
statistisch,Adjektiv,nan,nan,0,B1,260,statistical,"Statistisch gesehen, ist es viel sicherer, mit dem Flugzeug als mit dem Auto zu reisen.","From a statistical point of view, a plane flight is much safer than a car trip."
statt,Präposition,nan,nan,0,B1,7234,and not,nan,nan
Stau,Substantiv,mask.,der,0,B1,105,backing up,nan,nan
Staub,Substantiv,mask.,der,0,B1,797,dust,"Denke daran, dass du Staub bist.",Bear in mind that you are dust.
Staub saugen,Verb,nan,nan,0,B1,nan,nan,nan,nan
staubsaugen,Verb,nan,nan,0,B1,69,hoover,Ich muss staubsaugen.,I need to hoover up.
stechen,Verb,nan,nan,0,B1,1849,sting,Wespen stechen.,Wasps sting.
Steckdose,Substantiv,fem.,die,0,B1,30,electrical outlet,"Den Stecker nur dann in eine Steckdose stecken, wenn kein Staub und keine Flusen daran sind.",Check that there is no dust or lint on the power plug before inserting into an electrical outlet.
stecken,Verb,nan,nan,0,B1,19249,be located,nan,nan
Stecker,Substantiv,mask.,der,0,B1,57,connector,nan,nan
stehen bleiben,Verb,nan,nan,0,B1,nan,stay,nan,nan
stehenbleiben,Verb,nan,nan,0,B1,83,nan,nan,nan
stehlen,Verb,nan,nan,0,B1,908,sneak,"Als Marias Bruder beim gemeinsamen Lernen von der Freundschaft zwischen Tom und Maria erfuhr, wollte er Tom erst verprügeln, überlegte sich dann aber, wie er seinen Nutzen daraus ziehen könne.","When Mary’s brother found out about the friendship between Tom and Mary during one of their study sessions, he was about to beat Tom up, until he figured out a way to profit from this."
steigen,Verb,nan,nan,0,B1,31593,climb,Die Preise steigen weiter.,Prices continue to climb.
steil,Adjektiv,nan,nan,0,B1,49,steep,Wir erklommen den steilen Berg.,We climbed up the steep mountain.
Stein,Substantiv,mask.,der,0,B1,6561,boulder,Tom saß allein auf einem Stein.,Tom sat alone on a boulder.
Stempel,Substantiv,mask.,der,0,B1,273,pistil,nan,nan
Stern,Substantiv,mask.,der,0,B1,720,angel,nan,nan
Steuer,Substantiv,fem.,die,0,B1,2352,Steuer,nan,nan
Steward,Substantiv,mask.,der,0,B1,21,steward,"Bitte schön, sagt der Steward.","Here you are, the steward says."
Stewardess,Substantiv,fem.,die,0,B1,16,stewardess,"Jane war Stewardess, als sie jung war.",Jane was a stewardess when she was young.
Stiege,Substantiv,fem.,die,0,B1,14,stairs,nan,nan
Stiegenhaus,Substantiv,neutr.,das,0,B1,18,staircase,nan,nan
Stil,Substantiv,mask.,der,0,B1,557,style,Das Apartment war mit Möbeln im viktorianischen Stil eingerichtet.,The apartment was furnished in the Victorian style.
stilistisch,Adjektiv,nan,nan,0,B1,147,stylistic,Umgangssprache muss nicht unbedingt eine grammatisch und stilistisch fragwürdige Art des Ausdrucks sein.,Colloquial language is not necessarily a grammatical and stylistic questionable form of expression.
still,Adjektiv,nan,nan,0,B1,4325,quiet,"Während des Unterrichts still zu sein, bedeutet, den Schlaf der anderen zu respektieren.",To be quiet in class is to respect other people's sleep.
Stimme,Substantiv,fem.,die,0,B1,2151,voice,"Jeanne d'Arc weigerte sich, ihre Überzeugung zu leugnen, dass die Stimme, die sie hörte, von niemand anderem als Gott war.",Joan of Arc refused to renounce her belief that the voice she heard was from God and none other.
stimmen,Verb,nan,nan,0,B1,5281,be correct,Das kann stimmen.,This may be correct.
Stimmung,Substantiv,fem.,die,0,B1,513,humour,nan,nan
stinken,Verb,nan,nan,0,B1,303,stink,Du stinkst nach Zigaretten.,You stink of cigarettes.
Stoff,Substantiv,mask.,der,0,B1,1685,cloth,Schwarze Stoffe absorbieren Licht.,Black cloth absorbs light.
stolz,Adjektiv,nan,nan,0,B1,1163,haughty,nan,nan
stoppen,Verb,nan,nan,0,B1,314,stop,"Wir dachten, dass wir ihn nicht stoppen können.",We thought it impossible to stop him.
strafbar,Adjektiv,nan,nan,0,B1,188,accusable,nan,nan
Strafe,Substantiv,fem.,die,0,B1,486,fine,"Wenn man Müll auf die Straße wirft, muss man bis zu 500 Dollar Strafe bezahlen.","If you throw trash on the road, you have to pay a fine of up to 500 dollars."
Strafzettel,Substantiv,mask.,der,0,B1,18,ticket,"Du wirst einen Strafzettel bekommen, wenn du dein Auto vor einem Hydranten parkst.",You'll get a ticket if you park the car in front of a fire hydrant.
Strecke,Substantiv,fem.,die,0,B1,1070,bag,nan,nan
Streichholz,Substantiv,neutr.,das,0,B1,79,Congreve match,nan,nan
Streik,Substantiv,mask.,der,0,B1,143,strike,Der Streik beeinträchtigte die nationale Wirtschaft.,The strike affected the nation's economy.
streiken,Verb,nan,nan,0,B1,93,be on strike,nan,nan
Streit,Substantiv,mask.,der,0,B1,529,aggro,nan,nan
Strom,Substantiv,mask.,der,0,B1,995,current,Ein elektrischer Strom kann Magnetismus erzeugen.,An electric current can generate magnetism.
Strumpf,Substantiv,mask.,der,0,B1,38,mantle,nan,nan
Studie,Substantiv,fem.,die,0,B1,843,study,Laut einer Studie sterben jährlich 53000 Amerikaner an den Folgen von Passivrauchen.,"A study reports that 53,000 Americans die each year as a result of secondhand smoke."
Studierende,Substantiv,"fem., mask.","die, der",0,B1,nan,nan,nan,nan
Studio,Substantiv,neutr.,das,0,B1,292,studio,Wir können nicht ins Studio gehen.,We cannot go into the studio.
Stufe,Substantiv,fem.,die,0,B1,845,degree,nan,nan
stumm,Adjektiv,nan,nan,0,B1,386,mute,Gefahr macht stumm.,Danger makes mute.
Sturm,Substantiv,mask.,der,0,B1,877,assault,nan,nan
städtisch,Adjektiv,nan,nan,0,B1,335,municipal,Die städtische Müllhalde ist voll von Ratten.,The municipal rubbish dump is full of rats.
ständig,Adjektiv,nan,nan,0,B1,968,persistent,nan,nan
Störung,Substantiv,fem.,die,0,B1,567,annoyance,nan,nan
stürzen,Verb,nan,nan,0,B1,7403,fall,"Als er in den Fluss zu stürzen drohte, hielt er sich an dem Baum fest.","As he was about to fall into the river, he took hold of the tree."
Sucht,Substantiv,fem.,die,0,B1,86,addiction,"Rauchen ist keine Angewohnheit, sondern eine Sucht.",Smoking is no habit but an addiction.
Suchtmittel,Substantiv,neutr.,das,0,B1,15,addictive drug,nan,nan
Summe,Substantiv,fem.,die,0,B1,489,sum,Das Ganze ist mehr als die Summe seiner Teile.,The whole is greater than the sum of the parts.
Symbol,Substantiv,neutr.,das,0,B1,500,icon,"Du hast einen Kommentar hinzugefügt, keine Übersetzung.","You have added a comment, not a translation."
System,Substantiv,neutr.,das,0,B1,1491,structure,nan,nan
Szene,Substantiv,fem.,die,0,B1,529,scene,Ich möchte die Szene in Zeitlupe sehen.,I want to see the scene in slow motion.
sämtlich,Indefinitpronomen,nan,nan,0,B1,122,all the,Ich werde Ihnen sämtliche nötigen Informationen beschaffen.,I will provide you all the necessary information.
Sänger,Substantiv,mask.,der,0,B1,259,singer,Die Aufmerksamkeit richtete sich auf den Sänger.,Attention centered on the singer.
Sängerin,Substantiv,fem.,die,0,B1,108,female,"Die Sängerin, in die du als Kind verliebt warst, ist an Krebs gestorben.",The female singer that you were in love with when you were a child has died of cancer.
süchtig,Adjektiv,nan,nan,0,B1,139,addicted,"Tom ist süchtig nach Cola-Cola, aber Pepsi mag er nicht.","Tom is addicted to Coke, but he doesn't like Pepsi."
Tabelle,Substantiv,fem.,die,0,B1,162,chart,nan,nan
Tagesablauf,Substantiv,mask.,der,0,B1,33,daily routine,nan,nan
Tal,Substantiv,neutr.,das,0,B1,2080,dale,Sie lehnten sich über die Trockenmauer und blickten über das Tal.,They leant over the drystone wall and looked across the dale.
Talent,Substantiv,neutr.,das,0,B1,242,flair,nan,nan
tanken,Verb,nan,nan,0,B1,362,fill up,Bei der nächsten Tankstelle müssen wir tanken.,We need to fill up at the next gas station.
Tankstelle,Substantiv,fem.,die,0,B1,127,filling station,Er hat seinen Wagen an der Tankstelle waschen lassen.,He got his car washed at the filling station.
Tante,Substantiv,fem.,die,0,B1,374,aunt,Meine Tante hat drei Kinder.,My aunt has three children.
Tanz,Substantiv,mask.,der,0,B1,451,dance,Tom führte Maria am Heimkunftstag zum Tanz.,Tom took Mary to the homecoming dance.
Taschentuch,Substantiv,neutr.,das,0,B1,90,handkerchief,Er hob ein Taschentuch vom Boden auf.,He picked up a handkerchief from the floor.
Tastatur,Substantiv,fem.,die,0,B1,82,keyboard,"Dieses Spiel wird hauptsächlich mit der Tastatur und dem Gamepad gesteuert, lediglich die Konfiguration muss per Maus vorgenommen werden.",This game is basically designed for use with keyboard and gamepad but configuration can only be done by mouse.
Taste,Substantiv,fem.,die,0,B1,73,button,"Man muss nur die Taste drücken, um eine Fahrkarte zu bekommen.",You have only to push the button to get a ticket.
Tat,Substantiv,fem.,die,0,B1,1824,act,Der Student wurde auf frischer Tat beim Betrügen ertappt.,The student was caught in the act of cheating.
Tatsache,Substantiv,fem.,die,0,B1,666,fact,Er verheimlichte mir die Tatsachen.,He concealed the fact from me.
tatsächlich,Adjektiv,nan,nan,0,B1,1519,actual,Die relative Luftfeuchtigkeit ist die prozentual ausgedrückte tatsächliche Luftfeuchtigkeit im Verhältnis zur maximalen.,The relative humidity is the difference between the maximum humidity and the actual humidity expressed in percentages.
taub,Adjektiv,nan,nan,0,B1,1,deaf,"Es erfordert Weisheit, um Weisheit zu verstehen: die Musik ist nichts, wenn das Publikum taub ist.",It requires wisdom to understand wisdom: the music is nothing if the audience is deaf.
tauchen,Verb,nan,nan,0,B1,3373,dip,nan,nan
Technik,Substantiv,fem.,die,0,B1,785,equipment,Unsere Ausrüstung entspricht tatsächlich dem neuesten Stand der Technik.,We use really state-of-the-art equipment.
technisch,Adjektiv,nan,nan,0,B1,2753,technical,Wegen technischer Probleme wurde anstelle der angekündigten Sendung ein Film gezeigt.,"Because of some technical problem, a movie was shown in place of the announced program."
Technologie,Substantiv,fem.,die,0,B1,249,technology,"Es wird fünf bis zehn Jahre dauern, bis die Technologie bereit ist.",It will take five to ten years for the technology to be ready.
Teilnahme,Substantiv,fem.,die,0,B1,249,interest,nan,nan
Teilnehmer,Substantiv,mask.,der,0,B1,489,participant,Bis jetzt gewann nur ein Teilnehmer eine Million israelischer Schekel bei Wer wird Millionär?,So far there has been only one participant who won one million Israeli Shekels in Who Wants to Be a Millionaire in Israel.
Teilnehmerin,Substantiv,fem.,die,0,B1,30,participant,nan,nan
teilweise,Adjektiv,nan,nan,0,B1,954,partial,Es war ein teilweiser Erfolg.,It was a partial success.
Teilzeit,Substantiv,fem.,die,0,B1,33,part-time,"Ich weiß, dass du Teilzeit arbeitest.",I know you're working part-time.
Temperatur,Substantiv,fem.,die,0,B1,524,temperature,Die Temperatur des menschlichen Körpers bewegt sich um 37 °C.,The temperature of the human body hovers around 37°C.
Tempo,Substantiv,neutr.,das,0,B1,282,kleenex,nan,nan
Teppich,Substantiv,mask.,der,0,B1,86,carpet,Wir müssen einen neuen Teppich für dieses Zimmer kaufen.,We must buy a new carpet for this room.
Terminkalender,Substantiv,mask.,der,0,B1,24,diary,Ich habe deinen Terminkalender gefunden.,I found your diary.
Terrasse,Substantiv,fem.,die,0,B1,44,patio,Such mich morgen früh auf!,Find me tomorrow morning.
testen,Verb,nan,nan,0,B1,576,test,Wir werden morgen den Motor testen.,We are going to do a test of the engine tomorrow.
theoretisch,Adjektiv,nan,nan,0,B1,559,theoretical,"Der Unterricht besteht aus zwei Teilen, einem theoretischen und einem praktischen.","The lecture is composed by two parts, one theoretical, the other practical."
Theorie,Substantiv,fem.,die,0,B1,637,theory,"Ich denke, ich habe dazu eine Theorie.",I think I have a theory about that.
Therapie,Substantiv,fem.,die,0,B1,266,therapy,"Es ist zutreffend, dass für diese Therapie die psychische Bereitschaft wichtig ist.",It is correct to say that psychological readiness is important in this therapy.
Tierpark,Substantiv,mask.,der,0,B1,44,zoo,Ein großes Tier ist aus dem Tierpark ausgebrochen.,A large animal fled from the zoo.
tippen,Verb,nan,nan,0,B1,447,bet,nan,nan
Tod,Substantiv,mask.,der,0,B1,2841,death,Ich bin gegen die Benutzung des Todes als Strafe.,I am against using death as a punishment.
tolerant,Adjektiv,nan,nan,0,B1,116,tolerant,Er ist tolerant gegenüber anderen Religionen.,He is tolerant in religious belief of others.
Tor,Substantiv,neutr.,das,0,B1,795,cage,nan,nan
Tote,Substantiv,"fem., mask.","die, der",0,B1,1204,casualty,nan,nan
Tourismus,Substantiv,mask.,der,0,B1,137,tourism,Der Tourismus ist wichtig für die Wirtschaft meines Landes.,Tourism is important to the economy of my country.
Tradition,Substantiv,fem.,die,0,B1,559,tradition,Das ist eine türkische Tradition.,This is a Turkish tradition.
traditionell,Adjektiv,nan,nan,0,B1,2294,traditional,"Sprachen, die einander in einem traditionellen System nie begegnen würden, können in Tatoeba verbunden werden.","Languages that would have never found themselves together in a traditional system, can be connected in Tatoeba."
Trainer,Substantiv,mask.,der,0,B1,338,coach,Ein guter Trainer ist wie ein Vater zu seinen Spielern.,A good coach is like a father to his players.
Trainerin,Substantiv,fem.,die,0,B1,44,coach,Die Trainerin von Wayde van Niekerk ist eine 74 Jahre alte Urgroßmutter.,Wayde van Niekerk's coach is a 74 years old great-grandmother.
Tram,Substantiv,"fem., neutr.",die,0,B1,55,beam,nan,nan
Transport,Substantiv,mask.,der,0,B1,616,carriage,nan,nan
transportieren,Verb,nan,nan,0,B1,3764,convey,"Kabel werden benutzt, um Strom zu transportieren.",Wires are used to convey electricity.
Treffpunkt,Substantiv,mask.,der,0,B1,84,meeting point,Das Internet ist ein Treffpunkt für Menschen mit gemeinsamen Interessen.,The Internet is a meeting point for people with common interests.
treiben,Verb,nan,nan,0,B1,18180,bring forth,nan,nan
trennen,Verb,nan,nan,0,B1,2305,break up,"Sie hat vor, sich von ihrem Freund zu trennen.",She plans to break up with her boyfriend.
Trennung,Substantiv,fem.,die,0,B1,294,cut-off,nan,nan
Treppenhaus,Substantiv,neutr.,das,0,B1,88,staircase,Tom und Maria küssten sich im Treppenhaus.,Tom and Mary kissed in the staircase.
treten,Verb,nan,nan,0,B1,61138,kick,Es tut mir leid.,I'm so sorry.
treu,Adjektiv,nan,nan,0,B1,278,loyal,Popmusiker kommen durch die Schmeichelei ihrer treuen Fans zur vollen Entfaltung.,Pop artists thrive on the adulation of their loyal fans.
Trinkgeld,Substantiv,neutr.,das,0,B1,56,tip,Wie viel Trinkgeld gibt man in Spanien?,How much do you leave for a tip in Spain?
trocknen,Verb,nan,nan,0,B1,645,dry,Der Fluss trocknet aus.,The river is running dry.
Tropfen,Substantiv,mask.,der,0,B1,362,dripping,Steter Tropfen höhlt den Stein.,Constant dripping wears away a stone.
Trottoir,Substantiv,neutr.,das,0,B1,36,footpath,nan,nan
trotz,Präposition,nan,nan,0,B1,3701,despite,Trotz der Wichtigkeit von Schlaf ist sein Zweck ein Rätsel.,"Despite the importance of sleep, its purpose is a mystery."
trotzdem,Konjunktion,nan,nan,0,B1,696,all the same,"Das Essen war schrecklich, trotzdem habe ich mich nicht darüber beschwert.",The food was terrible -all the same I didn't complain.
Träne,Substantiv,fem.,die,0,B1,761,tear,Deine Tränen zerreißen mein Herz!,Your tears tear my heart!
Tuch,Substantiv,neutr.,das,0,B1,273,cloth,Putzen Sie das Fenster mit einem feuchten Tuch.,Clean the window with a damp cloth.
Turm,Substantiv,mask.,der,0,B1,375,castle,nan,nan
twittern,Verb,nan,nan,0,B1,36,tweet,nan,nan
Typ,Substantiv,mask.,der,0,B1,744,type,Er ist nicht mein Typ.,He's not my type.
Täter,Substantiv,mask.,der,0,B1,433,criminal,"Nicht allein meine Tochter, sondern auch mehrere ihrer Mitschüler sagen, dass sie den Täter gesehen hätten.",Not only my daughter but some of her classmates say that they saw the criminal.
Täterin,Substantiv,fem.,die,0,B1,15,criminal,nan,nan
Tätigkeit,Substantiv,fem.,die,0,B1,969,activity,"Keine Bestimmung dieser Erklärung darf dahin ausgelegt werden, dass sie für einen Staat, eine Gruppe oder eine Person irgendein Recht begründet, eine Tätigkeit auszuüben oder eine Handlung zu begehen, welche die Beseitigung der in dieser Erklärung verkündeten Rechte und Freiheiten zum Ziel hat.","Nothing in this Declaration may be interpreted as implying for any State, group or person any right to engage in any activity or to perform any act aimed at the destruction of any of the rights and freedoms set forth herein."
tödlich,Adjektiv,nan,nan,0,B1,430,deadly,Er hat einen tödlichen Schlag bekommen.,He was dealt a deadly blow.
Tüte,Substantiv,fem.,die,0,B1,195,bag,"Er verwendete ein großes Stück Papier, um die Tüte herzustellen.",He used a big piece of paper to make the bag.
U-Bahn,Substantiv,fem.,die,0,B1,1,metro,Die U-Bahn ist rechts!,The metro is on the right!
Ufer,Substantiv,neutr.,das,0,B1,607,bank,Zwei Frösche sitzen am Ufer.,"Two frogs are sitting on the bank, when it starts to rain."
umarmen,Verb,nan,nan,0,B1,53,embrace,"Tom versuchte, Maria zu umarmen.",Tom tried to embrace Mary.
umdrehen,Verb,nan,nan,0,B1,31,flip,nan,nan
Umfrage,Substantiv,fem.,die,0,B1,184,poll,"Laut einer landesweiten Umfrage in den USA ist es ein geläufiger Glaube, dass Moslems mit Terrorismus verbunden sind.","It is a prevalent belief, according to a nationwide poll in the United States, that Muslims are linked with terrorism."
Umgebung,Substantiv,fem.,die,0,B1,735,ambience,nan,nan
umgehen,Verb,nan,nan,0,B1,417,avoid,"Ich fahre mit dem Auto ins Büro, und ich versuche, so früh wie möglich von zu Hause loszufahren, um den Stau zu umgehen.","I go to the office by car, and I try to leave home as early as I can so that I can avoid the traffic jams."
umgekehrt,partizipiales Adjektiv,nan,nan,0,B1,290,contrary,nan,nan
Umleitung,Substantiv,fem.,die,0,B1,18,bypass,nan,nan
umso,Konjunktion,nan,nan,0,B1,153,all the more,"Sie liebt ihn umso mehr, weil er Fehler hat.",She loves him all the more because he has faults.
umsonst,Adverb,nan,nan,0,B1,185,free,Ich hab's umsonst bekommen.,I got it free.
Umtausch,Substantiv,mask.,der,0,B1,1,exchange,nan,nan
umtauschen,Verb,nan,nan,0,B1,104,exchange,Könnten Sie das bitte gegen etwas anderes umtauschen?,Could you exchange it with a different one?
Umwelt,Substantiv,fem.,die,0,B1,502,environment,"Wir müssen versuchen, unsere Umwelt zu schützen.",We must try to protect the environment.
Umweltschutz,Substantiv,mask.,der,0,B1,57,ecology protection,nan,nan
Umweltverschmutzung,Substantiv,fem.,die,0,B1,29,pollution,Unsere Städte verursachen ernsthafte Probleme der Umweltverschmutzung.,Our cities create serious pollution problems.
un-,Affix,nan,nan,0,B1,nan,un-,nan,nan
unentschieden,Adjektiv,nan,nan,0,B1,93,draw,Das Spiel ging unentschieden aus.,The match ended in a draw.
ungefähr,Adjektiv,nan,nan,0,B1,606,about,Dieses Land ist ungefähr zweimal so groß wie Japan.,That country is about twice as large as Japan.
ungewöhnlich,Adjektiv,nan,nan,0,B1,452,exceptionally,Tom ist ungewöhnlich gutaussehend.,Tom is exceptionally good-looking.
unglaublich,Adjektiv,nan,nan,0,B1,309,incredible,Um diese Zeit ist ein unglaublicher Verkehr.,"At this hour, there is incredible traffic."
Unglück,Substantiv,neutr.,das,0,B1,239,calamity,Die Vorahnung ist immer schlechter als das Unglück selbst.,The anticipation is always worse than the calamity.
unheimlich,Adjektiv,nan,nan,0,B1,216,scary,"Der Wind klingt unheimlich, wie schreiende Geister.","The wind sounds scary, like screaming ghosts."
Uniform,Substantiv,fem.,die,0,B1,330,uniform,Kann eine Uniform Klassenunterschiede ausschließen?,Does a uniform eliminate class difference?
unter-,Affix,nan,nan,0,B1,2,lower,nan,nan
unterbrechen,Verb,nan,nan,0,B1,354,cut off,Meine Internetverbindung wurde unterbrochen.,My internet connection was cut off.
Unterhaltung,Substantiv,fem.,die,0,B1,279,conversation,"Da ihre Unterhaltung auf Französisch war, konnte ich kein Wort verstehen.","As their conversation was in French, I could not understand a word."
Unterlage,Substantiv,fem.,die,0,B1,257,base,nan,nan
unterlassen,Verb,nan,nan,0,B1,145,abstain,nan,nan
Unternehmer,Substantiv,mask.,der,0,B1,201,businessman,"Der Unternehmer versucht, seine Leute mit Durchhalteparolen auf Trab zu halten, aber die stehen nur wie der Ochs vorm Berg.","The businessman is trying to keep his people on the go by keeping a stiff upper lip, but they are just acting like a dying duck in a thunderstorm."
Unternehmerin,Substantiv,fem.,die,0,B1,27,nan,nan,nan
unterrichten,Verb,nan,nan,0,B1,393,teach,Wird Herr Oka Englisch unterrichten?,Will Mr Oka teach English?
untersagt,partizipiales Adjektiv,nan,nan,0,B1,32,nan,nan,nan
unterscheiden,Verb,nan,nan,0,B1,1174,differ,Mein Geschmack unterscheidet sich stark von deinem.,My tastes differ greatly from yours.
unterschiedlich,Adjektiv,nan,nan,0,B1,1849,different,Christentum und Islam sind zwei unterschiedliche Religionen.,Christianity and Islam are two different religions.
unterstreichen,Verb,nan,nan,0,B1,154,emphasize,nan,nan
unterstützen,Verb,nan,nan,0,B1,925,support,"Warum bestehst du darauf, selbst die Studiengebühren zu bezahlen, obwohl deine Eltern dich gerne finanziell unterstützen würden?","Why do you insist on paying for your school expenses yourself, when your parents are willing to give you financial support?"
Unterstützung,Substantiv,fem.,die,0,B1,535,support,Ihre finanzielle Unterstützung ist für dieses Projekt von uns unentbehrlich.,Her financial support is indispensable to this project of ours.
Untersuchung,Substantiv,fem.,die,0,B1,1109,analysis,Die Untersuchung ergibt die folgenden Ergebnisse.,The analysis gives the following results.
Urkunde,Substantiv,fem.,die,0,B1,133,certificate,nan,nan
Ursache,Substantiv,fem.,die,0,B1,714,cause,Der Waldbrand ereignete sich aufgrund natürlicher Ursachen.,That forest fire happened from natural cause.
ursprünglich,Adjektiv,nan,nan,0,B1,1518,aboriginal,nan,nan
Urteil,Substantiv,neutr.,das,0,B1,536,court decision,nan,nan
Vase,Substantiv,fem.,die,0,B1,103,vase,Wer hat die Vase zerbrochen?,Who broke the vase?
vegetarisch,Adjektiv,nan,nan,0,B1,63,vegetarian,Der Pilaw mit Fleisch kostet acht Yuan.,The pilaf with meat is eight yuan.
Velo,Substantiv,neutr.,das,0,B1,13,bicycle,Er fährt mit dem Velo zur Schule.,He goes to school by bicycle.
Verabredung,Substantiv,fem.,die,0,B1,45,appointment,Hast du eine Verabredung mit ihm?,Do you have an appointment with him?
verabschieden,Verb,nan,nan,0,B1,345,adopt,nan,nan
verantwortlich,Adjektiv,nan,nan,0,B1,1225,responsible,"Blindheit ist verantwortlich für eine erschütternde Anzahl von Opfern schlechter Gesundheit, Leiden und Verlust von Würde und Verminderung der Lebensqualität von Menschen in der ganzen Welt.","Blindness is responsible for a staggering toll of poor health, suffering, and loss of dignity and diminution in the quality of lives of people worldwide."
Verantwortung,Substantiv,fem.,die,0,B1,368,responsibility,Diese Verantwortung ist eine Last für ihn.,That responsibility is a burden to him.
verbessern,Verb,nan,nan,0,B1,699,correct,"Wenn ein Satz niemandem gehört, wie dieser, dann kannst du ihn selber verbessern.","When a sentence is not owned by anyone, like this one, you can correct it yourself."
verbinden,Verb,nan,nan,0,B1,2487,associate,Wir verbinden die Farbe Schwarz oft mit Tod.,We often associate black with death.
Verbindung,Substantiv,fem.,die,0,B1,1739,affair,nan,nan
Verbot,Substantiv,neutr.,das,0,B1,283,prohibition,Das erste Verbot gegen Sklaverei wurde in der Mitte des 19.,The first prohibition of slavery was in the mid-nineteenth century.
verbrauchen,Verb,nan,nan,0,B1,327,consume,Dieses Produkt ist frei von Konservierungsstoffen.,This product contains no preservatives.
Verbrecher,Substantiv,mask.,der,0,B1,25,criminal,Ben wurde für einen Verbrecher gehalten.,Ben was believed to be a criminal.
Verbrecherin,Substantiv,fem.,die,0,B1,12,nan,nan,nan
verbrennen,Verb,nan,nan,0,B1,378,burn,"Wo man Bücher verbrennt, verbrennt man auch am Ende Menschen.","Where they burn books, they will eventually burn people."
verbringen,Verb,nan,nan,0,B1,1177,accomplish,nan,nan
Verdacht,Substantiv,mask.,der,0,B1,312,suspicion,"Ich hatte den Verdacht, dass er mich verlassen würde.",I had a suspicion that he would leave me.
verdächtig,Adjektiv,nan,nan,0,B1,192,doubtful,nan,nan
Vergangenheit,Substantiv,fem.,die,0,B1,579,background,nan,nan
vergeblich,Adjektiv,nan,nan,0,B1,202,futile,Deine Bemühungen sind vergeblich.,Your efforts are futile.
Vergleich,Substantiv,mask.,der,0,B1,932,comparison,Die Gebäude sind klein im Vergleich zu den Wolkenkratzern in New York.,The buildings are small in comparison with the skyscrapers in New York.
Vergnügen,Substantiv,neutr.,das,0,B1,11,fun,"Verdirb mir nicht mein Vergnügen nach der ganzen Mühe, die ich mir gemacht habe.",Don't ruin my fun after all the pain that I put myself through.
vergnügen,Verb,nan,nan,0,B1,475,please,nan,nan
vergnügt,partizipiales Adjektiv,nan,nan,0,B1,1,delighted,nan,nan
vergrößern,Verb,nan,nan,0,B1,252,enlarge,Die wollen ihren Laden vergrößern.,They're going to enlarge their store.
verhaften,Verb,nan,nan,0,B1,286,arrest,Sie sind verhaftet.,You are under arrest.
Verhalten,Substantiv,neutr.,das,0,B1,1850,attitude,nan,nan
verhalten,Verb,nan,nan,0,B1,1850,bated,nan,nan
verhindern,Verb,nan,nan,0,B1,1181,avert,nan,nan
Verhältnis,Substantiv,neutr.,das,0,B1,1178,background,"Tom kam aus armen Verhältnissen, aber er wurde später sehr reich.","Tom came from a poor background, but he later became quite rich."
Verkehrszeichen,Substantiv,neutr.,das,0,B1,36,road sign,nan,nan
Verkäuferin,Substantiv,fem.,die,0,B1,61,saleslady,nan,nan
Verlag,Substantiv,mask.,der,0,B1,275,publishing company,Ich möchte gerne eine Bestellung beim Verlag aufgeben für das Buch.,I'd like to place an order for the book with the publishing company.
verlangen,Verb,nan,nan,0,B1,3555,demand,"Ich verlange, dass er bestraft wird.",I demand that he be punished.
verlassen,Verb,nan,nan,0,B1,1822,abandon,"Denken Sie, dass wir das Schiff verlassen sollten?",Do you think we should abandon ship?
verlaufen,Verb,nan,nan,0,B1,725,disappear,nan,nan
Verletzung,Substantiv,fem.,die,0,B1,568,breach,nan,nan
verliebt,partizipiales Adjektiv,nan,nan,0,B1,nan,enamoured,nan,nan
Verlierer,Substantiv,mask.,der,0,B1,52,loser,Er ist ein guter Verlierer.,He is a good loser.
Verlust,Substantiv,mask.,der,0,B1,658,loss,"Blindheit ist verantwortlich für eine erschütternde Anzahl von Opfern schlechter Gesundheit, Leiden und Verlust von Würde und Verminderung der Lebensqualität von Menschen in der ganzen Welt.","Blindness is responsible for a staggering toll of poor health, suffering, and loss of dignity and diminution in the quality of lives of people worldwide."
verlängern,Verb,nan,nan,0,B1,246,dilute,nan,nan
vermeiden,Verb,nan,nan,0,B1,664,avoid,"Ein Experte ist jemand, der die schlimmsten Fehler kennt, die in seinem Gebiet gemacht werden können und weiß, wie man sie vermeidet.","An expert is someone who knows some of the worst mistakes that can be made in his field, and how to avoid them."
Vermietung,Substantiv,fem.,die,0,B1,19,hiring,nan,nan
vermissen,Verb,nan,nan,0,B1,132,miss,Ich vermisse dich.,I miss you.
Vermittlung,Substantiv,fem.,die,0,B1,158,arbitration,nan,nan
vermuten,Verb,nan,nan,0,B1,484,assume,"Ich vermute, ihr habt sie gefunden.",I assume you found her.
vermutlich,Adjektiv,nan,nan,0,B1,602,probably,"Du kannst vermutlich erahnen, was indessen passiert.",You can probably guess what happens though.
vernünftig,Adjektiv,nan,nan,0,B1,237,reasonable,Seine Meinung ist vernünftig.,His opinion is reasonable.
verpacken,Verb,nan,nan,0,B1,426,pack,nan,nan
verpflegen,Verb,nan,nan,0,B1,80,feed,nan,nan
verpflichten,Verb,nan,nan,0,B1,567,commit,"Ich hatte mich nicht verpflichtet gefühlt, der Besprechung beizuwohnen.",I didn't commit myself to attend the meeting.
verraten,Verb,nan,nan,0,B1,190,betray,"Er ist der Letzte, der seine Freunde verraten würde.",He is the last person to betray his friends.
verrückt,partizipiales Adjektiv,nan,nan,0,B1,483,crazy,"Die meisten Leute denken, ich sei verrückt.",Most people think I'm crazy.
Versammlung,Substantiv,fem.,die,0,B1,256,assembly,Wegen des schlechten Wetters mussten wir die Versammlung absagen.,"On account of bad weather, we were forced to call off the assembly."
verschmutzen,Verb,nan,nan,0,B1,209,besmirch,nan,nan
verschreiben,Verb,nan,nan,0,B1,158,commit,nan,nan
verschwinden,Verb,nan,nan,0,B1,893,be lost,nan,nan
versichern,Verb,nan,nan,0,B1,854,assure,Ich kann dich deines Erfolges versichern.,I can assure you of your success.
Versichertenkarte,Substantiv,fem.,die,0,B1,nan,nan,nan,nan
Versicherung,Substantiv,fem.,die,0,B1,675,affirmation,nan,nan
versprechen,Verb,nan,nan,0,B1,484,expect,"Wir erwarten von dir, dass du hältst, was du einmal versprochen hast.",We expect you to carry out what you have once promised.
verstecken,Verb,nan,nan,0,B1,606,hide,Warum versteckst du deine Brüste?,Why do you hide your breasts?
verständlich,Adjektiv,nan,nan,0,B1,322,intelligible,Tschechisch und Slowakisch sind gegenseitig verständliche Sprachen.,Czech and Slovak are mutually intelligible languages.
Verständnis,Substantiv,neutr.,das,0,B1,338,appreciation,Ich habe ein gewisses Verständnis für deine Probleme.,I have some appreciation of your problems.
Versuch,Substantiv,mask.,der,0,B1,886,attempt,Sein Versuch hat sich als Fehlschlag erwiesen.,His attempt proved to be a failure.
versäumen,Verb,nan,nan,0,B1,148,miss,Du hast die Besprechung nicht versäumt.,You didn't miss the meeting.
verteilen,Verb,nan,nan,0,B1,1097,distribute,"Die königlich kanadische Münzanstalt wird das Geldstück nicht länger an Finanzinstitute im ganzen Land verteilen, aber es wird gesetzliches Zahlungsmittel bleiben.","The Royal Canadian Mint will no longer distribute the coin to financial institutions around the country, but it will remain legal tender."
Vertrauen,Substantiv,neutr.,das,0,B1,40,confidence,Er hat mein Vertrauen missbraucht.,He betrayed my confidence.
vertrauen,Verb,nan,nan,0,B1,629,trust,"Wenn die Welt nicht so wäre wie sie jetzt ist, könnte ich jedem vertrauen.","If the world weren't in the shape it is now, I could trust anyone."
vertreten,Verb,nan,nan,0,B1,757,injure the foot,nan,nan
Vertreter,Substantiv,mask.,der,0,B1,1254,agent,Er ist Vertreter einer großen Versicherungsgesellschaft.,He's an agent for a big insurance company.
Vertreterin,Substantiv,fem.,die,0,B1,88,nan,nan,nan
Vertretung,Substantiv,fem.,die,0,B1,133,agency,nan,nan
verursachen,Verb,nan,nan,0,B1,2307,bring about,Taifune verursachen jedes Jahr Schäden.,Typhoons bring about damage every year.
verurteilen,Verb,nan,nan,0,B1,519,sentence,Ich verurteile Sie zu zehn Jahren.,I sentence you to ten years.
Verwaltung,Substantiv,fem.,die,0,B1,443,administration,Die Verwaltung trifft wichtige Entscheidungen.,The administration makes important decisions.
verwandt,Adjektiv,nan,nan,0,B1,393,related,Niederländisch ist eng verwandt mit Deutsch.,Dutch is closely related to German.
verwechseln,Verb,nan,nan,0,B1,229,confuse,Man darf nicht Homomorphismen mit Homöomorphismen verwechseln.,One must not confuse homomorphism with homeomorphism.
verwenden,Verb,nan,nan,0,B1,10982,use,Yumi wird diese Kamera morgen Nachmittag verwenden.,Yumi will use this camera tomorrow afternoon.
verzeihen,Verb,nan,nan,0,B1,188,excuse,"Verzeihen Sie, welches ist der kürzeste Weg zum Bahnhof?","Excuse me, what is the shortest way to go to the station?"
Verzeihung,Substantiv,fem.,die,0,B1,43,forgiveness,Sie bitten vergebens um Verzeihung; Ihr Handeln ist unverzeihlich.,You ask in vain for forgiveness; your actions are unforgivable.
verzichten,Verb,nan,nan,0,B1,579,forgo,"Die bürgerliche Frau legt Wert auf ihre Ketten, weil sie auf die Vorrechte ihrer Klasse nicht verzichten will.",The middle-class woman placed value on her necklace because she didn't want to forgo the privileges of her class.
verändern,Verb,nan,nan,0,B1,1141,change,Muss ich meine Diät verändern?,Do I need to change my diet?
veröffentlichen,Verb,nan,nan,0,B1,1278,publish,In diesem Verlag wird wirklich alles veröffentlicht.,This publisher will publish absolutely anything.
Video,Substantiv,neutr.,das,0,B1,316,video,Sie war vertieft in das Video.,She was absorbed in the video.
virtuell,Adjektiv,nan,nan,0,B1,178,virtual,"Speicherseiten sind gewöhnlich mindestens 4 KiB (4 x 1024 Byte) groß, und Systeme mit großen virtuellen Adressbereichen oder großen Mengen an physikalischem Speicher benutzen im Allgemeinen noch größere Seitengrößen.","Pages are usually at least 4 KiB (4×1024 bytes) in size, and systems with large virtual address ranges or large amounts of real memory generally use larger page sizes."
Virus,Substantiv,"neutr., mask.",das,0,B1,407,virus,Das sieht wie das Werk eines Virus aus.,That looks like the work of a virus.
Visitenkarte,Substantiv,fem.,die,0,B1,40,business card,"Tom fand jemandes Visitenkarte in seiner Tasche, doch er konnte sich nicht besinnen, wo er diese herhatte.","Tom found someone's business card in his pocket, but couldn't remember where he got it."
Visum,Substantiv,neutr.,das,0,B1,81,visa,Wie lange ist dieses Visum gültig?,How long is this visa valid?
Vitamin,Substantiv,neutr.,das,0,B1,911,vitamin,"Um dich nicht zu erkälten, solltest du viel Vitamin C zu dir nehmen.",Take lots of vitamin C to avoid catching cold.
Vollzeit,Substantiv,fem.,die,0,B1,19,full time,Tom und Maria arbeiten beide Vollzeit.,Both Tom and Mary work full time.
voneinander,Adverb,nan,nan,0,B1,349,from each other,Diese beiden unterscheiden sich sehr voneinander.,These two are very different from each other.
vor allem,Mehrwortausdruck,nan,nan,0,B1,nan,above all,nan,nan
voraus,Adverb,nan,nan,0,B1,401,ahead,Er ist uns in Mathe voraus.,He is ahead of us in mathematics.
Voraussetzung,Substantiv,fem.,die,0,B1,532,precondition,nan,nan
voraussichtlich,Adjektiv,nan,nan,0,B1,117,anticipated,nan,nan
vorbei-,Affix,nan,nan,0,B1,1,nan,nan,nan
Vorbereitung,Substantiv,fem.,die,0,B1,273,preparation,"Die Griechen erfanden das Komma, nicht für ihre Literatur, sondern für ihre Schauspieler, damit sie tief Luft holen konnten als Vorbereitung für einen auf sie zukommenden längeren Satzteil; darum stellt das Komma eine kleine Pause dar.","The Greeks invented the comma, not for their literature but for their actors, to warn them to take a deep breath in preparation of an upcoming long phrase; thus a comma represents a pause."
vorder,Adjektiv,nan,nan,0,B1,218,fore,nan,nan
Vorfahrt,Substantiv,fem.,die,0,B1,50,priority,nan,nan
vorhaben,Verb,nan,nan,0,B1,62,intend,"Sie haben keine Ahnung, was ich vorhabe.",They have no idea what I intend to do.
vorhin,Adverb,nan,nan,0,B1,70,a little while ago,Sein Schwächeanfall vorhin wurde vermutlich durch eine verschleppte Erkältung verursacht.,His weak spell a little while ago was probably caused by that cold he's neglecting.
vorkommen,Verb,nan,nan,0,B1,821,advance,nan,nan
vorlesen,Verb,nan,nan,0,B1,116,read aloud,Der Lehrer lässt den Text laut vorlesen.,The teacher has the text read aloud.
vorläufig,Adjektiv,nan,nan,0,B1,163,for the time being,Vorläufig brauchen wir nichts.,"For the time being, we don't need anything."
Vorort,Substantiv,mask.,der,0,B1,205,suburb,"Sie beschlossen, sich in einen Vorort von London niederzulassen.",They decided to settle in a suburb of London.
vorschlagen,Verb,nan,nan,0,B1,281,propose,Hat er irgendwelche Lösungen vorgeschlagen?,Did he propose any solutions?
Vorschrift,Substantiv,fem.,die,0,B1,402,regulation,Diese Vorschrift tritt vom nächsten Jahr an in Kraft.,This regulation will take effect from next year.
Vorspeise,Substantiv,fem.,die,0,B1,nan,appetizer,nan,nan
Vorstellung,Substantiv,fem.,die,0,B1,977,idea,"Hast du eine Vorstellung davon, wie mein Leben aussieht?",Do you have any idea what my life is like?
Vorstellungsgespräch,Substantiv,neutr.,das,0,B1,37,interview,Wie ist dein Vorstellungsgespräch gelaufen?,How did your interview go?
Vorteil,Substantiv,mask.,der,0,B1,727,advantage,Was ist der Vorteil dieser Technologie?,What is the advantage of this technology?
Vortrag,Substantiv,mask.,der,0,B1,307,oration,nan,nan
Vorwurf,Substantiv,mask.,der,0,B1,373,accusation,Er bestreitet diesen Vorwurf und spricht lediglich von einem Kuss.,He denies this accusation and speaks only of a kiss.
völlig,Adjektiv,nan,nan,0,B1,1421,absolute,Das ist völliger Quatsch!,That's absolute nonsense!
waagerecht,Adjektiv,nan,nan,0,B1,nan,horizontal,Die Exponentialfunktion besitzt eine waagerechte Asymptote.,The exponential function has a horizontal asymptote.
waagrecht,Adjektiv,nan,nan,0,B1,42,nan,nan,nan
wachsen,Verb,nan,nan,0,B1,20199,grow,"Geld wächst nicht auf Bäumen, weißt du.","Money doesn't grow on trees, you know."
Wahl,Substantiv,fem.,die,0,B1,1009,Wahl,nan,nan
wahnsinnig,Adjektiv,nan,nan,0,B1,182,incredibly,nan,nan
Wahrheit,Substantiv,fem.,die,0,B1,582,truth,Nur die Wahrheit ist schön.,Nothing is beautiful but the truth.
Wand,Substantiv,fem.,die,0,B1,1408,barrier,nan,nan
Wanderung,Substantiv,fem.,die,0,B1,213,hike,Wir sollten die Wanderung streichen.,We should cancel the hike.
Wandrung,Substantiv,fem.,die,0,B1,nan,nan,nan,nan
Ware,Substantiv,fem.,die,0,B1,1177,article,nan,nan
warnen,Verb,nan,nan,0,B1,843,warn,Ich werde ihn warnen.,I will warn him.
Waschmittel,Substantiv,neutr.,das,0,B1,41,laundry detergent,nan,nan
Wecker,Substantiv,mask.,der,0,B1,61,Wecker,nan,nan
weder,Konjunktion,nan,nan,0,B1,5023,neither,"Eine mathematische Wahrheit ist weder einfach noch kompliziert, sie ist.",A mathematical truth is neither simple nor complicated; it is.
weg-,Affix,nan,nan,0,B1,nan,nan,nan,nan
weigern,Verb,nan,nan,0,B1,226,decline,nan,nan
weiter,Adjektiv,nan,nan,0,B1,76521,further,Es ist ein bisschen weiter weg.,It's a bit further way.
Weiterbildung,Substantiv,fem.,die,0,B1,60,further education,nan,nan
weltenweit,Adjektiv,nan,nan,0,B1,nan,nan,nan,nan
weltweit,Adjektiv,nan,nan,0,B1,935,global,Es gibt ein weltweites Verständigungsproblem.,There is a global problem of comprehension.
wenden,Verb,nan,nan,0,B1,6284,address,Bitte wenden Sie sich an den Vorsitzenden!,Please address the chair!
Werbung,Substantiv,fem.,die,0,B1,269,advertising,"Werbung könnte man beschreiben als die Wissenschaft davon, wie man die menschliche Intelligenz lange genug ausschaltet, um Geld daraus zu gewinnen.",Advertising may be described as the science of arresting the human intelligence long enough to get money from it.
werfen,Verb,nan,nan,0,B1,42985,cast,Der Angler warf die Leine ins Wasser.,The fisherman cast the fishing line into the water.
Werk,Substantiv,neutr.,das,0,B1,1387,act,nan,nan
Werkzeug,Substantiv,neutr.,das,0,B1,576,tool,Er handhabte das Werkzeug gekonnt.,He handled the tool skillfully.
Wert,Substantiv,mask.,der,0,B1,3174,price,Wir haben nicht über den Wert nachgedacht.,We did not think about the price.
wert,Adjektiv,nan,nan,0,B1,328,valued,"Eine lahme Katze ist mehr wert als ein schnelles Pferd, wenn der Palast voller Mäuse ist.",A lame cat is more valued than a fast horse when the palace is full of mice.
wertlos,Adjektiv,nan,nan,0,B1,137,worthless,"Sie wurde betrogen und dazu gebracht, wertlose Aktien zu kaufen.",She was cheated into buying worthless stock.
wertvoll,Adjektiv,nan,nan,0,B1,282,valuable,Nichts ist so wertvoll wie Freundschaft.,Nothing is so valuable as friendship.
weshalb,Adverb,nan,nan,0,B1,383,ergo,nan,nan
wetten,Verb,nan,nan,0,B1,124,bet,"Ich wette, dass ich es jetzt schaffe, mit dem Rauchen aufzuhören.",I bet I can quit smoking from now on.
Wetterbericht,Substantiv,mask.,der,0,B1,35,weather forecast,Der Wetterbericht ist nicht unbedingt zuverlässig.,The weather forecast is not necessarily reliable.
Wettervorhersage,Substantiv,fem.,die,0,B1,22,weather forecast,Die Wettervorhersage für heute traf zu.,Today's weather forecast proved right.
widersprechen,Verb,nan,nan,0,B1,226,contradict,"Aus Angst, gefeuert zu werden, widerspricht niemand seinem Arbeitgeber.",No one dares to contradict his employer for fear of being fired.
wieder-,Affix,nan,nan,0,B1,1,nan,nan,nan
Wiederholung,Substantiv,fem.,die,0,B1,168,gemination,nan,nan
wiegen,Verb,nan,nan,0,B1,1787,chop,nan,nan
Wiese,Substantiv,fem.,die,0,B1,454,meadow,Auf dieser Wiese gibt es viele Frösche.,This meadow abounds in frogs.
wieso,Adverb,nan,nan,0,B1,165,how so,nan,nan
wild,Adjektiv,nan,nan,0,B1,1737,feral,Mehrere Schafe des Bauern wurden von wilden Hunden gerissen.,The farmer had several of his sheep killed by feral dogs.
winken,Verb,nan,nan,0,B1,966,beckon,nan,nan
wirken,Verb,nan,nan,0,B1,18241,act,Der Zugang zum Binnenmarkt dürfte auf der ganzen Insel als kräftiger Anreiz für die wirtschaftliche Entwicklung wirken.,Access to the domestic market should act on the whole island as a powerful incentive for economic development.
Wirklichkeit,Substantiv,fem.,die,0,B1,456,reality,"Marys Traum, ins Ausland zu gehen, wurde schließlich Wirklichkeit.",Mary's dream of going abroad finally became a reality.
Wirkung,Substantiv,fem.,die,0,B1,983,effect,Aspirin hat keine Wirkung auf den Blutdruck.,Aspirin has no effect on blood pressure.
Wirt,Substantiv,mask.,der,0,B1,211,host,Er machte die Rechnung ohne den Wirt.,He had reckoned without his host.
Wirtin,Substantiv,fem.,die,0,B1,64,female innkeeper,nan,nan
Wirtschaft,Substantiv,fem.,die,0,B1,685,economics,"Wenn er über Wirtschaft spricht, ist er in seinem Element.",He is in his element when talking economics.
Wissen,Substantiv,neutr.,das,0,B1,1,knowledge,"Ist es notwendig, das menschliche Wissen durch die Erforschung des Weltraumes auszuweiten?",Is it necessary to expand human knowledge with space exploration?
Wissenschaftler,Substantiv,mask.,der,0,B1,641,scientist,Er ist Wissenschaftler.,He is a scientist.
Wissenschaftlerin,Substantiv,fem.,die,0,B1,136,scientist,Sie entwickelte sich zu einer großen Wissenschaftlerin.,She grew up to be a great scientist.
wohl,Adjektiv,nan,nan,0,B1,22036,possibly,"Was sonst könntest du mir wohl geben, das ich noch nicht habe?",What else could you possibly give me that I don't already have?
Wohnort,Substantiv,mask.,der,0,B1,11,residence,Das Wahllokal befindet sich in der Nähe deines Wohnorts.,The polling place is near your residence.
Wohnsitz,Substantiv,mask.,der,0,B1,127,abode,Sie haben keinen festen Wohnsitz.,They have no fixed abode.
Wolle,Substantiv,fem.,die,0,B1,209,wool,Diese Kleidung besteht aus 100 % Wolle.,These garments are made of 100 percent wool.
worum,Pronominaladverb,nan,nan,0,B1,4,about what,nan,nan
worüber,Pronominaladverb,nan,nan,0,B1,63,about what,Worüber?,About what?
Wunde,Substantiv,fem.,die,0,B1,354,injury,nan,nan
Wunder,Substantiv,neutr.,das,0,B1,291,miracle,Nur noch ein Wunder kann sie jetzt retten.,Nothing but a miracle can save her now.
wundern,Verb,nan,nan,0,B1,164,be surprised,"Überrascht sein, sich wundern, heißt anfangen, zu verstehen.","To be surprised, to wonder, is to begin to understand."
wunderschön,Adjektiv,nan,nan,0,B1,241,beautiful,Japan ist voll von wunderschönen Städten.,Japan is full of beautiful cities.
während,nan,nan,nan,0,B1,7072,during,"Ich habe während der Mittagspause ein wenig geschlafen, weil ich so müde war.",I slept a little during lunch break because I was so tired.
Wärme,Substantiv,fem.,die,0,B1,478,heat,Wärme ist eine Energieform.,Heat is a form of energy.
Wörterbuch,Substantiv,neutr.,das,0,B1,427,dictionary,In einem Wörterbuch wie diesem sollte es mindestens zwei Sätze mit Kühlschrank geben.,In a dictionary like this one there should be at least two sentences with fridge.
wütend,partizipiales Adjektiv,nan,nan,0,B1,283,angry,Er wird selten wütend.,It is rare for him to get angry.
zahlreich,Adjektiv,nan,nan,0,B1,1474,multitudinous,nan,nan
Zahlung,Substantiv,fem.,die,0,B1,306,payment,Ich ziehe die Zahlung in einer Summe einer Ratenzahlung vor.,I prefer payment in full to payment in part.
Zahnbürste,Substantiv,fem.,die,0,B1,31,toothbrush,Ich putze meine Zähne mit einer Zahnbürste.,I brush my teeth with a toothbrush.
Zahncreme,Substantiv,fem.,die,0,B1,nan,toothpaste,nan,nan
Zahncrème,Substantiv,fem.,die,0,B1,2,nan,nan,nan
Zahnpasta,Substantiv,fem.,die,0,B1,20,toothpaste,Wo ist die Zahnpasta?,Where's the toothpaste?
Zange,Substantiv,fem.,die,0,B1,65,pincers,nan,nan
Zeichen,Substantiv,neutr.,das,0,B1,1361,character,nan,nan
Zeichnung,Substantiv,fem.,die,0,B1,235,drawing,Ist das ein Bild von seiner eigenen Zeichnung?,Is this a picture of his own drawing?
Zeile,Substantiv,fem.,die,0,B1,314,line,"Sobald ich in Hokkaido ankomme, schicke ich dir ein paar Zeilen.","As soon as I get to Hokkaido, I'll drop you a line."
Zeitpunkt,Substantiv,mask.,der,0,B1,842,moment,Tom ist genau zum richtigen Zeitpunkt gekommen.,Tom arrived at just the right moment.
zelten,Verb,nan,nan,0,B1,16,camp,Auf dem Mond kann man nicht zelten.,You can't camp on the moon.
zentral,Adjektiv,nan,nan,0,B1,814,central,Die zentrale Lage erlaubt leichten Zugang zu Geschäften und Büros.,The central location gives easy access to stores and offices.
zerstören,Verb,nan,nan,0,B1,952,destroy,"Katja leugnete, dass sie eine Anarchistin war, indem sie behauptete, dass sie nur wünschte, Veränderung in unserer Regierung zu machen, nicht, sie zu zerstören.","Denying she was an anarchist, Katja maintained she wished only to make changes in our government, not to destroy it."
Zertifikat,Substantiv,neutr.,das,0,B1,77,certificate,"Wenn Sie das Seminar über das Thema Korruptionsbekämpfung in der Firma nicht besuchen möchten, können Sie einfach 200 Hrywen bezahlen und das Zertifikat erwerben.","If you don't want to attend classes in the seminar on the topic Fighting Corruption Inside the Enterprise, you can just pay 200 hryven' and receive the certificate."
Zeug,Substantiv,neutr.,das,0,B1,366,fabric,nan,nan
Zeuge,Substantiv,mask.,der,0,B1,752,witness,Er war der einzige Zeuge des Unfalls.,He was the only witness of the accident.
Zeugin,Substantiv,fem.,die,0,B1,102,witness,"Toms Anwalt rechnete nicht damit, dass die Geschworenen Maria als glaubwürdige Zeugin einstufen würden.",Tom's lawyer didn't think that the jury would think that Mary was a reliable witness.
ziemlich,Adjektiv,nan,nan,0,B1,963,pretty,"Das sieht ziemlich interessant aus, sagt Hiroshi.","This looks pretty interesting, Hiroshi says."
Zins,Substantiv,mask.,der,0,B1,219,interest,Sie zahlte den Mietpreis mit Zinsen.,She paid the rent with interest.
Zivilstand,Substantiv,mask.,der,0,B1,13,nan,nan,nan
Znüni,Substantiv,"neutr., mask.","das, der",0,B1,nan,nan,nan,nan
Zone,Substantiv,fem.,die,0,B1,330,zone,Lettland startete in das neue Jahr als frischgebackenes Mitglied der Eurozone und ist somit das achtzehnte Mitglied der Zone.,"Latvia has kicked off the new year by becoming a member of the Eurozone, and will thus be the eighteenth member of the zone."
zubereiten,Verb,nan,nan,0,B1,298,prepare,Soll ich dir eine warme Mahlzeit zubereiten?,Shall I prepare you a warm meal?
Zufall,Substantiv,mask.,der,0,B1,213,chance,Er überließ alles dem Zufall.,He left everything to chance.
zufällig,Adjektiv,nan,nan,0,B1,342,by chance,Ich habe dieses Buch zufällig gefunden.,I found the book by chance.
Zugang,Substantiv,mask.,der,0,B1,444,access,Sie gab mir Zugang zu ihren Aufzeichnungen.,She gave me access to her records.
zugehen,Verb,nan,nan,0,B1,182,approach,"Tom wartete bis zum Ende des Abends, ehe er auf Maria zuging.",Tom waited until the end of the evening to approach Mary.
zugänglich,Adjektiv,nan,nan,0,B1,362,accessible,Die Bücher sind allen Mitgliedern zugänglich.,These books are accessible to all members.
Zuhause,Substantiv,neutr.,das,0,B1,100,crib,nan,nan
Zuhörer,Substantiv,mask.,der,0,B1,180,listener,"Das Geheimnis, Menschen zu beeinflussen, liegt nicht so sehr darin, ein guter Redner sondern ein guter Zuhörer zu sein.",The secret of influencing people lies not so much in being a good talker as in being a good listener.
Zuhörerin,Substantiv,fem.,die,0,B1,10,female listener,nan,nan
Zukunft,Substantiv,fem.,die,0,B1,892,future,"Die Vergangenheit kann man nur kennen, nicht ändern.","The past can only be known, not changed."
zukünftig,Adjektiv,nan,nan,0,B1,227,from here on,nan,nan
zumindest,Adverb,nan,nan,0,B1,797,at least,"Du könntest zumindest versuchen, ein bisschen höflicher zu sein, auch wenn das nicht in deiner Natur liegt.","You could at least try to be a bit more polite, even though it's not like you."
zunehmen,Verb,nan,nan,0,B1,280,gain,Ich will nicht zunehmen.,I don't want to gain weight.
zunächst,nan,nan,nan,0,B1,1710,firstly,nan,nan
zurechtkommen,Verb,nan,nan,0,B1,91,cope,Jeder auf dieser Welt muss mit einer Menge von Schwierigkeiten zurechtkommen.,Everybody in this world has to cope with a lot of difficulties.
zusagen,Verb,nan,nan,0,B1,73,commit,nan,nan
zusammen-,Affix,nan,nan,0,B1,1,nan,nan,nan
Zusammenarbeit,Substantiv,fem.,die,0,B1,281,collaboration,"Interessiert daran, uns zu treffen und über eine mögliche Zusammenarbeit zu beraten?",Does it interest you to meet and discuss a possible collaboration?
zusammenfassen,Verb,nan,nan,0,B1,161,group,nan,nan
Zusammenhang,Substantiv,mask.,der,0,B1,1066,coherence,nan,nan
zuschauen,Verb,nan,nan,0,B1,90,watch,Ich möchte zuschauen.,I want to watch.
Zuschauer,Substantiv,mask.,der,0,B1,409,bystander,Ich bin nur ein unbeteiligter Zuschauer.,I'm just an innocent bystander.
Zuschauerin,Substantiv,fem.,die,0,B1,15,spectator,nan,nan
Zuschlag,Substantiv,mask.,der,0,B1,75,acceptance,nan,nan
Zustand,Substantiv,mask.,der,0,B1,2268,condition,"Natürlich, um wertvoll zu sein, muss der alte Teppich in einem guten Zustand bewahrt worden sein.","Of course, to be valuable, an old carpet must be in good condition."
zustimmen,Verb,nan,nan,0,B1,224,agree,Ich konnte seiner Meinung nicht zustimmen.,I couldn't agree with his opinion.
Zustimmung,Substantiv,fem.,die,0,B1,265,affirmation,nan,nan
zuständig,Adjektiv,nan,nan,0,B1,872,in charge of,Der Lehrer ist für die Klasse im dritten Jahr zuständig.,The teacher is in charge of the third-year class.
zusätzlich,Adjektiv,nan,nan,0,B1,1312,additional,Nichtmitglieder zahlen 50 Dollar zusätzlich.,Non-members pay an additional 50 dollars.
Zutat,Substantiv,fem.,die,0,B1,219,accessory,nan,nan
zuverlässig,Adjektiv,nan,nan,0,B1,252,reliable,Der Wetterbericht ist nicht unbedingt zuverlässig.,The weather forecast is not necessarily reliable.
Zvieri,Substantiv,neutr.,das,0,B1,7,mid-afternoon snack,nan,nan
zwar,Konjunktion,nan,nan,0,B1,2853,certainly,"Das ist zwar viel, aber trotzdem nicht genug.","That's certainly a lot, but still not enough."
Zweck,Substantiv,mask.,der,0,B1,1151,point,Was soll das für einen Zweck haben?,What's the point?
Zweifel,Substantiv,mask.,der,0,B1,409,doubt,Dieser Bericht lässt Zweifel zu.,This report admits of doubt.
zweifeln,Verb,nan,nan,0,B1,300,doubt,"Menschen, die lieben, zweifeln an nichts oder zweifeln an allem.","People who love doubt nothing, or doubt everything."
Zweitsprache,Substantiv,fem.,die,0,B1,39,L 2,nan,nan
Zwiebel,Substantiv,fem.,die,0,B1,206,bulb,nan,nan
zwingen,Verb,nan,nan,0,B1,2015,compel,nan,nan
zählen,Verb,nan,nan,0,B1,16441,count,Mein Sohn kann jetzt bis hundert zählen.,My son can count up to a hundred now.
Zünder,Substantiv,mask.,der,0,B1,33,fuse,nan,nan
Zündholz,Substantiv,neutr.,das,0,B1,14,match,nan,nan
ähnlich,Adjektiv,nan,nan,0,B1,3141,alike,Ken und sein Bruder sehen sich sehr ähnlich.,Ken and his brother are very much alike.
Änderung,Substantiv,fem.,die,0,B1,452,alteration,nan,nan
ängstlich,Adjektiv,nan,nan,0,B1,209,fearful,"Unser Hund ist nicht ängstlich, aber misstrauisch gegenüber Fremden.","Our dog is not fearful, but suspicious towards strangers."
Ärger,Substantiv,mask.,der,0,B1,283,aggro,nan,nan
ärgerlich,Adjektiv,nan,nan,0,B1,188,angry,"Es ist ganz natürlich, dass sie ärgerlich ist.",It is quite natural for her to get angry.
Ärztin,Substantiv,fem.,die,0,B1,155,doctor,Meine Frau ist eine Ärztin.,My wife is a doctor.
äußerlich,Adjektiv,nan,nan,0,B1,141,external,nan,nan
öffentlich,Adjektiv,nan,nan,0,B1,22370,public,"Er drohte damit, es öffentlich zu machen.",He threatened to make it public.
Öffentlichkeit,Substantiv,fem.,die,0,B1,577,public,"Mathe zu machen ist die einzige gesellschaftlich akzeptable Art, sich in der Öffentlichkeit selbstzubefriedigen.",Doing math is the only socially acceptable way to masturbate in public.
öfter,Komparativ,nan,nan,0,B1,254,nan,nan,nan
öko-,Affix,nan,nan,0,B1,nan,nan,nan,nan
ökologisch,Adjektiv,nan,nan,0,B1,1433,ecological,Der ökologische Fußabdruck eines Landes hängt eng mit dem ökonomischen Entwicklungsstand zusammen.,The ecological footprint of a country is closely related to its level of economic development.
über-,Affix,nan,nan,0,B1,2,nan,nan,nan
überfahren,Verb,nan,nan,0,B1,177,go through,nan,nan
überhaupt,Adverb,nan,nan,0,B1,1258,anyway,Warum willst du das überhaupt machen?,Why do you want to do that anyway?
überholen,Verb,nan,nan,0,B1,353,ferry over,nan,nan
überlegen,Verb,nan,nan,0,B1,731,consider,"Tom muss sich reiflich überlegen, ob er wirklich eine Scheidung will.",Tom must consider carefully whether he really wants a divorce or not.
Übernachtung,Substantiv,fem.,die,0,B1,45,over-night-stay,nan,nan
übernehmen,Verb,nan,nan,0,B1,1265,adopt,"Wenn Sie diese neue Vorgehensweise übernehmen, werden Sie Zeit sparen.",You will save time if you adopt this new procedure.
überprüfen,Verb,nan,nan,0,B1,428,check,"Die Franzosen sind echt ein seltsames Volk: Von denen, die diesen Satz lesen, wird jeder zweite überprüfen, ob das Leerzeichen vor dem Doppelpunkt auch wirklich ein schmales geschütztes ist.",The French are a really strange people: every other person who reads this sentence will check if the space before the colon is really thin and non-breaking.
überqueren,Verb,nan,nan,0,B1,393,cross,"Es ist sehr gefährlich, diese Straße zu überqueren.",It is very dangerous to cross this street.
überraschen,Verb,nan,nan,0,B1,457,surprise,Es überrascht mich nicht.,It doesn't surprise me.
Überraschung,Substantiv,fem.,die,0,B1,222,surprise,"Das ist keine große Überraschung, oder?","It's not much of a surprise, is it?"
überreden,Verb,nan,nan,0,B1,153,cajole,nan,nan
Überschrift,Substantiv,fem.,die,0,B1,135,heading,nan,nan
Übersetzer,Substantiv,mask.,der,0,B1,51,translator,Er arbeitet als Übersetzer.,He works as a translator.
Übersetzerin,Substantiv,fem.,die,0,B1,12,nan,nan,nan
Überstunde,Substantiv,fem.,die,0,B1,43,overtime,Ich musste gestern Überstunden machen.,I had to work overtime yesterday.
übertreiben,Verb,nan,nan,0,B1,68,exaggerate,Nimm es nicht wörtlich.,Don't take it literally.
Überweisung,Substantiv,fem.,die,0,B1,52,referral,nan,nan
überzeugen,Verb,nan,nan,0,B1,595,convince,Es ist schwer Jack zu überzeugen.,It is hard to convince Jack.
Überzeugung,Substantiv,fem.,die,0,B1,250,conviction,"Eine Meinung ist nur dann schockierend, wenn sie eine Überzeugung ist.",An opinion is shocking only if it is a conviction.
üblich,Adjektiv,nan,nan,0,B1,695,usual,"Wie bei jungen Mädchen üblich, mag Alice sehr gerne Schokolade.","As usual with young girls, Alice loves chocolate."
übrig,Adjektiv,nan,nan,0,B1,884,remaining,"Ein Fausthandschuh ist ein Handschuh, bei dem nur der Platz für den Daumen, nicht aber der für die vier übrigen Finger, gesondert gearbeitet ist.",A mitten is a glove shaped to separate only the thumb from the remaining four fingers.
übrigens,Adverb,nan,nan,0,B1,392,by the way,"Übrigens, woher bist du?","By the way, where are you from?"
Übung,Substantiv,fem.,die,0,B1,574,exercise,"Es ist notwendig, jeden Tag ein paar Übungen zu machen.",It is necessary to take some exercise every day.
